:020000040000FA
:10000000008D002041750000F5E801002575000015
:100010002575000025750000257500000000000012
:1000200000000000000000000000000061770000F8
:100030002575000000000000F57600002575000021
:10004000997A0000B51B0100997A0000997A0000A6
:10005000997A0000997A0000997A0000997A000054
:10006000997A0000997A0000997A0000997A000044
:10007000997A0000997A0000997A0000997A000034
:10008000997A0000997A0000997A0000997A000024
:10009000997A0000997A0000997A0000997A000014
:1000A000997A0000997A0000997A0000997A000004
:1000B000997A0000997A0000997A0000997A0000F4
:1000C000997A0000997A0000997A0000997A0000E4
:1000D000997A0000997A0000997A0000997A0000D4
:1000E000997A0000997A0000997A0000997A0000C4
:1000F000997A0000997A0000997A0000997A0000B4
:1001000001F0FF01102A2BDB10F0070F08D010F8C8
:10011000013B013A8B422DD010F0070F42B3F6D1CC
:10012000F0B441EA012141EA014122F007047FF0E5
:1001300000070023F0E80256083C85EA010586EA3C
:10014000010685FA47F5A3FA87F586FA47F6A5FA78
:1001500087F68EB9EED1F0BC01F0FF0102F0070284
:1001600032B110F8013B013A83EA010313B1F8D12F
:100170000020704701387047002D06BF3546033810
:10018000073815F0010F07D1013015F4807F02BF49
:10019000013015F4C03F0130F0BC0138704700BF9A
:1001A00081F0004102E000BF83F0004330B54FEA28
:1001B00041044FEA430594EA050F08BF90EA020F95
:1001C0001FBF54EA000C55EA020C7FEA645C7FEA28
:1001D000655C00F0E2804FEA5454D4EB5555B8BF4B
:1001E0006D420CDD2C4480EA020281EA030382EABC
:1001F000000083EA010180EA020281EA0303362D4E
:1002000088BF30BD11F0004F4FEA01314FF4801C20
:100210004CEA113102D0404261EB410113F0004F32
:100220004FEA03334CEA133302D0524263EB4303E9
:1002300094EA050F00F0A780A4F10104D5F1200E87
:100240000DDB02FA0EFC22FA05F2801841F10001E2
:1002500003FA0EF2801843FA05F359410EE0A5F1B6
:1002600020050EF1200E012A03FA0EFC28BF4CF0E7
:10027000020C43FA05F3C01851EBE37101F000459D
:1002800007D54FF0000EDCF1000C7EEB00006EEBAA
:100290000101B1F5801F1BD3B1F5001F0CD3490834
:1002A0005FEA30004FEA3C0C04F101044FEA44528B
:1002B00012F5800F80F09A80BCF1004F08BF5FEA12
:1002C000500C50F1000041EB045141EA050130BDF2
:1002D0005FEA4C0C404141EB0101013C28BFB1F504
:1002E000801FE9D291F0000F04BF01460020B1FA4F
:1002F00081F308BF2033A3F10B03B3F120020CDA22
:100300000C3208DD02F1140CC2F10C0201FA0CF0FF
:1003100021FA02F10CE002F11402D8BFC2F1200C64
:1003200001FA02F120FA0CFCDCBF41EA0C0190401A
:10033000E41AA2BF01EB0451294330BD6FEA040463
:100340001F3C1CDA0C340EDC04F11404C4F120024E
:1003500020FA04F001FA02F340EA030021FA04F360
:1003600045EA030130BDC4F10C04C4F1200220FAB7
:1003700002F001FA04F340EA0300294630BD21FAF5
:1003800004F0294630BD94F0000F83F4801306BFBB
:1003900081F480110134013D4EE77FEA645C18BFAF
:1003A0007FEA655C29D094EA050F08BF90EA020F46
:1003B00005D054EA000C04BF1946104630BD91EA3E
:1003C000030F1EBF0021002030BD5FEA545C05D141
:1003D0004000494128BF41F0004130BD14F5800480
:1003E0003CBF01F5801130BD01F0004545F0FE41F4
:1003F00041F470014FF0000030BD7FEA645C1ABF29
:10040000194610467FEA655C1CBF0B46024650EA5F
:10041000013406BF52EA033591EA030F41F400218B
:1004200030BD00BF90F0000F04BF0021704730B511
:100430004FF4806404F132044FF000054FF00001E6
:1004400050E700BF90F0000F04BF0021704730B5A7
:100450004FF4806404F1320410F0004548BF40427C
:100460004FF000013EE700BF42004FEAE2014FEAD1
:1004700031014FEA02701FBF12F07F4393F07F4FAC
:1004800081F06051704732F07F4208BF704793F0AF
:100490007F4F04BF41F40021704730B54FF46074C2
:1004A00001F0004521F000411CE700BF50EA0102C5
:1004B00008BF704730B54FF000050AE050EA01026E
:1004C00008BF704730B511F0004502D5404261EBDE
:1004D00041014FF4806404F132045FEA915C3FF41F
:1004E000D8AE4FF003025FEADC0C18BF03325FEABC
:1004F000DC0C18BF033202EBDC02C2F1200300FA6D
:1005000003FC20FA02F001FA03FE40EA0E0021FA91
:1005100002F11444BDE600BF70B54FF0FF0C4CF47F
:10052000E06C1CEA11541DBF1CEA135594EA0C0F31
:1005300095EA0C0F00F0DEF82C4481EA030621EA6C
:100540004C5123EA4C5350EA013518BF52EA0335A7
:1005500041F4801143F4801338D0A0FB02CE4FF059
:100560000005E1FB02E506F00042E0FB03E54FF089
:100570000006E1FB03569CF0000F18BF4EF0010E81
:10058000A4F1FF04B6F5007F64F5407404D25FEA7D
:100590004E0E6D4146EB060642EAC62141EA555130
:1005A0004FEAC52040EA5E504FEACE2EB4F1FD0C72
:1005B00088BFBCF5E06F1ED8BEF1004F08BF5FEAF0
:1005C000500E50F1000041EB045170BD06F00046A2
:1005D00046EA010140EA020081EA0301B4EB5C044F
:1005E000C2BFD4EB0C0541EA045170BD41F4801147
:1005F0004FF0000E013C00F3AB8014F1360FDEBF6C
:10060000002001F0004170BDC4F10004203C35DA47
:100610000C341BDC04F11404C4F1200500FA05F3CA
:1006200020FA04F001FA05F240EA020001F000426B
:1006300021F0004110EBD37021FA04F642EB0601E1
:100640005EEA430E08BF20EAD37070BDC4F10C040B
:10065000C4F1200500FA04F320FA05F001FA04F2CF
:1006600040EA020001F0004110EBD37041F10001BB
:100670005EEA430E08BF20EAD37070BDC4F12005C6
:1006800000FA05F24EEA020E20FA04F301FA05F22E
:1006900043EA020321FA04F001F0004121FA04F2D6
:1006A00020EA020000EBD3705EEA430E08BF20EAA6
:1006B000D37070BD94F0000F0FD101F000464000E0
:1006C00041EB010111F4801F08BF013CF7D041EA62
:1006D000060195F0000F18BF704703F00046520066
:1006E00043EB030313F4801F08BF013DF7D043EA37
:1006F0000603704794EA0C0F0CEA135518BF95EAED
:100700000C0F0CD050EA410618BF52EA4306D1D173
:1007100081EA030101F000414FF0000070BD50EA92
:10072000410606BF1046194652EA430619D094EA1C
:100730000C0F02D150EA013613D195EA0C0F05D106
:1007400052EA03361CBF104619460AD181EA03015A
:1007500001F0004141F0FE4141F470014FF0000012
:1007600070BD41F0FE4141F4780170BD70B54FF0AD
:10077000FF0C4CF4E06C1CEA11541DBF1CEA13552D
:1007800094EA0C0F95EA0C0F00F0A7F8A4EB05040F
:1007900081EA030E52EA03354FEA013100F0888006
:1007A0004FEA03334FF0805545EA131343EA1263CF
:1007B0004FEA022245EA111545EA10654FEA002684
:1007C0000EF000419D4208BF964244F1FD0404F53D
:1007D000407402D25B084FEA3202B61A65EB030599
:1007E0005B084FEA32024FF480104FF4002CB6EB56
:1007F000020E75EB030E22BFB61A754640EA0C00D6
:100800005B084FEA3202B6EB020E75EB030E22BF15
:10081000B61A754640EA5C005B084FEA3202B6EB56
:10082000020E75EB030E22BFB61A754640EA9C0015
:100830005B084FEA3202B6EB020E75EB030E22BFE5
:10084000B61A754640EADC0055EA060E18D04FEAA3
:10085000051545EA16754FEA06164FEAC30343EA43
:1008600052734FEAC2025FEA1C1CC0D111F4801F10
:100870000BD141EA00014FF000004FF0004CB6E709
:1008800011F4801F04BF01430020B4F1FD0C88BFA8
:10089000BCF5E06F3FF6AFAEB5EB030C04BFB6EBB3
:1008A000020C5FEA500C50F1000041EB045170BDA6
:1008B0000EF0004E4EEA113114EB5C04C2BFD4EBD3
:1008C0000C0541EA045170BD41F480114FF0000E57
:1008D000013C90E645EA060E8DE60CEA135594EAD3
:1008E0000C0F08BF95EA0C0F3FF43BAF94EA0C0FD6
:1008F0000AD150EA01347FF434AF95EA0C0F7FF44B
:1009000025AF104619462CE795EA0C0F06D152EA9E
:1009100003353FF4FDAE1046194622E750EA410682
:1009200018BF52EA43067FF4C5AE50EA41047FF493
:100930000DAF52EA43057FF4EBAE12E74FF0FF3CF8
:1009400006E000BF4FF0010C02E000BF4FF0010CC9
:100950004DF804CD4FEA410C7FEA6C5C4FEA430C42
:1009600018BF7FEA6C5C1BD001B050EA410C0CBF91
:1009700052EA430C91EA030F02BF90EA020F0020F3
:10098000704710F1000F91EA030F58BF994208BF5A
:1009900090422CBFD8176FEAE37040F00100704717
:1009A0004FEA410C7FEA6C5C02D150EA013C07D16E
:1009B0004FEA430C7FEA6C5CD6D152EA033CD3D0B9
:1009C0005DF8040B704700BF8446104662468C46B3
:1009D0001946634600E000BF01B5FFF7B7FF0028E6
:1009E00048BF10F1000F01BD4DF808EDFFF7F4FF0F
:1009F0000CBF012000205DF808FB00BF4DF808ED9A
:100A0000FFF7EAFF34BF012000205DF808FB00BFBC
:100A10004DF808EDFFF7E0FF94BF012000205DF8DE
:100A200008FB00BF4DF808EDFFF7CEFF94BF012093
:100A300000205DF808FB00BF4DF808EDFFF7C4FF8C
:100A400034BF012000205DF808FB00BF4FEA410CD5
:100A50007FEA6C5C02D150EA013C0AD14FEA430CB8
:100A60007FEA6C5C02D152EA033C02D14FF00000F5
:100A700070474FF0010070474FEA410212F5001233
:100A800015D211D56FF47873B3EB625212D94FEAD5
:100A9000C12343F0004343EA505311F0004F23FABF
:100AA00002F018BF404270474FF00000704750EA14
:100AB000013005D111F0004008BF6FF000407047D1
:100AC0004FF00000704700BF53B94AB9002908BF72
:100AD00000281CBF4FF0FF314FF0FF3000F00CB882
:100AE000ADF1080C6DE904CE00F01AF8DDF804E071
:100AF000DDE9022304B07047704700BF10F8012BF6
:100B000011F8013B012A28BF9A42F7D0D01A70474A
:100B1000034613F8012B002AFBD1181A013870473D
:100B20002DE9F04786468C460846089E15467446D1
:100B30001946002B40F0C2808542B2FA82F245D9B4
:100B40004AB1C2F1200300FA02FC2EFA03F39540E9
:100B500043EA0C0C94404FEA154EA8B2BCFBFEF8D9
:100B6000230C0EFB18CC08FB00F943EA0C43994513
:100B700028D9EB1808F1FF3704D2994502D9A8F11A
:100B800002072B44A3EB0903A4B2B3FBFEFC0EFB4C
:100B90001C330CFB00F044EA0344A04214D92C1986
:100BA0000CF1FF3304D2A04202D9ACF102032C4471
:100BB000241A43EA07401EB1D44000233460736016
:100BC000BDE8F0874746DDE76346F1E792BB431B8C
:100BD00001214FEA154EAFB2B3FBFEFC200C0EFB19
:100BE0001C330CFB07F840EA0343984562D9EB1825
:100BF0000CF1FF3004D2984502D9ACF102002B442D
:100C0000A3EB0803A4B2B3FBFEFC0EFB1C330CFBEE
:100C100007F744EA0344A7424ED92C190CF1FF33DD
:100C200004D2A74202D9ACF102032C44E41B43EAEC
:100C30000040C0E7C2F1200320FA03F19540904044
:100C40002EFA03F303434FEA154EAFB2B1FBFEFC9D
:100C50000EFB1C10190C0CFB07F841EA00418845FB
:100C600004FA02F422D969180CF1FF3004D2884545
:100C700002D9ACF102002944A1EB08019BB2B1FBFF
:100C8000FEFC0EFB1C110CFB07F743EA01439F42DD
:100C90000ED9EB180CF1FF3104D29F4202D9ACF10E
:100CA00002012B44DB1B41EA004192E76046E3E787
:100CB0006146F7E76046A3E76346B7E7834206D994
:100CC00016B9002108467BE7C6E900E0F9E7B3FA68
:100CD00083F78FB9834201D3724508D8BEEB020473
:100CE00060EB030301209C461EB9002168E73846EB
:100CF000FAE7C6E9004CF8E7C7F1200CBB4022FA3E
:100D00000CF41C432EFA0CF120FA0CF3B84001430A
:100D10004FEA14490EFA07F5B3FBF9F81FFA84FEFF
:100D200009FB18300B0C08FB0EFA43EA00439A4506
:100D300002FA07F240D9E31808F1FF3004D29A45CD
:100D400002D9A8F102002344A3EB0A0389B2B3FB42
:100D5000F9F809FB183308FB0EFE41EA03418E4502
:100D60002CD9611808F1FF3304D28E4502D9A8F1BD
:100D70000203214443EA0040A0FB0298A1EB0E01CC
:100D80004145CE46434602D306D14D4504D2B9EB88
:100D9000020E68EB04030138002EA6D0B5EB0E025C
:100DA00061EB030101FA0CFC22FA07F34CEA03039E
:100DB000F940C6E9003198E74046C5E74346D9E720
:100DC0002DE9F04F9FB08246039117461C4600253F
:100DD000387810B9284600F0A6BD252809D0039917
:100DE000D0470028C0F29F857B1C01350593059FE5
:100DF000EEE71822002110A81EF0DBFD7B78252BE2
:100E000000F0BC800023791C98469E469C461846FC
:100E10000E4611F8012B2B2A00F0E38000F2DA8055
:100E2000202A00F0E180232A00F0E1802BB19DF818
:100E3000483043F040038DF84830B8F1000F05D03A
:100E40009DF8483043F020038DF84830BEF1000F84
:100E500005D09DF8483043F010038DF84830BCF1C0
:100E6000000F05D09DF8483043F008038DF8483056
:100E700028B19DF8483043F004038DF848309DF8C0
:100E8000483003F04401442903D16FF386138DF8F1
:100E900048309DF848300E9643F080032A2A8DF89A
:100EA000483040F0A9809DF8493043F001038DF8A7
:100EB0004930731C1A782E2A9DF849200CBF012155
:100EC000002161F341028DF849200CD15A1C0E9289
:100ED0005A782A2A40F0A0809DF8492042F0040266
:100EE0008DF8492002331A786C2A00F0C18000F294
:100EF000A380682A00F0A9806A2A00F0C2804C2AE8
:100F000000F0C78013F8012B0593782A8DF84B2049
:100F100000F209816D2A00F2C980692A00F203817A
:100F2000572A00F2E280412A04D0A2F14503022BA5
:100F300000F2F9809DF84A3002F0DF020421A2F1AC
:100F4000410961F30203D9F100029DF849108DF8BF
:100F50004A3042EB090262F3C7110A068DF84910C4
:100F6000CBB200F11F8103F07802182A40F009810A
:100F70006FF3C6038DF849300023F8E08DF84B304D
:100F8000BB1C05939DF849309DF84A20DE0702F00E
:100F9000070040F1098154F8041B0491002908DA84
:100FA0009DF8481041F004018DF848100499494219
:100FB0000491590740F1008154F8046B002E80F22F
:100FC000FF809DF849306FF341038DF849304FF0B1
:100FD000FF36F5E02D2A0DD0302A7FF427AF01230C
:100FE00016E74FF0010C13E74FF0010E10E74FF03A
:100FF00001080DE701200BE70EA804F059F80E9B3D
:10100000B3423FF457AF9DF848201390C00F60F3F0
:1010100041028DF848204DE70EA804F049F89DF8EC
:1010200048301490C3F3400242EAD07262F34103A5
:101030008DF848300E9B56E7742A26D07A2A7FF422
:1010400061AF9DF8492006210CE05A78682A9DF886
:10105000492006D1012161F3C6028DF849200233EF
:1010600050E7022161F3C6028DF84920013349E7B8
:101070005A786C2A9DF8492001D10421EBE703211D
:10108000F0E79DF849200521ECE79DF8492007216C
:10109000E8E7BDF8482022F4F04222F0020242F4D0
:1010A000804242F00202ADF84820DFE76E3AD3B248
:1010B00001229A4040F282431A429DF8493039D1C8
:1010C00012F0240F61D1D1072DD59DF84A2003F0ED
:1010D0007803A3F14008032161F30202D8F1000371
:1010E0008DF84A2043EB080341E0A2F15801C9B250
:1010F000012000FA01F111F4624F7FF41BAF40F6BA
:10110000010319429DF849301AD111F4043F0AD065
:101110009DF84A2060F3020203F07803402B8DF81B
:101120004A207FF429AF9DF8483043F001038DF841
:10113000483021E79DF84A20022161F30202EBE7E3
:101140009DF84A10022003F0780360F30201402B5F
:101150008DF84A1002BF9DF8481041F001018DF84A
:101160004810632A7FF408AF003B18BF01239DF8A5
:101170004820C2F340010B4363F341028DF848203D
:1011800000E713F0380FCED1F6E69DF84A20032190
:1011900013F0780F61F302028DF84A2014BF012387
:1011A0000023E4E70123E2E79DF948100029B4BFDA
:1011B00013994FF0FF31FBE69E077FF508AF149EB1
:1011C00000230428CDE913339DF8493007D199074E
:1011D00005D49DF949100029ACBF06260D2602F062
:1011E0000702012AC3F3C30332D1DA1E042A04D84A
:1011F000DFE802F02045452020002268012B4FEA5D
:10120000E271CDE910211BD19DF94020D117CDE924
:10121000102104349DF84820069292074FD0059B78
:1012200003993A4650461DF041F80028C0F27B83EE
:101230000544DCE554F8042BD117CDE91021E9E78A
:10124000022BE6D111B242F3C032CDE91012E0E731
:10125000022A24D1DA1E042A04D8DFE802F018108A
:1012600010181800012B54F8042B4FF0000114D073
:10127000022BCDE91021CDD192B21092CAE70734EA
:1012800024F00704F4E80201CDE91001C2E754F8A4
:10129000042B109200221192BCE7D2B2CDE7042AAF
:1012A00008D1073424F00704D4E900010834CDE95B
:1012B0001001AFE7032AADD154F8042BDDE79DF808
:1012C0004B80B8F1780F3FF692ADB8F1570F5CD86C
:1012D000B8F1250F00F0A480B8F1240F7FF687AD98
:1012E000B8F1410F04D0A8F14503022B3FF67FADC2
:1012F000DDE91023002BC0F24D810699080700F1AB
:101300004C81C1F300194FEA4919C3F30A51C3F3E1
:101310001303002940F0448152EA030014BF4FF048
:10132000010C4FF0000CD80240EA5250D702CDE930
:101330000C70B8F1460F47EA010740EAE17008BFB8
:101340004FF06608384300F0B881BCF1000F10D0B0
:101350001B0343EA125317033A4618464FF0000C9A
:10136000002880F25681BCF1000F40F05981CDE990
:101370000C730D9B43F00043A1F2FE3B0D93002143
:10138000DDE90C230F46052060E1A8F15802202A70
:101390003FF62DAD01A151F822F000BF6715000006
:1013A000EF0D0000EF0D0000EF0D0000EF0D00004D
:1013B000EF0D0000EF0D0000EF0D0000EF0D00003D
:1013C000F1120000EF0D00001315000027150000BA
:1013D000F1120000F1120000F1120000EF0D000008
:1013E00027150000EF0D0000EF0D0000EF0D0000CD
:1013F000EF0D00006D15000067150000B714000028
:10140000EF0D0000EF0D000031140000EF0D0000A3
:1014100067150000EF0D0000EF0D000067150000DC
:1014200003994046D0470028C0F27D820135DEE4B2
:10143000002E109F3BDB314638461EF00DFC002F7E
:101440003FF4D5AC3E18F31B4FF000099DF84A203D
:1014500012F01001069100F05B82023312F040029C
:10146000DDF84C80089218BF149ACDF81C804344D4
:1014700018BF9B18049A002A40F36582D31A9DF87E
:10148000482004935007C2F3800B00F15C825106A0
:1014900040F14C82B9F1000F07D003994846D0477C
:1014A0000028C0F240820135D94630223FE238465A
:1014B000FFF72EFBC6E71098002800F024820DF1FC
:1014C0007503009312AA17AB002103F007FEBDF8C5
:1014D0004A3003F0EF0343F4F04343F010030746B0
:1014E000ADF84A304FF00009002E0CDB9DF8482083
:1014F0000DF17503DB1B6FF386129E428DF84820B9
:1015000001D9F31A1393002F3FF471AC0DF1750656
:101510006DE0109B8DF85C304FF000090DF15D0619
:1015200017AF012392E7069B1F0758BFC3F30019AB
:10153000DDE9102354BF4FEA49194FF02B09002B66
:1015400006DA524263EB4303CDE910234FF02D0935
:101550000DF175030093DDE9100117AB12AA03F03A
:10156000BDFD0746C0E74FF00009F1E7109A072BD1
:101570003FF63DACDFE803F00C04060C08080C0C49
:10158000157034E4158032E4EB17C2E900532EE401
:1015900015602CE44FF02D09B7E64FF02B09B4E6A7
:1015A00040F2FF70814231D108F10108A2495FFA8F
:1015B00088F8134311F8081001F003011ED1012926
:1015C0000BBF492369234E216E210CBF46226622A0
:1015D0008DF85C309DF848308DF85D106FF3861300
:1015E0008DF85E208DF848300DF15F0617AFF31BC4
:1015F000B9F1000F3FF42AAF013327E7012915BFE6
:101600006E234E23612141211A46E1E74FF0000C81
:1016100089E6921801F1FF3140414FF0010C9FE63D
:10162000CDE90C20A5E6520842EAC3725B08B3F18B
:10163000333F59460BF1010BF5D200FB03FCA2FB33
:10164000002301F1020B6344013F01211BF1020F52
:10165000E9DB09B1CDE90C23BBF1000FDDE90C3268
:101660002EDCCBF10401A1F120000BF11C0B02FADE
:101670000BFB22FA00F0CA40CB40079208F0DF02D1
:1016800043EA0B03472A43EA00037DD1F91C01DB3F
:10169000BE422BDAA8F10208002E5FFA88F87CDD42
:1016A0009DF84820920606F1FF3676D4B6F1000B7D
:1016B00018BF4FF0010B721C27E04FF0000B5EE6E5
:1016C000023342F100020CA8CDE90C321CF0BFFD40
:1016D000DDE90C320BF1FF3B0137DB185241002AE8
:1016E0000BF1FF3BF9DACDE90C32B5E79DF8482064
:1016F0009006A6EB07064DD4B6F1000B18BF4FF0CD
:10170000010BF2194FF066084AD4102AA8BF102224
:101710009FED477B8DED0E7B10200B90DDE90E01D8
:10172000002A3FD1079A1B1842EB0101B1F1805FFB
:1017300047D2CDE90C31069BB8F1660F03F02002C9
:1017400040F0C180002F47DC30238DF85C30002A48
:1017500074D1002E40F3BA812E238DF85D3087B10D
:101760007B42B342A8BF33469DF84A201393002B17
:10177000A6EB0306D4BF0023012363F345128DF8C3
:101780004A200DF15E0340E0B8F1660F4FF0000B08
:10179000B7D090E74FF0000BB3E74FF0000B8AE7AC
:1017A0000022B5E7400840EAC1704908CDE90E01C2
:1017B0000EA8CDE908231CF04AFD089A099B013ABE
:1017C000ACE75B0843EAC1730CA84908CDE90C31CA
:1017D00001371CF03CFDAEE717AB0B9900290BDD80
:1017E0000BA90CA8CDE906321CF049FD069B079A0F
:1017F00003F8010B013FF0D11397AAB9002E40F373
:1018000063812E2103F8011B0027002E1FDD0B9A98
:10181000002A1CDD0BA90CA806931CF030FD069BCA
:10182000013E03F8010BF0E72E2203F8012BEBE752
:101830000000000000000008235B02002E238DF84A
:101840005D30002F9DD0002E8ADC0DF15E03BBF1D0
:10185000000F4CD114961E4608F0DF03452B21D112
:10186000002FBABF7F422D232B23632FC8BF6422D2
:101870007370C2BFB7FBF2F303F1300102FB1377C1
:101880004FF00A0286F80080CABFB17002360336F4
:10189000B7FBF2F303F1300102FB13733033317005
:1018A00073700236139B002B2BDC149B002BD4BFD0
:1018B000002301239DF84A2063F3861200238DF84C
:1018C0004A20337092E60BA90CA806921CF0D7FCB4
:1018D000069A8DF85C00302818BF07F1FF3712B95F
:1018E000002E40F3F3802E238DF85D3049E71E462D
:1018F000013B16F8012C302AF9D02E2A08BF1E46CB
:10190000AAE70123D6E7734E8146771F05239DE59D
:10191000110748BF0133A1E5104609920399D0474A
:101920000028099A05DA1FB0BDE8F08F2022DDF803
:1019300010B0594600290BF1FF3BEDDC049BCDF8BC
:1019400010B02B445D1AB9F1000F05D00399484639
:10195000D0470028E7DB0135089B002B79D09DF9A3
:101960004930002B29DBDFF870913B46187819F8D5
:10197000002052079B4603F101033FD49DF84A30F3
:10198000EF1B98065F4407D44246002A08F1FF384F
:101990003BDC079B3B449F1A9BF800002E280AD192
:1019A0000399D0470028BEDBB8F1000F07F101070B
:1019B00031DC0BF1010B5D4638E0B94699F80000C7
:1019C0007028C84609F1010913D1EF1B149D474443
:1019D0003D44EB1B002B34DC039933464246504612
:1019E0001CF064FC00289EDB3844049E0546064437
:1019F00065E00399D0470028E0DA94E7069303995D
:101A0000D0470028069BB1DA8DE703993020D047F4
:101A10000028B9DA87E703993020D04708F1FF386A
:101A2000C0E70399D0470028FFF67DAF287819F862
:101A300000305907A84605F10105F2D4A7EB0B07C2
:101A4000C4E703993020D0470028FFF66CAF013778
:101A5000BFE79DF84A30DA0601D41B0706D5039983
:101A60003020D0470028FFF65EAF0135069B3BB122
:101A700003999DF84B00D0470028FFF654AF01357D
:101A8000A84406E003993020D0470028FFF64BAF6A
:101A90000135A8EB0503002BF4DC039933463A46E5
:101AA00050461CF003FC0028FFF63DAF28449CE79D
:101AB00003992020D0470028FFF635AF0135731B6E
:101AC000002BF5DCFFF793B91746C0E60DF15D0377
:101AD000BDE600BF52280200245B020000000000A7
:101AE0002DE9F843D0E90638456903EB08042F34A3
:101AF000A5420F46164619D8DFF87080A3FB0801EF
:101B000017A3D3E90023FEF7DFFF0346601BA0FB0A
:101B1000080123F07F4412A3D3E90023FEF7D4FF8A
:101B200020F07F403C603060BDE8F883DFF83C90F7
:101B30000BA3D3E90023A5FB0901FEF7C5FF20F0A5
:101B40007F4409480A2106A3D3E90023E8FB0901E1
:101B5000FEF7BAFF20F07F403C603060BDE8F883BC
:101B60008D49FD1A0700000000166BF100CA9A3B70
:101B700070B5234C9DF810E094F846C01CF0020F9D
:101B800036D1460816F0040532D149B363F3830C0D
:101B9000400194F82030A1864FEACE0E0EF0180EC8
:101BA00000F0200040EA0E0023F03803184394F8B8
:101BB0002C3084F82000134884F846C066F30203F2
:101BC00084F82C309121A2FB000301FB02310AA30F
:101BD000D3E90023FEF778FFC4E90E00284670BD64
:101BE00094F82C3065F3020384F82C30284670BD3D
:101BF0000C25284670BD00BF8D49FD1A0700000066
:101C0000A8200020002AE7842DE9F04390F8463010
:101C100090F82020464D6FF30003044600F12D019B
:101C2000C3F3800060F386128DB084F8463084F8E8
:101C300020200AF049FC94F82020A38E3D48E4615E
:101C400002F079024FF0000984F820209121A3FBD3
:101C50000002C4E9059984F8009001FB032132A336
:101C6000D3E90023FEF730FFE26BC4F8049002F1E1
:101C70000E03984288BF1946A4EB05052E4BC4F805
:101C80000C904FEA95059CBF4A460146A3FB0535DB
:101C90003123A2632161A36006460AF0D7FB4F46B9
:101CA0000DF12C08CDF8208006940397A38E00F147
:101CB0000E0920489121A3FB000201FB03212369A7
:101CC00004931E4B07931E4B059302230B9316A3FD
:101CD000D3E90023FEF7F8FE104619464FF47A7256
:101CE0000023FEF7F1FEC5F387050235EDB2CDE91D
:101CF000016003214B462A46009738460AF0B2FAA3
:101D000041460BF093F940B994F8463043F0020392
:101D100084F846300DB0BDE8F0830C200DB0BDE86E
:101D2000F08300BFAFF300808D49FD1A070000006B
:101D3000A8200020002AE784310CC33091C50000A0
:101D4000F1F70000000000002DE9F04F0B79092B9E
:101D500093B00C46074600F04C820D2B00F0E78153
:101D6000062B17D0084A0949094840F247131CF0CE
:101D7000BDFA002383F31188BFF36F8F0323184646
:101D800002DF13B0BDE8F08FB40F0200980A020022
:101D9000100A0200D1F808B0DBF808306BB1C24A73
:101DA000C249C34892231CF0A1FA002383F311888F
:101DB000BFF36F8F0323184602DFDBF8008098F82B
:101DC00049301D0754BFD8F85030002340460B93CC
:101DD0000EF044F80230C3B20E93637E27600025F4
:101DE00065F3C713637694F82130E560002B00F0AB
:101DF000E783CDE90C5501220F92A9462E4694F8AF
:101E00002220910600F0398294F9232094F823309F
:101E1000002AC0F2C681DA0704F1240A0AD50B9A17
:101E200032B198F8492002F03002202A40F03E8377
:101E300004F12A0A980748BF0AF1060A590748BF61
:101E40000AF1010A13F0080216BF514611460AF1C1
:101E5000020A13F0100216BFCDF840A010920AF14A
:101E6000030A9A0618D50AF11202002E00F07A82AF
:101E70000B98002800F07682002900F073824978E0
:101E80001192090940460FF0A3F8119A002840F07A
:101E9000ED8394F82330924694F82210580648BFF8
:101EA0000AF1010AC1F3050104F122030131AAEB91
:101EB0000303DBB2C9B28B429EBFCB1ADAB20B4628
:101EC00094F8211088BF0022994288BFCB1A21794B
:101ED0008CBFDBB200230D2900F01E82109A002A6D
:101EE00000F0248290785178020202F4F8520A43FA
:101EF00000F01C82002D40F0CB824009022800F245
:101F0000668300F0648310980F9D90F9000094F8A8
:101F10002110002805F00300084400F10900C5F372
:101F200040014FEAC000ACBF1E254FF49675C84073
:101F300005FB02FA05EB0A0100F5967291420F903B
:101F4000C0F02F81002E00F0EF83B9F1000F00F0F8
:101F5000BF83D9F80010B1F8F42013449BB2FE2BD4
:101F6000A1F8F430A38304D9A37E13F0010300F099
:101F700031840C9910980B79027862F305030B7188
:101F800082780123084652094979934063F302019C
:101F90004171A37EDB0700F1EE83BBF1000F00F07F
:101FA000A582B8F1000F00F0358498F8463013F0A0
:101FB000010340F00582CBF80830109B0C9A1B7887
:101FC0005079DFF8FC9013F0400F14BF32274FF424
:101FD000FA77384B07FB0AF7A3FB0737BF0C07F16B
:101FE0002F0305EB43039360012100F0070010F07D
:101FF00037FA31226369B26000250C9A7560F5608A
:102000005279A3F12F080F9BA8EB030802F00303FA
:1020100003F58473C2F34002DB00D340D04403F5E0
:10202000EA730344A8EB000823480721E3FB0901F6
:102030001BA3D3E90023FEF747FDA8EB070820F018
:102040007F4017A3D3E900233061A8FB0901FEF705
:102050003BFD2A4620F07F470221012008F0D2FFF5
:102060000E9BFF2B30D0CDE900551A4623693F3B2C
:102070003B44012128460AF063F910F0FD0F23D0FC
:10208000094A0E490A4840F20E331CF02FF985F335
:102090001188BFF36F8F032314E000BFAFF30080FC
:1020A0008D49FD1A07000000B40F02005010020015
:1020B000100A020083DE1B438C49FD1A2C1102001A
:1020C00000CA9A3B184602DFB3493C22304608F06A
:1020D00033FFB24A2369CDE90726B14ACDE9052687
:1020E000316900970024C21CCDE90341CDE90144C8
:1020F0003F3BD2B2012120460AF0B4F810F0FD0FA8
:102100000DD0A84AA849A94840F21E331CF0EEF8A9
:1021100084F31188BFF36F8F0323184602DF012277
:102120000221104613B0BDE8F04F08F06BBFD1F8A4
:102130000890D9F83C3073B19A4A9D499B484FF4B6
:1021400094731CF0D3F8002383F31188BFF36F8FCF
:102150000323184602DFD9F8005028460EF0D4FEBB
:10216000E368E080284699F80B600D930EF0CCFEF2
:10217000637E2760002565F3C713637694F82130EA
:10218000E56006F00706002B69D10B9398461E46C2
:10219000D9F80020B2F8F40000210344A383A2F888
:1021A000F4100B9B002B00F0DF8098F8493003F00F
:1021B0003003202B00F0878098F849306FF3051327
:1021C00088F84930002E6DD0336B002B00F0008171
:1021D00098F84620D10700F1F581DC603463B46AD9
:1021E000002C00F04481304613B0BDE8F04F0EF0F3
:1021F00039B88B680C931A46674B16689E4266D1B5
:10220000D6F828B0BBF1000F00F063833C223146C2
:10221000304608F091FE0330C3B20E93DBF8005055
:1022200028460DF037FE8046002800F0AE810C9B5A
:102230005A7990F8493002F00702180754BFD8F8CD
:1022400050300023012A0B9300F02081022A00F075
:10225000D380544A5749554840F2051387E5043066
:10226000C2B20E9294F822200F969106AB460B95BF
:10227000A8462E460C957FF4C7AD013BDBB2B9F101
:10228000000F85D1002E40F0CA80A3830B9B4BB179
:1022900098F8493003F03002202A03D06FF3051379
:1022A00088F84930214638460AF07CFE0D9A2AB15A
:1022B00001231068137111460AF074FE13B0BDE8D3
:1022C000F04F0AF075BE002E7FF47EAFEAE730468D
:1022D0000DF0E0FD8346002800F08A81D4F808B0B4
:1022E000DBF808300C93002B00F0F1800C9B1E688B
:1022F000B36A5B450DD02B4A2F492C48D2231BF0E3
:10230000F5FF002383F31188BFF36F8F0323184673
:1023100002DFFF230E9381E7002A3FF4DFADA079AF
:10232000119351460EF092FF119BD7E5B9F1000FC2
:1023300000F01181D9F80010B1F8F4200020134406
:10234000A383A1F8F400002D3FF42BAF002E00F082
:10235000F180336B002B00F0ED80DC60346313B050
:10236000BDE8F08F924697E5002E9BD0336B7BB390
:10237000B8F1000F0DD10B4A10490C484FF44E73C1
:102380001BF0B4FF88F31188BFF36F8F0323184647
:1023900002DF336B1CE700BFAC40002041FF0000B0
:1023A000F9FF0000B40F02005C110200100A0200E5
:1023B00094100200980A020068100200AC0F02009C
:1023C0000B9B002B40F00B82336B002B40F0FA800C
:1023D000B9F1000F3AD0214638460AF0EFFDD9F89E
:1023E000003093F8CA301A077FF5F9AED9F83C30BF
:1023F000002B3FF4F4AEC4E40723657E2371002173
:102400002B4661F3C713637694F821302760E160AF
:102410002BB189460F92C5F380050D91EFE4B28E82
:1024200013449BB2B386A3830B9B002B00F0DB808D
:1024300098F8493003F03002202A43D06FF3051397
:1024400088F84930336B002B7FF4C2AE984A994923
:10245000994840F256331BF049FF4FF0000989F3C9
:102460001188BFF36F8F0323184602DFB3E7904A4A
:10247000924991484FF458731BF038FF84F3118848
:10248000BFF36F8F0323184602DFACE60623B4E7E1
:10249000B9F1000F00F0E180D9F80010B1F8F42094
:1024A00013440022A383A1F8F4204FE794F82010EE
:1024B00000235246C1F3801140460EF055FD94F8BA
:1024C0002330B5E4336B002B7FF482AEBEE7784A4D
:1024D0007B497948CF231BF009FF0C9B83F31188BC
:1024E000BFF36F8F0323184602DFFFE6D9F83C30B5
:1024F0009BB1D9F83C300C9A93420ED06C4A71498A
:102500006D4840F2BB231BF0F1FE002383F31188DA
:10251000BFF36F8F0323184602DFD9F8003093F81A
:10252000CA30180700F1BD810C9BC9F83C30F46239
:1025300043E5A3835E4A64495F484FF4FC731BF094
:10254000D5FE002383F31188BFF36F8F0323184652
:1025500002DF336B01E7002E76D0B28E13449BB2BC
:10256000B386A383002D7FF4F4AE0B9B002B3FF4C6
:10257000FDAE98F8493003F03002202A3FF424AE33
:102580006FF3051388F849301EE60C9B5B7903F066
:10259000070381460F930D23284623710EF0B4FCE8
:1025A000637EE080002565F3C713637694F82130DD
:1025B0002760E560002B3FD00B95A8460D951EE4E3
:1025C0000D9362E69C427FF4C8AEFFF7DABBB9F127
:1025D000000F55D0D9F80010B1F8F4201344A383AC
:1025E000A1F8F450DDE5336B002B7FF4C1AE2DE78D
:1025F000D4F80890D9F83C300C93002B48D00C9BB1
:102600001E68B36A4B450DD0294A30492A48E12358
:102610001BF06CFE002383F31188BFF36F8F03233D
:10262000184602DF0C9BD9F800505B7903F00703D2
:102630000F93FF230E93AEE70B9398460D93B9F1DA
:10264000000F7FF4A5AD1DE6A383002D7FF472AFCC
:102650000B9B002B7FF41CAE24E6002E3FF469AFE9
:10266000B28E13449BB2B386A38372E653463146BF
:1026700092464046224600F04FF994F823300BE48E
:10268000002E4FD0B28E13449BB2B386A3836CE767
:10269000074A0B490848DE231BF028FE0C9B83F3F6
:1026A0001188BFF36F8F0323184602DFA7E700BF2F
:1026B000B40F0200F80F0200100A02008810020096
:1026C00060100200E8100200A81002007C10020056
:1026D000B28E13449BB2FE2BB38603D9A37EDA07D6
:1026E00040F1A880336B002B00F08480DC600C99F3
:1026F000B38E10983463A38302780B7962F30503D9
:102700000B7182780846497952090123934063F39B
:1027100002014171A37EDB073FD4BBF1000F7FF4C0
:1027200040ACEBE6A38393E774480C9308F0DAFB24
:102730000C9B002800F092800D9A826390F8202074
:10274000067066F3C71280F82020BBF1000F14BF9B
:102750005A464A46826200F11C02C0E90566C6621A
:1027600006638386C0610C92B9F1000F3FD00D96CD
:102770000646FFF7EEBB0C9BC9F83C30637E43F086
:1027800080032146637638460AF018FC0C9A1379C8
:102790006FF386131371FFF7F4BADBF808308BB1CF
:1027A0000C9A93420ED0564A5649574840F2962307
:1027B0001BF09CFD002383F31188BFF36F8F03236D
:1027C000184602DF0C9BCBF80830637E43F0800391
:1027D0006376DBE7A1F8F4300B9B002B64D098F80C
:1027E000493003F03003202B7FF4E6ACECE40646DE
:1027F000CDF83490C6E90B440C99B38E1098A3839E
:1028000002780B7962F305030B718278084652094E
:1028100049797AE73A4A3D493B4840F2AD231BF0FB
:1028200065FD88F31188BFF36F8F0323184602DF1D
:10283000FFF7BBBB0B9B002B3FF4D5AE98F849309C
:1028400003F03002202A3FF43DAE69F3051388F807
:102850004930336B002B7FF4BBACF7E5A27ED10788
:1028600003D5627E42F080026276B9F1000F20D07B
:10287000D9F80000B0F8F4201344A3830B9B002187
:10288000A0F8F410002B3FF40DAD98F8493003F098
:102890003002202A3FF406AD61F3051388F8493071
:1028A00000E50B9B002B9AD1336B002B7FF460ADBE
:1028B00091E50B9B002B3FF4F5AC98F8493003F001
:1028C0003002202A3FF4EEAC69F3051388F8493052
:1028D000E8E40B4A0E490C48BE231BF007FD8BF3BE
:1028E0001188BFF36F8F0323184602DF3C22314665
:1028F000304608F021FBDBF80030FFDEA840002066
:10290000B40F0200BC100200100A0200AC0F02005B
:1029100028100200000000002DE9F04F046D94F82B
:102920003E6084F83F601D4681463223062010FB3E
:1029300006306B6823502B7A204403F01F03037189
:102940008FB00F4606EB4606052104EB460690467F
:1029500008F0A6FC96F8373000F03F0060F305035E
:10296000012886F8373040F2428199F8493094F8CE
:10297000CA20C3F3010363F3000284F8CA20D9F824
:102980004A30C4F8C430B9F84E30A4F8C8302046F4
:10299000D5F8093040F8203F0EF064FE2086B5F8E7
:1029A0000D30EA7B84F82620A3842B8AE38597F8F0
:1029B000212094F8273062F3020384F82730B5F819
:1029C00002B0B4F8BA2040F2E2431FFA8BF603FBE0
:1029D00006F642F21071731E01FB0233B3FBF6F3ED
:1029E0009BB2A4F8BC30B4F8BC309BB2062B00F20A
:1029F00001810023A4F8B83094F8CA30062262F3AB
:102A0000061384F8CA3095F808A00FF0B7FE4FEA15
:102A10005A1A074650460FF0B3FE3B1806FB03F365
:102A20007B4A7C4903F5742303F23F23A2FB032373
:102A30009B0C63647308963BA3646B7813F0200FC0
:102A40000CBF1E234FF4967363650023C4F8B030A7
:102A500099F84930022262F3051389F84930F822C7
:102A6000204608F069FAD4F8F0300C900C22C3F834
:102A70000890A3F822B0D8801A7194F8272083F820
:102A800024A0C2F3020283F8212094F82700012138
:102A900000F007000FF0E4FC95F801E02B7894F8C3
:102AA00027C098F82120D8F81410676D1EF0400F49
:102AB0004FEA0E2E0EF4F85E4EEA030E0CF00303FE
:102AC0001A4402F10902CCF3400C4FEAC202A1F110
:102AD0002F0522FA0CF207FB0E55A5EB0205A5EB1C
:102AE00000050CBF00224FF416121544A5EB010996
:102AF00040F28A22914503D8E28D01323544E285C5
:102B000003F58473DB0023FA0CF303F5EA73DFF8B3
:102B1000289118444FF0070B3F4B5946E0FB093111
:102B20001846636CF61A31234FF0000AA360A6FB27
:102B30000937C4F804A0C4F80CA00B9332A3D3E95E
:102B40000023FDF7C1FF354BC4F8C03020F07F46AD
:102B50002DA3D3E900230B98266139460D97FDF785
:102B6000B3FF06940496D8F810302D4A0792A3F1CB
:102B70003F082C4B0B9ACDF80CA020F07F44A4FB0F
:102B80000331D01A0D9B0C9F0BFB041163EB010169
:102B9000254B059340F2723308934FF47A72002369
:102BA000FDF792FF18A3D3E90023CDE90140A5FB6F
:102BB0000901FDF789FF043720F07F40FFB2009044
:102BC00043463A460121504609F04CFB10F0FD0FF8
:102BD0000DD0164A1649174840F273331BF086FB96
:102BE0008AF31188BFF36F8F0323184602DF0FB0FB
:102BF000BDE8F08FB4F8BC30B4F8B820063B9BB207
:102C00009A427FF6F9AEF5E68D49FD1A07000000FD
:102C100083DE1B432C4100208C49FD1A794C0100B6
:102C2000090801008D49FD1AC5060100E8110200DE
:102C3000280F0200100A020000CA9A3B00000000A0
:102C40002DE9F0418AB002230C4615462C49099320
:102C5000F82208F071F9DFF8B48009AB0693294B2C
:102C60000593002724A3D3E90023061DA5FB080133
:102C7000CDE90377FDF728FF034623F07F43029356
:102C8000A4FB08011CA3D3E90023FDF71DFFF6B246
:102C900020F07F40CDE900703B46324603213846A4
:102CA00009F0FCFA10F0FD0F0CD0099B022B19D192
:102CB000099B012B14BF6FF00B006FF001000AB0ED
:102CC000BDE8F0814FF0FF324FF0FF330E4817F0B0
:102CD000DFF8099B012B14BF38466FF00D000AB0D6
:102CE000BDE8F0814FF0FF324FF0FF33064817F098
:102CF000CFF8DDE7AFF300808D49FD1A0700000033
:102D00002C410020FD0701001041002000CA9A3B21
:102D10002DE9F04F8FB00DF137010446DFF810A117
:102D2000DFF810810DF136000AF056F99DF83630C3
:102D30009DF837B00B9309F089FBDAF80060A6FB29
:102D4000085631A3D3E9002300278146314628469F
:102D5000FDF7BAFECDE90777069420F07F44DAF854
:102D600004002B4B0593A0FB080127A3D3E9002304
:102D7000FDF7AAFE274B20F07F40A4FB033107227A
:102D800002FB0411CDE90370E81A66EB01014FF470
:102D90007A720023FDF798FE0097CDE901404B467B
:102DA0000B985A46032109F05DFA10F0FD0404D097
:102DB0006FF08B000FB0BDE8F08F1748174A002363
:102DC00017F066F820B9DAF80C000FB0BDE8F08F04
:102DD0009DF837209DF8360000942346032109F022
:102DE000F3FA10F0FD0F0CD00D490E4A0E48E42303
:102DF0001BF07CFA0D481BF079FA0A48E4211BF01D
:102E00006CFA6FF07300D5E78D49FD1A07000000DA
:102E10006D1A01008D49FD1AF0540020447B0B000F
:102E20008014020010140200100A0200C8140200EC
:102E30000855002000CA9A3B38B50F4D044609F0EA
:102E400005FBA96809F004FB696803460B48B3FB5E
:102E5000F4F4A1FB00011C4405A3D3E90023FDF712
:102E600033FE20F07F40844294BF0020012038BD13
:102E70008D49FD1A070000000855002000CA9A3B42
:102E80002DE9F04F476A97B08DED000B55EC104BD4
:102E9000209E089183460C9212937FB9102019F05E
:102EA000FBFA0246CBF8240020B9A74BEA21A74839
:102EB0001AF068FBC0E901770760C760DBF82430CF
:102EC000196859B15A684A60012393408B6058468B
:102ED00019F082FFDBF8243000221A602B1EB9BFE4
:102EE00023F00043019300233360019F984BBCBF44
:102EF00001223260BB4319D1129A42F20F73136060
:102F0000C7F31303234300F0DD85219B53B9914B95
:102F100021E0914B03930833219A1360039817B073
:102F2000BDE8F08F8B4B03930333F5E79DED007BFA
:102F3000002251EC170B00238DED0A7BFDF754FDA9
:102F4000804650B1129A01231360219B13B1219A3C
:102F5000824B1360824B0393E0E79DED0A0B14AAAA
:102F600015A958461AF0BAF9C7F30A560290002E6E
:102F700078D00B9BCDF84C80C3F31303DDE90A0135
:102F800043F07F5343F44013A6F2FF361946002264
:102F9000744BFDF709F966A3D3E90023FDF7BCFAEA
:102FA00065A3D3E90023FDF701F9044630460D4639
:102FB000FDF748FA62A3D3E90023FDF7ADFA024614
:102FC0000B4620462946FDF7F1F804460D46FDF76D
:102FD00053FD00220746002320462946FDF70EFD3B
:102FE00040B13846FDF72EFA22462B46FDF7FCFC91
:102FF00000B9013F162F52D85B4B03EBC703D3E94F
:103000000023DDE90A01FDF7F9FC002849D0013F62
:1030100000231193149B9B1B5A1E45BFC3F1010350
:10302000069300230023079254BF06930793002FB3
:1030300039DB079B10973B44079300230993089BB8
:10304000092B66D8052BC4BF043B0893089BA3F14A
:103050000203CCBF00240124032B65D8DFE803F072
:103060002B383657DDE914631E4406F23243202B19
:10307000C1BFC3F140039F4006F2124324FA03F399
:10308000D6BFC3F1200347EA030004FA03F0FDF7BB
:10309000C9F90122A1F1F873013E139276E70123E9
:1030A000B7E71190B6E7069BDB1B06937B420993BB
:1030B00000231093C3E700230D930C9B002B57DCD8
:1030C0000123049399461A460C920CE00123F3E77E
:1030D00000230D930C9BFB1803F1010904934B464D
:1030E000012BB8BF0123DBF824000021042202F1E8
:1030F00014059D4240D94160584619F02DFE0390B9
:1031000000283CD1194B02464FF4D571CFE601237C
:10311000DFE70124002308930D944FF0FF3304935D
:10312000994600221223CFE701230D93F5E700BF54
:1031300061436F63A787D23FB3C8608B288AC63FBD
:10314000FB799F501344D33F5F5C0200765C020022
:103150000000F07F5B5C0200525C0200FA4F02004C
:10316000F94F02000000F83F30070200D25C020075
:103170000C9B04939946B6E701315200B7E7DBF8A0
:103180002430039A1A60B9F10E0F6FD8002C6DD05D
:10319000002F36DDA14B07F00F0203EBC20393EDC6
:1031A000007BF8058DED0E7B4FEA271417D59C4B5D
:1031B000DDE90A01D3E90823FDF7D8FACDE90001DA
:1031C00004F00F044FF00308954D5CB9DDE90E23C0
:1031D000DDE90001FDF7CAFACDE900012BE04FF06F
:1031E0000208F1E7E10709D5DDE90E01D5E9002381
:1031F000FDF792F9CDE90E0108F1010864100835D8
:10320000E3E700F007817C42844B854D04F00F0218
:1032100003EBC203D3E90023DDE90A01FDF77CF9E2
:10322000CDE90001241100234FF00208002C40F0EA
:10323000E580002BD0D1119BDDE90045002B00F08B
:103240004C81784B002220462946FDF7D7FB002809
:1032500000F04381B9F1000F00F03F81049B002B87
:1032600000F3E480DDE90A34CDE90034159B002B3E
:1032700002DB0E2F40F342820D9A002A40F0678253
:10328000099CDDF818800025B8F1000F0DD0079BD0
:10329000002B0ADD4345069AA8BF4346D21A069280
:1032A000079AA8EB0308D31A0793099B0BB30D9B4E
:1032B000002B00F0A682002C00F0A18229462246B5
:1032C000584619F0B1FE029A01460546584619F0D3
:1032D00001FE02990646584619F07EFD099B1B1B0C
:1032E000099300F09182099A3146584619F09CFEE4
:1032F00002900121584619F0D7FD109B0446002B7F
:1033000000F084821A460146584619F08DFE089B4B
:10331000012B044603DC009B002B00F07C8200267E
:10332000236904EB830318691CF02AFD1096C0F191
:103330002000079B184410F01F0000F09182C0F19C
:103340002003042B40F38182069BC0F11C00034440
:103350000693079B034480440793069B002B05DDDF
:1033600002991A46584619F0B9FE0290079B002BA5
:1033700005DD21461A46584619F0B0FE0446119B59
:10338000002B00F07682029821461CF048FD0028B0
:1033900080F26F82002302990A22584619F03EFDFE
:1033A0000D9B02907E1E002B00F05C8200232946BC
:1033B0000A22584619F032FD049B002B054603DC17
:1033C000089B022B00F35E82B8F1000F05DD294651
:1033D0004246584619F082FE0546109B002B00F02D
:1033E000D0826968584619F0B7FC0746002840F0BB
:1033F0007F820D4B024640F2EA2158E5E20706D5EE
:10340000D5E90023FDF788F808F1010801236410CD
:1034100008350BE74FF002080DE700BF3007020048
:10342000080702000000F03FD25C02002046AD4BCE
:1034300000222946FDF770F8CDE90001049C7E1EAC
:1034400008F101084046FCF7FDFFDDE90023FDF728
:1034500063F8A54B0022FCF7A9FEA1F15073CDE95A
:103460000E010F93002C3BD1DDE900019F4B0022A0
:10347000FCF79AFE02460B46CDE90023DDE90E2358
:10348000FDF7DAFA002840F05781DDE90E2101F15D
:103490000043DDE90001FDF7B1FA00283FF4E2AE98
:1034A000002425460C9BDDF80CA0DE434FF00008FD
:1034B0002146584619F090FC002D00F0A980B8F183
:1034C000000F05D0A84503D04146584619F084FCAA
:1034D0002946584619F080FC9AE03E464C46B1E732
:1034E000834B03EBC40353E90201039B1C440D9B74
:1034F000002B4AD002460B4600207E49FDF736F9E4
:10350000DDE90E23FCF750FECDE90E01DDF80CA03D
:10351000DDE90001FDF7B0FA0546FCF793FF02462E
:103520000B46DDE90001FCF73FFE3035CDE9000137
:1035300002460B460AF8015BDDE90E01FDF77CFA55
:10354000002865D1DDE900236B490020FCF72CFE43
:1035500002460B46DDE90E01FDF76EFA002840F049
:103560000D81A24500F0EA80DDE90E015D4B0022ED
:10357000FCF7D2FF5B4BCDE90E010022DDE9000133
:10358000FCF7CAFFCDE90001C2E7DDE90E23FCF735
:10359000C3FFCDE90E01DDF80CA0A046DDE9000176
:1035A000FDF76AFA0546FCF74DFF02460B46DDE9DA
:1035B0000001FCF7F9FD30350AF8015B02460B46C5
:1035C000A245CDE900234FF0000223D1494BDDE9AC
:1035D0000E01FCF7EBFD02460B46DDE90001FDF7AD
:1035E0002BFA002840F0CA80DDE90E234149002073
:1035F000FCF7DAFD02460B46DDE90001FDF7FEF9B6
:1036000070B1C24608F1FF381AF8013C302BF8D0EF
:10361000374655E0334BFCF77FFFCDE90001BDE7AE
:10362000DDE90A34CDE90034159B002BFFF628AE06
:103630000E2F3FF725AE2E4B03EBC70393ED007B18
:103640000C9B002B8DED047B02DAB9F1000F64D0E6
:10365000DDE90045DDF80CA0DDE90423204629461C
:10366000FDF784F8FDF708FA0646FCF7EBFEDDE906
:103670000423FCF751FF02460B462046294606F17B
:103680003004FCF791FD0AF8014B039CAAEB0404FB
:10369000A14502460B4640F08280FCF787FDDDE93C
:1036A000042304460D46FDF7C7F9002865D1DDE97E
:1036B000042320462946FDF797F908B1F3075CD4A7
:1036C0000299584619F088FB00238AF80030129BB3
:1036D00001371F60219B002B3FF420ACC3F800A0F2
:1036E0001CE400BF0000244000001C400000144007
:1036F000300702000000E03F0000F03FA24B03EB68
:10370000C70393ED007B0C9B002B8DED047B9FDAB0
:10371000B9F1000F9CDC7FF4C3AE9C4B0022DDE9C5
:103720000401FCF7F9FEDDE90023FDF77BF904460F
:1037300000287FF4B5AE3E462546B4E0DDE90A3404
:10374000CDE90034159B002B01DB0E2FD6DD089A46
:10375000012A36DC139A82B303F23343099CDDF865
:103760001880069A1A440692079A01211A4458466C
:10377000079219F099FB054686E53E4653469A4660
:1037800013F8012D392A06D1039A9A42F7D10399E9
:10379000302201360A701A7801321A7038E77C4BF1
:1037A0000022FCF7B9FE0022002304460D46FDF777
:1037B0001BF900283FF450AF82E7149BC3F1360396
:1037C000CCE7099B09F1FF34A34208DBB9F1000FF4
:1037D000A3EB04040EDBDDF818804B46C1E7099B20
:1037E000109A0994E31A1A44DDF8188010924B4697
:1037F0000024B6E7069BA3EB09080023B1E7029E6D
:1038000071E5099A029970E5029672E5089B012B11
:1038100017DC009BABB9019BC3F313039BB9019B5E
:1038200023F00046360D360536B1069B013306936C
:10383000079B013307930126109B002B7FF470AD8B
:103840001096012075E50026F6E73FF486AD069A4E
:103850001C331A440692079A1A44984407927CE54E
:103860000346F4E7049B002B2BDC089B022B09DCAE
:1038700027E0B9F1000F1DDC089B022B1ADDCDF803
:1038800010903E46049B002B7FF40CAE214605228F
:10389000584619F0C3FA0146044602981CF0BFFAD4
:1038A00000287FF7FFADDDF80CA031230AF8013BBB
:1038B0000136FBE50D9BCDF810903E46002B7FF4C2
:1038C00083AD039F029821461CF0D2F900F1300924
:1038D00007F8019B039B049AFB1A9A4240F3CB80A2
:1038E000029900230A22584619F098FA0290E9E753
:1038F0002A690232920005F10C010C301CF04BF8E1
:1039000001223946584619F0E9FB039B03F1010AED
:10391000DDE9032313440793009B03F00103A8464A
:10392000099305460AF1FF332146029804931CF0DF
:103930009FF94146069000F1300902981CF06FFA99
:103940002A4621460746584619F034FCC26801460B
:1039500002B3584619F040FA002F3ADA02990122D0
:10396000584619F0BBFB214602901CF058FA00287B
:1039700003DC29D119F0010F26D0B9F1390F1DD17F
:1039800032E02846C1E700BF3007020000001440C3
:10399000000024400A9002981CF041FA0A990C9009
:1039A000584619F019FA0C9A5ABB089B53B9099B4F
:1039B00043B9B9F1390F17D0002F05DD069B03F18C
:1039C000310901E0002F2ADADDF810A00AF8019B86
:1039D0006EE5089B3B4304D1009B03F00103002BE1
:1039E000BCD0B9F1390F36D1049F392307F8013B18
:1039F000BA46013F1AF8013C392B5BD001333B70CA
:103A000056E5002F06DB089B3B4306D1009B03F0E5
:103A1000010313B9002AA1DCD6E7002AE1DC079BE9
:103A20000AF8019C534557462FD0029900230A22D9
:103A3000584619F0F3F9A84502904FF000034FF0F3
:103A40000A02414658460BD119F0E8F9804605466E
:103A50000AF1010A66E7DDF810A009F10109B5E7EE
:103A600019F0DCF92946804600230A22584619F04D
:103A7000D5F90546ECE7049B002BC8BF1F46039B06
:103A8000D8BF01271F444FF0000802990122584671
:103A900019F024FB214602901CF0C1F90028A7DC94
:103AA00002D119F0010FA3D1BA4617F8013D302B0E
:103AB000FAD0FDE4039BBB429AD1039A312301362D
:103AC0001370F5E4219B002B7FF423AA014BFFF731
:103AD00042BA00BF525C02001FB5184A18480321C1
:103AE0001AF00FF900238DF8073001224FF096737A
:103AF00014496846CDE9022306F09EFF0446C0B192
:103B000010F1100F10D010F10C0F14D00E4A0F4905
:103B10000F48BA231AF0EAFB0E4821461AF0E6FBDA
:103B20000948BA211AF0D9FB0B4A054802211AF0BC
:103B3000E8F804B010BD094AF7E700BF501D0200C5
:103B40005C060200442500206F1D02008B1D020050
:103B5000B01D0200CD1D0200E61D0200031E020082
:103B600070B503788AB004460E4607AD032B20D803
:103B7000DFE803F002191B1D114928461CF03FF82D
:103B8000059563780493A3780393E37802932379EC
:103B9000019363790093A3790A4A1E2130461AF0F3
:103BA0003FFB0AB070BD0849E7E70849E5E7084967
:103BB000E3E7084A0A2128461AF032FBE0E700BF93
:103BC0001C1E02003E1E0200231E02002A1E0200CE
:103BD000341E02005D3B02002DE9F047ADF5047D87
:103BE0004FF40072002104A81BF0E3FE0025244CD2
:103BF000DFF8ACA04FF00A082F464FF06409267B8F
:103C0000CEB1E3692068002B08BF3E4606F0A6FE51
:103C1000D4E906170346B7FBF1F204A809FB02F248
:103C2000CDE9017200912844C5F50071524619F0A2
:103C30004FF837460544B8F1010804F12004DED1FD
:103C4000104804A91AF0DFFA4FF40040002117F0E1
:103C50006DFD3FB90C480D4A03211AF052F80120BE
:103C600001F022FD0A490B4A0B487E231AF03EFB65
:103C70000A481AF03BFB07487E211AF02EFB00BFD2
:103C800048250020332302005C060200A71E020024
:103C9000F94F02006F1D0200B01D0200C41E020099
:103CA000611E0200F8B507460C4609B1FF230B6000
:103CB0000C4E0025737B3BB97CB901350A2D06F10A
:103CC0002006F7D1FF2506E00722311D38461BF0FC
:103CD00052FE0028F1D12846F8BD2368FF2B08BF0B
:103CE0002560EAE7482500201FB5CB790C4603BBC9
:103CF00069461AF097FF014670B12249224A2348CB
:103D000040F25B131AF0F2FA21481AF0EFFA40F28F
:103D10005B111D481AF0E1FA6846FFF7C3FFC2B213
:103D2000FF2A08D11B4A1C48012119F0EAFFFFF7BE
:103D3000D3FE04B010BDA17A52290AD0A379174846
:103D40001AF061FAA379012BF3D015481AF05BFA47
:103D5000EFE7144B03EB4212137B0BB1537B63B9B8
:103D60001149094A094840F26B131AF0BFFA0F488B
:103D70001AF0BCFA40F26B11CBE7136901331361FF
:103D8000D7E700BF001F02006F1D0200B01D020038
:103D9000091F02003E1F02005C060200641F0200B1
:103DA000A71F020048250020AC1F0200F71F0200D9
:103DB0002DE9F04F884697B002AF07F11001064693
:103DC000D8F800009246FFF7CBFED8F8000000219B
:103DD000FFF768FFC5B2FF2D00F08E804D4C04EB5D
:103DE00045134FEA451993F80CB0BBF1000F7FD093
:103DF0009B8A7B60304606F0B1FD7B6883420ED023
:103E00004549464A464840F22F131AF06FFA454892
:103E10001AF06CFA40F22F1140481AF05EFABAF824
:103E20000430082B64D1DAF80030002207F10801D1
:103E30003A728A4603F10802023312F8010D01F8C2
:103E4000010F9342F9D107F130015046FFF788FE88
:103E500004EB090330469A8AC7E9003206F07EFD7A
:103E60007A68824239D03B6830469B8A7B6006F094
:103E700075FD00907B682C4A2C4801211AF06FFCDC
:103E8000D8F80010072250461BF075FD40B33046AD
:103E900006F064FD6E468CB002AA254BD061C2E9E3
:103EA000053507F11003136207F130035362214B0C
:103EB0009362214B42F8103F00231C484FF461519C
:103EC00002F02CFB04EB0902B546936901339361C0
:103ED0004C44E3690133E3610AE04FF0000BCFE7A4
:103EE00004EB0902936901339361BBF1000FEFD139
:103EF0005437BD46BDE8F08F084A104908484FF4D2
:103F0000A5731AF0F3F929460D481AF0EFF94FF4AA
:103F1000A57181E7482500201B2002006F1D0200CB
:103F2000B01D0200632002007E2002005C06020039
:103F3000B12002000204030506000002F94F02004E
:103F4000F4200200F0B593B000AF0D4604461E22E7
:103F5000002107F128001BF02CFD07F1280228465C
:103F60003249334D04F0E2FC07F108012068FFF705
:103F7000F7FD2B684FF4FA7293FBF2F102FB113359
:103F80007BB96E4688B06A462A4951612A499161D7
:103F9000032142F8101F29484FF4C85102F0BEFA1D
:103FA000B5462B6801332B606389C3B124480D22C9
:103FB00007F128011BF02BFE88B92568391D28461A
:103FC000FFF770FEFF280AD12179284606F03AFE55
:103FD000034638B11B4A194801211AF0B6FB4C3789
:103FE000BD46F0BD6D4688B06A4617495161124919
:103FF0009161032142F8101F10484FF4C85102F09C
:104000008DFA12497B685A0101EB43134FF480701B
:1040100098812079D872131D22681068C850AD4667
:104020005D1891889379AB71A980D8E707DD01000D
:104030004025002033210200FC2402005C0602001F
:104040004B2102005921020089210200482500204D
:104050002DE9F0470C4688B000AF05463946206888
:10406000FFF77EFD1BF0CBFB8046284689466D4658
:1040700006F074FC8CB094F805E06A46444B53613A
:104080004FF47A71A8FB013C01FB09C1DB0B43EA49
:104090004143C2E9073040F2035393853D4E3E4B06
:1040A0009661C2E9097E42F8103F3C4800234FF474
:1040B000745102F033FA00212068AD46FFF7F2FD9B
:1040C000C0B2FF2813D1364A3448012119F019FE35
:1040D0003449354A354840F209131AF007F9344893
:1040E0001AF004F9304840F209111AF0F6F8DFF836
:1040F000D8804FEA401908EB401090F80CA0BAF1B4
:10410000000F1AD088B06A462A4BC2E9053603234D
:1041100042F8103F214800234FF4C85102F0FEF945
:10412000AD462022002108EB09001BF042FCFFF7FE
:10413000D3FC2037BD46BDE8F087437B0BB36379E2
:104140001D4A164801211AF000FB88B06A461B4B35
:10415000C2E90536032342F8103F104853464FF496
:10416000C85102F0DBF9AD462179206806F09CFDCC
:1041700003460028D5D0124A084801211AF0E5FA72
:10418000CFE7104A0548012119F0BBFDC9E700BF80
:10419000A72102000E250200070000015C060200B4
:1041A000EB210200F94F02006F1D0200B01D02005A
:1041B0000F220200352202004D2202007B22020063
:1041C0009C220200C7220200482500202DE9F0476A
:1041D0000C4688B000AF054639462068FFF7C0FCA2
:1041E0001BF00DFB4FF47A72A0FB020302FB0133BC
:1041F000C00B40EA4349284606F0B0FB227AE1882A
:10420000042A96BF404EDFF830C156F822C001EBB9
:1042100081036E468EB09B106A46DFF82081DFF87E
:1042200020E1C2F814E0C2E90A13384B5363384B5B
:10423000C2F830C0C2E90689C2E9080742F8103F57
:10424000002334484FF4A24102F068F900212068AD
:10425000B546FFF727FDC3B2FF2B0AD12E4A2D48E2
:10426000012119F04EFDFFF737FC2037BD46BDE8B0
:10427000F0875A01DFF8CCA028460AEB43194AF828
:10428000025006F06BFB0123A9F8140089F80C30EA
:104290002179206806F008FD88B004466A461F4B65
:1042A000C2E90538032342F8103F1A4800234FF4AF
:1042B000C85102F033F9B54664B11949194A1A4890
:1042C000DC231AF013F819481AF010F81548DC210D
:1042D0001AF003F8FFF700FC23469AF80C2002B10D
:1042E000013401330A2B0AF1200AF6D1032CBCD188
:1042F0000F4A0848022119F004FD4FF42032002330
:104300000C4816F079F9B0E7F80702000305060833
:10431000090000025C060200372302005623020057
:10432000001F02006F1D0200B01D02007823020072
:10433000B6230200C0040020DE220200062502008F
:10434000E6220200482500202DE9F04F434885B0C1
:1043500019F059FF00214FF4A07241481BF029FBCE
:10436000404819F050FF002005F0D2F9014610B185
:104370003D4819F048FF3D483D4C19F044FF3D4889
:1043800019F041FF3C4806F0D1FA3C4819F03BFFD8
:104390003B4819F038FF3B4806F03CFC374819F021
:1043A00032FF002325780393CDE901331023ADF8C4
:1043B0000630ADF8083065B9334819F024FF2946B6
:1043C00001A806F063FA0146002839D0264819F002
:1043D0001AFFFFF781FB2D482D4EDFF8C09019F032
:1043E00012FF4FF0000800214FF4004017F09EF933
:1043F0004FF4FA72002130461BF0DBFA4946304692
:104400001BF0FDFB164DDFF898A0DFF898B00524EF
:1044100000272B7BA019C4F5FA71BBB12B691D4A8B
:1044200018F056FC01370A2FC5F81080044405F136
:104430002005EED118480022314619F0E4FED2E7FB
:104440000A4819F0E0FE01232370C2E76B7B1BB121
:104450005A4618F03DFCE5E75246FAE7E22302002F
:104460004825002008240200B6220200242402006D
:10447000805A00202D24020010060020482402004B
:10448000522402001C0600207D2402008F2402001A
:104490008C580020BA240200CA240200B42402006E
:1044A000C7240200BE240200F8B50F4600294BD0F5
:1044B0000468204619F079FC012201460546204691
:1044C00019F03BFCC3070DD4204A21492148AF23F2
:1044D00019F00CFF3946204819F008FFAF211B489E
:1044E00019F0FBFE2946204619F03DFC2E183146F6
:1044F0000022204619F021FC361AB5420BD0134A8F
:1045000016491448B72319F0F1FE3946144819F03A
:10451000EDFEB721E3E72946204619F02AFC29469B
:1045200019F021FCA368B3F5004F636938BF04227A
:10453000A3EBC00328BF0822134463612946204629
:10454000BDE8F84019F071BDF8BD00BF16250200A6
:1045500039250200B01D02004A2502008225020012
:10456000A82502002DE9F84305681446AA680F46FD
:104570004B1EB2F5004F34BF042108213B4010D040
:10458000C7F1000909EA0709494503F1FF3028BFCF
:10459000494618420CD11F46DCB900263046BDE81A
:1045A000F8838F4213D82146BDE8F84319F07FBD48
:1045B0003849394A39484FF4A27319F097FE384800
:1045C00019F094FE34484FF4A27119F086FE994612
:1045D000E2E7B2EBD40FE0D9E319591A104619F00B
:1045E000EEFB0146284619F054FC80460028D4D042
:1045F000AB68B3F5004F34BF0423082309EBC006B2
:104600001E442E447B1E1E44B6FBF7F67E43A6EBEB
:1046100009063146284619F0C8FB3444073424F013
:104620000704641B804507464FEAE40408D20246AB
:104630004146284619F067FC4146284619F0A8FC77
:104640003946284619F08FFB3844844208D239464F
:104650002846224619F057FC2146284619F098FCB6
:1046600001223946284619F084FB394619F07BFBB4
:10467000AB68B3F5004F6B6934BF0422082203EB2B
:10468000C000801AAB69686183422CBFAB61A8612E
:1046900084E700BFE425020016250200B01D0200D9
:1046A000FF250200B2F5802F2DE9F04110D2042A37
:1046B00028D84549454A46484FF4F97319F016FE83
:1046C000444819F013FE4FF4F971404819F005FE03
:1046D0000823D21ACC1D114424F0070421F007014D
:1046E000091B27294FEAD1070ED83B49374A3848DA
:1046F00040F2FB1319F0FAFD364819F0F7FD40F2CD
:10470000FB11E2E70423E4E7002504603946C4E92D
:104710000355C4E90555A760384619F059FB012136
:1047200000F108028046384619F049FB9200D61D78
:10473000F6083044B8423AD8B8F1FF3FA2F11C0263
:104740002946B8BF2A4604F11C001BF032F9324654
:104750002946204619F025FB2B462A4629462046A5
:1047600019F0F6FAA7EB060820462946012219F0AF
:1047700000FB4246314619F014FB33462A463146C7
:10478000204619F0E5FA3946204619F00AFB43465F
:104790002A463946204619F0DBFA394620460122DE
:1047A00019F0E7FA3146BDE8F04119F0F1BB0B49C9
:1047B000064A07484FF4037319F098FD054819F0AD
:1047C00095FD4FF4037180E71C26020016250200B8
:1047D000B01D02003D260200562602007F26020080
:1047E0002DE9F04F91B08407009302F00403029387
:1047F000C2F3C20303F10103DDF8688003920546AA
:104800000E46059340F0F781041D30B1072909D801
:104810006FF01B0011B0BDE8F08F01F00706341DEA
:10482000C6F10806009B4FF000094FF0FF324FF031
:10483000040B591ECDF810904F464B460192DA46B4
:104840000DB1009820600598002800F3D7809948A2
:10485000009A824203D398488242C0F0CF80039AE4
:10486000A4EB050E92074FEA9E0040F1E2804FF064
:10487000000CCCE07A285CD84B280CD8472858D8B4
:1048800029282AD8252851D053D8202877D0233852
:104890004342434173E04C382E284AD8DFE800F009
:1048A0006F49494949494949494949494B49494950
:1048B000494949494959494B4B5959596F4B6C49D9
:1048C0006F49184B184949807D4B49494B497D0038
:1048D000002000234FF0040B39E02A38C0B2012237
:1048E00002FA00F010EA0E0F49D110F0625C30D1EC
:1048F00010EA020343D06046013C5C44B4FBFBF485
:104900000BFB04F4002D60D0AAEB050CA444B445C5
:104910003FF67EAF00286AD1BAF1040F45D158F8AE
:10492000040B206004344FF0040A28E0019B013B93
:104930000193002323E011F8013C6C2B32D111F8D4
:10494000023C00206C2B0346C4D14FF0080BDA4622
:10495000D2E708F1070828F007080734F8E802ABA7
:1049600024F0070435B106982044B0423FF650AF1A
:10497000C4E900AB083400234FF0080BDA4611F805
:10498000010F002800F0BF80002B7FF473AF2528B3
:10499000F5D1019B0133019301234FF0040BEDE7A7
:1049A000184696E700200346A6E7BAF1080F40F044
:1049B0009C8008F1070828F00708B8EC027B84ED1A
:1049C000007B08344FF0080AD9E780B9BAF1040F28
:1049D00002D108F10408A5E7BAF1080F40F085807C
:1049E00008F1070828F0070808F10808E9E7059822
:1049F0000138059058F8040B009021E7039A9007BE
:104A00004CD5A4EB050E4FEA9E004FF0010CBEF50D
:104A1000007F1FD329492A4A2A484FF41F7319F0EF
:104A200065FC294819F062FC4FF41F71244819F005
:104A300054FC0F2F10D8002D4AD007F140020DEB87
:104A4000020C019A0CF8200C0CF8102C0498013080
:104A5000049022E00F2F0CD91849194A194840F246
:104A6000812319F043FC194819F040FC40F28121E0
:104A7000DCE7D5B107F140020DEB020EC0B2019A9E
:104A80000EF8200C0EF8102CBCF1000FDED060F0F8
:104A90007F000EF8200C09F101090137C5F1080269
:104AA000043406924FF6DA7E69E7BCF1000F0FD0AE
:104AB0000136F2E774020200945D0200F94F020031
:104AC000AA260200B01D0200D8260200F926020024
:104AD000029A0236002AE0D10098CDE90631FCF7AF
:104AE00017F8DDE906310644D7E7444A444945480A
:104AF00040F2C62319F0FAFB5146434819F0F6FB81
:104B000040F2C62192E7631BB3F5806F0CD33C499A
:104B10003A4A3C4840F2D22319F0E8FB3B4819F0EE
:104B2000E5FB40F2D22181E71DB9A6F10804E018A7
:104B300070E6029A28609B082B709DF81030C2B175
:104B4000EB7085F80290B9F1000F05D008A800229B
:104B5000C5F1010C97420ED1C5F101030DF12008FA
:104B60004FF0000A01930DF1300B574512D1601B35
:104B700050E66B70E5E710F8013B190608D504EB29
:104B80000C0EB64503F07F033FF642AE04F8013B3E
:104B90000132DFE7B9F1000F03D098F90020002AB5
:104BA00017DB029BD3B11AF80B2004F8012B00226B
:104BB000019B98182044B0423FF62AAE98F80000B6
:104BC00004F8010B0099039220461AF0E4FE039AC0
:104BD00014440AF1010A08F10108C6E798F8002018
:104BE00055F822300093029B45F822300098FBF7DD
:104BF0008FFF421CDCE76FF00D000BE6AA260200D7
:104C0000F94F0200B01D02001327020028270200FE
:104C10002DE9F04F97B000AF8946D7F880B0FA621F
:104C20003B62044658B9A849A84AA9484FF466739C
:104C300019F05CFB4FF46671A44819F04EFBCBF3FE
:104C4000C00390F802A0BB6141B9457800780AEB37
:104C5000800020444D4517D8A0EB0409E378FB61A0
:104C6000BAF1000F02D01BF0010F16D1FB6953BB44
:104C7000FB6A1BB13A6A4946204698474D4628468A
:104C80005C37BD46BDE8F08F461C3046FBF740FF61
:104C90000130304409F10109DCE7237862687A6267
:104CA000FA6A9900796104EB8301002A40F00181DE
:104CB0004D460E4601EB0A094FF000084E454CD117
:104CC00001EB0A0610E01BF0020FD1D023789A0006
:104CD0007A6162687A62FA6A04EB8301002A77D10A
:104CE0004D4601EB0A0690461BF0050F0CBF022350
:104CF0000123FB62FB6906EB430A0BF00203BB6274
:104D00005645BCD016F8021B16F8013C54F8239007
:104D1000704B994502D3704B994536D3BB69002B34
:104D200040D0786A19F034FA00283BD0E9468AB0BE
:104D30006A466A4B53617B6AC2E906314FF40073DD
:104D40001384674B42F8103F664800234FF412511A
:104D500001F0E4FB023DCD46D2E716F8013BF962D3
:104D600054F82300FBF7D4FED7F88430F96A0130F9
:104D70004BB1D7F8883098453EBFD7F8843023F838
:104D8000180008F10108054498E7BB6923B1786A67
:104D900019F0FEF90028C9D11BF0010F05D1FB6AFB
:104DA000ED1AADE7BB6A002BAAD04846FBF7B0FE70
:104DB000D7F8843053B1D7F8883098453FBFD7F83B
:104DC0008420431C22F8183008F10108054497E7B5
:104DD000BAF1000F73D01BF0040673D0D046002642
:104DE00007F1480052463B61B9621AF0D4FDB96A36
:104DF0003B6901EB0A02BA62FA69F9695200FA608A
:104E0000BA6A02EB41023A610BF00202BA60BA6A76
:104E100039698A4268D162787A621BF0020F3244A3
:104E20000CBF4FEA580100211BF0010FD2B240F035
:104E3000E4801BF0040F14BF40460020BB61627089
:104E4000A070E1703A6A7969FB6A20469847051EAE
:104E5000FFF615AFBB6923707B6A6370FB69E37073
:104E600041463A6AFB6A84F802A007F14800984775
:104E7000B0F10008C0F2EF807B693A6AA9EB0A0141
:104E8000C91AFB68C91AD7E90A0398470028C0F273
:104E9000E480A84408EB00054FF0000B07F1380A46
:104EA000B345C0F0AC8000213A6AFB6A08469847D7
:104EB000E5E656464FF0000807F1380092E75646FF
:104EC000D04696E7B04694E73F270200AA260200A4
:104ED000B01D020074020200945D02005A27020015
:104EE00004000001D4050200BA6A12F8021BBA627B
:104EF00012F8015C5A4A54F82500904202D3594AEC
:104F0000904218D3BA693AB1786A7B6019F040F9D7
:104F10007B6800287FF47BAFBA68002A4CD00F2E44
:104F200040D95149514A524840F24C4319F0DEF9F8
:104F300040F24C4180E6BA693AB1786A7B6019F078
:104F400027F97B6800287FF462AF1BF0010F0BD0BC
:104F50000F2E27D94449454A454840F2424319F0AB
:104F6000C5F940F2424167E61BF0040F3FF44FAF32
:104F7000B8F10F0F09D93F493C4A3D4840F245433B
:104F800019F0B4F940F2454156E608F1280207F15C
:104F9000300008F1010102EB000808F8105C5FFA2C
:104FA00081F834E706F1280207F13000711C161869
:104FB00006F8205CCEB22AE7B8F10F0F09D92D49C7
:104FC0002A4A2B4840F24F4319F090F940F24F41E2
:104FD00032E608F1280207F1300C08F10100944490
:104FE00007F1580252FA80F008F102080CF8101C80
:104FF0005FFA88F800F8105C09E700201EE71BF84C
:105000000A3087F8373054F82390D7F88430FBB152
:1050100033F81B803A6AFB6A012107F13700984791
:1050200000281ADB0544B8F1000F06D14846FBF70B
:105030006FFD00F101081FFA88F83A6AFB6A4146E1
:1050400048469847002808DB05440BF1010B27E789
:10505000D7F88480DEE7454611E605460FE600BF37
:1050600074020200945D0200FD270200AA260200DD
:10507000B01D02001C280200014B1860704700BFE1
:105080003806002030B587B00025CDE9030104467D
:10509000009503A905480595FBF792FEDDE904306C
:1050A0009842B8BF255407B030BD00BFDFE1010012
:1050B000F0B5094E016802460A2700200B4601316F
:1050C0001C78355D6D0701D41360F0BD07FB00430C
:1050D000A3F13000F2E700BF245B02002DE9F84F96
:1050E00015469A46D378234A12F803B06F2B8146AF
:1050F0000F460BF0030B2BD026D8582B0CBF1026D5
:105100000A26DDF828803246002348463946FBF758
:10511000DBFC092A08F1FF38D4B21ED83034B1457F
:10512000E4B277F1000788F8004001D3D04511D8E8
:105130002B789B0605D5082E15D1AB7843F00803D4
:10514000AB704046BDE8F88F03F0F703702BD5E74E
:105150000826D6E781460F46D5E7BBF1010F0CBF05
:1051600037345734DBE7102EEBD1AB7843F0100324
:10517000E6E700BF245B020038B50D460446202256
:1051800000211AF016FCEB68E361AB68A3612B68A1
:1051900023626B6863620022A2622A6923B1591EEE
:1051A000194208BF42F0010222610122002104F1EC
:1051B0002C001AF091FA48B105490648064A2F23F7
:1051C00019F094F804482F2119F087F838BD00BF72
:1051D000001F0200B01D0200532802002DE9F04F0D
:1051E00089B0CDE90123436A00278B4204468846F3
:1051F00005970797BA4655D300F114064FF0200BD8
:10520000EFF3118300938BF31288BFF36F8F304657
:10521000DDF8009016F07CFC58B94B4A4B494C48DD
:10522000882319F063F831464A4819F05FF888215D
:1052300060E0304616F090FC079A2AB139462046C5
:1052400019F033F90023079306A9204619F05BF8FB
:105250000699414505462ED32268236A13F8221089
:1052600021F0030103F8221003EB820A2168424671
:10527000204619F06CF8E3682060984216D00025AB
:10528000304616F053FC40B389F31188BFF36F8F9B
:10529000059929B1A2690AB12046904700230593D8
:1052A000002DADD1504609B0BDE8F08F236943F021
:1052B00008032361E3E718B1204619F062F8DFE73D
:1052C000DDE90132134337D003911AF038FA03991C
:1052D00090BB304616F02AFC78B91B4A1E491C4880
:1052E00040F2311319F002F831461C4818F0FEFF65
:1052F00040F23111144818F0F0FF009B83F311883D
:10530000BFF36F8FDDE9012304F12C0014F0C0FD21
:105310000546EFF311898BF31288BFF36F8F304688
:1053200016F0F6FB00283FF478AF3046B5FA85F565
:1053300016F012FC6D09A3E707AB05AA2046276803
:1053400019F03CF805469BE779280200A6280200E0
:10535000B01D0200BB280200D1280200E82802008C
:105360002DE9F0410446C36908460E46984704F10A
:1053700014050746EFF31188202383F31288BFF347
:105380006F8F284616F0C4FB68B91B4A1B491C489E
:10539000882318F0ABFF29461A4818F0A7FF882188
:1053A000154818F09AFF284616F0D6FB337843F0DC
:1053B0000103337061683A46204618F0C8FF606008
:1053C000204619F08DF8284616F0B0FB68B90A4A55
:1053D0000D490B4840F2311318F088FF29460B485D
:1053E00018F084FF40F23111DAE788F31188BFF337
:1053F0006F8FBDE8F08100BF79280200A628020067
:10540000B01D0200BB280200D1280200E8280200DB
:105410002DE9F843044600F11407EFF31188202327
:1054200083F31288BFF36F8F384616F071FB054681
:1054300068B9354A35493648882318F057FF394648
:10544000344818F053FF88212F4818F046FF38469B
:1054500016F082FB2369A26813F0080F02D163687B
:105460009A4200D9636A9B1A002B3FD0216A11F837
:10547000223013F0030001EB82093AD0022803D155
:1054800051F82260B60805D1D8071FD4E369484611
:1054900098470646A1683246204618F058FF314624
:1054A000A060204618F061FF384616F03FFB10BBA5
:1054B000154A1949164840F2311318F017FF3946BA
:1054C000164818F013FF40F23111BDE743F0020314
:1054D00001F822304846E369A56898472946024604
:1054E000204618F034FF0025A060DDE71D46A946E0
:1054F000DAE70546FBE788F31188BFF36F8F002DCD
:105500008BD14846BDE8F88379280200A62802001E
:10551000B01D0200BB280200D1280200E8280200CA
:105520002DE9F0410446C36908460D46984704F149
:1055300014060746EFF31188202383F31288BFF384
:105540006F8F304616F0E4FA68B9284A284929488E
:10555000882318F0CBFE3146274818F0C7FE882173
:10556000224818F0BAFE304616F0F6FA2B786FF3A0
:1055700000032B7023699B0705D5E268236A03EBC0
:1055800082039D4222D12B786FF341032B70D4E923
:105590000231994204D13A46204618F0D8FEA06064
:1055A0003946204618F0E1FE304616F0BFFA90B9B1
:1055B0000E4A12490F4840F2311318F097FE314657
:1055C0000F4818F093FE40F23111C9E72B6867F3DA
:1055D0009F032B60E8E788F31188BFF36F8F04F116
:1055E0002C00BDE8F04114F00FBC00BF7928020088
:1055F000A6280200B01D0200BB280200D12802002C
:10560000E828020070B5044600F11405EFF3118696
:10561000202383F31288BFF36F8F284616F078FAA1
:1056200068B91B4A1B491C48882318F05FFE2946AD
:105630001A4818F05BFE8821154818F04EFE2846DF
:1056400016F08AFA2369A06813F0080F02D1636884
:10565000984213D9646A241A284616F067FA78B972
:105660000B4A0F490C4840F2311318F03FFE29460F
:105670000C4818F03BFE40F23111DDE71C1AEBE755
:1056800086F31188BFF36F8F201E18BF012070BDF5
:1056900079280200A6280200B01D0200BB280200E3
:1056A000D1280200E828020008B50446EFF3118370
:1056B000202383F31288BFF36F8F11F08FFF2046F2
:1056C00001F068FF024818F09EFD19F029F9FCE787
:1056D000FD2802002DE9F84F04460846A38B190760
:1056E000154612D4022803F0070165D1204618F0B0
:1056F0001FFF88B10138042800F23781DFE810F07D
:105700005C0035018200D400040101280CBF43F085
:10571000100143F02001A1831434204616F006FA4C
:10572000002840F09D819A499A4A9B4840F23113E3
:1057300018F0DCFD2146B1E003F00702501F0128FC
:105740001ED80020062A2768C4E9000014D13A4672
:1057500003E0E08B0130E0831268002AF9D123F0E6
:10576000070343F00202A283204618F0E1FE90B343
:1057700042F02002A2832EE023F007039AB2F2E760
:10578000042A33D123F007039AB2A283204618F0EB
:10579000CFFE10B142F02002A283A38B03F00709D1
:1057A000894540F0EC80A18BCA0640F1508121F080
:1057B0001003A38301F00701D4F81880A38BB8F17C
:1057C000000FB9DA0022276823F00703C4E900229A
:1057D00043F00103A383A38B03F00709894540F03D
:1057E000CF80002FDFD00026B24644E06B496C4AE0
:1057F000694840F21B1318F079FD40F21B1168480C
:1058000018F06BFD49B16749654A63484FF4AB73C3
:1058100018F06CFD4FF4AB71F1E723684BB96249A6
:105820005F4A5D4840F2571318F060FD40F257118F
:10583000E5E723691E684EB95C49594A56484FF45A
:10584000AD7318F053FD4FF4AD71D8E7A38B23F07F
:10585000070343F006039BB2A3830F4688464FF02D
:105860000609A268002A40F08D80002F40F08D804C
:10587000002E98D0BA4643F0080304F1140BA3831A
:10588000584616F053F9002840F09A804049414AA2
:10589000414840F2311318F029FD5946444818F0A8
:1058A00025FD40F23111ADE0022909D041493C4AC1
:1058B000394840F25D1318F019FD40F25D119EE782
:1058C000E78B4FB13C49364A33484FF4AF7318F079
:1058D0000DFD4FF4AF7192E723695E684EB933490D
:1058E0002F4A2D4840F2611318F000FD40F261117B
:1058F00085E7A38B23F0070343F004039BB2A38344
:10590000B8464FF00409ACE7012909D02B49244AD5
:1059100021484FF4B27318F0E9FC4FF4B2716EE70E
:1059200023684BB920491E4A1B4840F2651318F002
:10593000DDFC40F2651162E723699E684EB91B49A0
:10594000174A15484FF4B47318F0D0FC4FF4B471F3
:1059500055E7A38B23F0070343F005039BB2002711
:10596000A383B8464FF005097BE70C490C4A0A4867
:1059700040F26B1318F0BAFC40F26B113FE70027BE
:1059800000266EE74FF0010A75E7924673E700BF05
:10599000D128020079280200B01D0200F94F020050
:1059A000262902004B290200572902007A29020009
:1059B000E828020091290200A7290200B629020066
:1059C00085F31188BFF36F8FBAF1000F1CD177BB3D
:1059D00016B126492046B047EFF31185202383F303
:1059E0001288BFF36F8F584616F092F838BB204AE2
:1059F00020492148882318F079FC59461F4818F09F
:105A000075FC88211A48FBE6A1680029DFD00D68E3
:105A10000029DCD0D1F804A043464A462046D047AE
:105A20001DB12B6829461D46F2E72B46FAE7394699
:105A300043464A4620463F6818F0A6FDC7E7584649
:105A400016F08AF8A38B23F00803A383ABE68B063A
:105A50007FF562AE21F02003A38301F0070145E644
:105A600085F31188BFF36F8FBDE8F88F815A00006E
:105A700079280200A6280200B01D0200BB280200FF
:105A8000F8B504460D4600F11406EFF31187202304
:105A900083F31288BFF36F8F304616F039F868B978
:105AA0000C4A0D490D48882318F020FC0C4831465B
:105AB00018F01CFC0748882118F00FFC304616F03F
:105AC0004BF8A5613A4620460121BDE8F840FFF7B2
:105AD00001BE00BF79280200A6280200B01D020006
:105AE000BB2802002DE9F04704460F4618F03CFDA4
:105AF000051E68DB04F11409EFF3118A202383F3F8
:105B00001288BFF36F8F484616F002F8804660B9DE
:105B1000384A39493948882318F0E8FB494638485B
:105B200018F0E4FB8821334842E0484616F014F8A8
:105B3000E38BA68B4FF6FF72934206F0070645D023
:105B4000022E15D10133E3833546484615F0EEFFAA
:105B5000002841D1274A2B49284840F2311318F038
:105B6000C5FB4946284818F0C1FB40F23111DAE77D
:105B7000062E13D8DFE806F0092D121209040900D9
:105B80006FF085054FF00008DFE700233B60636896
:105B900083B9C4E9007786B13546F3E71B49174856
:105BA0001B4A4FF4E47318F0A1FB19484FF4E47159
:105BB00018F093FB1F606760EDE752460221204614
:105BC000FFF788FD35462846BDE8F0876FF00A05E7
:105BD000D8E76FF00405D5E78AF31188BFF36F8F1C
:105BE000B8F1000FEFD0002332463946204618F0B6
:105BF000CBFCE8E779280200A6280200B01D0200CD
:105C0000BB280200D1280200E8280200B6290200C1
:105C100026290200F8B5054600F11406EFF31187B6
:105C2000202383F31288BFF36F8F304615F070FF87
:105C300060B9264A26492748882318F057FB314681
:105C4000254818F053FB882120482BE0304615F0FA
:105C500083FFAC8B04F00704022C17D0012C0CBF7F
:105C60006FF004046FF08504304615F05FFF38BB19
:105C7000164A1A49174840F2311318F037FB3146DB
:105C8000174818F033FB40F23111DDE7EB8B5BB9BD
:105C900014491048144A40F2EF1318F027FB124839
:105CA00040F2EF1118F019FB013B9BB2EB83002B84
:105CB000DAD13A4621462846FFF70CFD2046F8BDCA
:105CC00087F31188BFF36F8FF8E700BF79280200D0
:105CD000A6280200B01D0200BB280200D128020045
:105CE000E8280200CC290200262902002DE9F04113
:105CF0000F460546002850D000294ED000F114066A
:105D0000EFF31188202383F31288BFF36F8F30469F
:105D100015F0FEFE60B9224A22492348882318F074
:105D2000E5FA3146214818F0E1FA88211C4817E0CD
:105D3000304615F011FF39462846AC8B18F0DDFBD4
:105D400080B104F00704231F022B0DD9184916480F
:105D5000184A40F22D2318F0C9FA164840F22D21B6
:105D600018F0BBFA6FF07704304615F0DFFE68B923
:105D70000B4A11490C4840F2311318F0B7FA31467A
:105D80000E4818F0B3FA40F23111CFE788F31188CA
:105D9000BFF36F8F2046BDE8F0816FF01504F9E77F
:105DA00079280200A6280200B01D0200BB280200CC
:105DB000DA29020026290200D1280200E828020080
:105DC00008B54268816002F00302022A03460AD045
:105DD000032A4FF0000103D0012A0AD1596006E0DE
:105DE0001868596008BD186800225A6058B9002028
:105DF000F8E706490648074A452318F077FA0548A8
:105E0000452118F06AFA16F099FAF0E7F94F020006
:105E1000B01D0200512A020030B51049104889B067
:105E2000002219F033FD0F4D0F4900220023CDE968
:105E3000062300240E23CDE90334CDE901440B4BA6
:105E400000944FF40462284614F062FC0849284686
:105E500014F0D8FB204609B030BD00BFB95F000088
:105E6000681D0020680C0020805C0020C1620000DA
:105E70007E2A02002DE9F047DFF8588004460746E5
:105E80004FF0010914B93846BDE8F08794FAA4F53B
:105E9000B5FA85F509FA05F32E0108EB05156FEA49
:105EA000030A24EA03042B7B002BEBD058F80630BE
:105EB0001B694BB94644042273682846196807EAEF
:105EC0000A0700F005FBDDE7284698470028D9D1EE
:105ED000F0E700BF740602002DE9F047DFF8D49028
:105EE0002D4CA9EB04038F2B80460F460BD92B4971
:105EF0002B4A2C4840F23F1318F0F8F940F23F11BA
:105F0000274818F0EAF9284818F090FB064660B3D5
:105F100000252846BDE8F087237B6BB12368DB684A
:105F20000BB12046984723681B69B3B96368042204
:105F30001968204600F0CCFA013610344C4518D9C7
:105F40001A49174A17484FF4A67318F0CFF91848A2
:105F500018F0CCF94FF4A671D2E7204698470028F4
:105F6000E4D00AFA06F31D43E6E705464FF0010ABE
:105F7000E4E7D1D3B8F1000FCBD0002DC8D028462C
:105F8000FFF778FF0546002FF7D000214FF4A470EB
:105F900015F0CCFBF1E700BF74060200B32A020043
:105FA000862A0200B01D02009C260020E32A02007F
:105FB000042B020094060200014813F025BF00BF25
:105FC000800B0020014B53F820007047200802008E
:105FD00008B5034608462BB1044A136000F0BEFD25
:105FE000002008BD6FF01500FBE700BF3C06002055
:105FF00010B5044C237813B9034813F005FF0123AF
:10600000237010BD815A0020800B002010B504467B
:106010000B4818F00BFB5CB1BFF35B8F094B53E8E7
:10602000001F013943E80012002AF8D1BFF35B8F4B
:10603000054819F037FC0548BDE8104013F0E4BEF0
:106040009426002098260020681D0020800B002048
:106050000020064BBFF35B8F014653E8000F43E877
:106060000012002AF9D1BFF35B8F704794260020FD
:1060700070B5FFF7EDFF104C104E0546B44219D92C
:106080000F49104A104840F2FF1318F02FF90F483B
:1060900018F02CF90B4840F2FF1118F01EF9636854
:1060A0005B792BB123685B6813B12946204698477A
:1060B0001034E3E7F3D370BD7406020094060200C7
:1060C000E32A0200862A0200B01D0200042B02000F
:1060D00010B5044C04492046FFF74EF8034B1C60F2
:1060E00010BD00BFD00A00200C0802008C26002042
:1060F000084A094808B500231370084A1360084A83
:106100004FF400411360FFF763FFBDE80840FFF75D
:10611000DFBF00BF825A002029E60100942600203C
:106120009826002001464FF4004202480023FFF762
:1061300055B800BFD00A00200148FFF769B900BF79
:10614000D00A0020024B01461868FFF7E9B900BFEA
:106150008C2600200148FFF755BA00BFD00A002066
:1061600070B5304B187800285BD0FFF7E5FF054687
:1061700060B3BFF35B8F2C4B53E8001F013943E83A
:106180000012002AF8D1BFF35B8F284C284EB4428E
:1061900018D92849284A294840F2F31318F0A6F8DC
:1061A000274818F0A3F8244840F2F31118F095F8A6
:1061B00063685B7923B1236829461B6820469847AA
:1061C0001034E4E7F4D32846FFF7BCFF1D4B1E4C08
:1061D0001B68002B19DD19F012FB4FF47A72A0FB3B
:1061E000020302FB0131C30BD4E9002043EA41431F
:1061F0009B1A4FEAD13140F2E93261EB0001934240
:1062000071F1000101D3FFF733FFD4E9003213F538
:106210007A7342F10002C4E90032BDE87040FFF732
:1062200099BF70BD815A0020982600207406020094
:1062300094060200E32A0200862A0200B01D020032
:10624000042B020094260020601D002070B5154D1F
:10625000297829BB0120FFF73FFE134C134EB442AF
:1062600017D91349134A14484FF4DC7318F03EF859
:10627000124818F03BF80F484FF4DC7118F02DF875
:1062800063685B791BB1236820469B68984710348C
:10629000E5E7F5D3FFF764FF0028FBD101232B705E
:1062A00070BD00BF825A00207406020094060200EE
:1062B000E32A0200862A0200B01D0200042B02001D
:1062C0002DE9F0472F4B304FFB1A1B090BD12F49FB
:1062D0002F4A304840F2923318F008F840F29231D9
:1062E0002B4817F0FAFF00210846FFF7F5FD04469A
:1062F00040B340F267684FF0000915F04DFA264BA5
:10630000186030B1254B1B68092B02DD244813F0BF
:106310007BFDDFF88CA0002544B12046FFF7AAFDE5
:10632000044618B94FF0FF384FF0FF39FFF718FF58
:10633000064628B95DB942464B46504613F0A8FDC3
:106340003546E9E74FF0FF384FF0FF39D5E70D4DFF
:1063500008E0F0D22B689B691BB100221146284649
:1063600098471035BD42F4D90E49094A094840F210
:10637000863317F0BBFF0C4817F0B8FF40F28631A8
:10638000AEE700BF7406020094060200232B020051
:10639000862A0200B01D02009026002098260020C8
:1063A000800B0020E32A0200042B020013B52C48C6
:1063B00018F03CF92B4B1B78002B35D0EFF31184F0
:1063C000202383F31288BFF36F8F274815F0A0FBBB
:1063D00068B9264A26492748882317F087FF2249AB
:1063E000254817F083FF8821204817F076FF1E48C4
:1063F00015F0B2FBFFF7B4FE1B4815F097FB68B928
:106400001A4A1E491B4840F2311317F06FFF164914
:106410001B4817F06BFF40F23111E5E784F3118858
:10642000BFF36F8F02B010BD164B1B68002BF9D065
:1064300050B900220023CDE9002313484FF4004255
:10644000002315F0B9FEEDE70928EBD10E4819F04D
:1064500029FA0E4802B0BDE8104013F0D5BC00BFC9
:1064600098260020825A00208826002079280200E1
:10647000A6280200B01D0200BB280200D12802009D
:10648000E828020090260020681D0020800B0020D4
:1064900010B5064B1B68044698472146A060044887
:1064A000FEF75EFFBDE81040FFF780BF3C0600200E
:1064B000D00A0020044A054B9B1AB1EBD30F34BF1E
:1064C00052F8310000207047840502007406020073
:1064D0000E4BC31A1B11013310B5DBB248B90C497E
:1064E0000C480D4ADF2317F001FF0B48DF2117F09E
:1064F000F4FE4468237143689A71436819604368E5
:1065000001225A71BDE81040FFF772BD7406020007
:10651000C32B0200B01D02008B2B02002DE9F04FAF
:106520008FB004AFC1F34A28B8600D4691467B6036
:106530000C0DB8F1000F68D0002607F114034FF0DE
:10654000040B4FF00A0AC7F80C80C7E907667E62A1
:106550000193CDF808B0CDF800A007F11C03F9684D
:1065600032464846FEF754FBB0F5006F03461CD395
:106570006C468AB0D9F8041004AB2C48C3E9050175
:1065800040F2FF71D9611A464FF400711984284B0B
:1065900042F8103F274833464FF41251FFF7BEFF31
:1065A000A5462C37BD46BDE8F08FC0F30A0804F1BC
:1065B0001700184420F0070080083B60FFF7B2FD89
:1065C00068F35325044640B33B681B4AC7E90836C5
:1065D00000F1100107F11403F961CDE900A3CDF832
:1065E00008B0F96807F11C034846FEF711FB0028C4
:1065F00013DA12491248134A4FF4A37317F076FEC8
:1066000010484FF4A37117F068FE04F1170020F052
:1066100007008008FFF786FD044668F353257B6872
:10662000B9682A46204618F037F8BAE7E32B02008B
:10663000040000010C0602006DE601004F2C020070
:10664000B01D0200222C02002DE9F04F87B0DDE9D9
:106650001279DDE9106A044603919346984627B300
:10666000CDF800903B46524610210020CDF8149002
:10667000FEF7B6F8051E0BDA2649274A274840F2EE
:10668000651317F033FE40F26511234817F025FE1D
:10669000B5F5006F0ADB224A224840F2FF7302215F
:1066A00007B0BDE8F04F18F050B83D4606F11700AE
:1066B000284420F0070004F007048008FFF732FDAB
:1066C0000BF0070BE40044EA8B1444EA452444EA47
:1066D00006540646A0B19FB1CDF800903B46524605
:1066E00029461030FEF77CF8002809DA09490A4AE1
:1066F0000A4840F2851317F0F9FD40F28511C4E70E
:10670000039943462246304607B0BDE8F04F17F0E4
:10671000C3BF00BF4E2C0200222C0200B01D02009D
:10672000582C02000C060200406820B1034BC01A2E
:1067300040F3CF0070474FF0FF30704784050200F0
:106740000EB403B503AB014653F8042B0448019380
:1067500018F02CF802B05DF804EB03B0704700BFEE
:1067600081670000CA0605D48B064CBF0249034965
:10677000FFF7E6BF704700BF40390200902C0200CF
:1067800038B54B681A68CB689A4205460C4602D168
:10679000084617F0FEFF6368BFF35B8F53E8002FD6
:1067A000511C43E800100028F8D1BFF35B8FA368A9
:1067B0009D5463681A68E3689A4209D905490648F6
:1067C000064A7B2317F092FD04487B2117F085FDD4
:1067D000002038BDC22C0200B01D0200932C020024
:1067E0002DE9F04F8BB09A46169B06939DF854B056
:1067F000179B0593189B199E049304460D469046DB
:10680000BBF1000F00F0AE80BBF1040F0BD9A4491F
:10681000A44AA54840F24D2317F068FD40F24D21EF
:10682000A04817F05AFD06F00103089306F008038C
:10683000079306F48073099317F016FF06F0020918
:10684000024600283CD099492046FFF779FF0746C9
:10685000B9F1000F08D016F0440F33D194492A46FD
:106860002046FFF76DFF0744089B53B1914B9249B7
:1068700053F82B20914B2046002A08BF1A46FFF7F9
:106880005FFF099B002B49D0079B002B63D1B8F118
:10689000000F65D08A4942462046FFF751FF054662
:1068A000069B3D44002B6CD1049B002B40F0818063
:1068B000F30700F1EF8031462046FFF753FFE3E096
:1068C0000746C5E77F4B18680028CCD07E4B4FF4B5
:1068D0007A791B68B5FBF3F54FF46161B5FBF0F312
:1068E00000FB135509FB05F54FF03C0CB3FBF1F22F
:1068F00001FB1231B5FBF0FEB1FBFCF300FB1E55B2
:106900000CFB131109FB05F50091B5FBF0F56F4980
:10691000CDE901E52046FFF713FFA4E7079BEBB1A4
:106920006B4B6C4953F82B202046FFF709FF0546B7
:10693000B8F1000F05D0624942462046FFF700FF3C
:106940000544BAF1000FABD0634952462046FFF729
:10695000F7FE0544A4E74FF0000AE1E7079DE7E7EB
:1069600045469DE7BAF1010F069B06D1DBB9049BB2
:10697000002B00F0898000251BE0002BF7D0574842
:1069800012E05748069B5749224617F0D0FB0028D3
:106990000CDA5549434A444840F2A72317F0A6FCB5
:1069A00040F2A7213CE74E485D46EBE7049B002BF5
:1069B00066D0DFF84881DFF84891049F3146102FF8
:1069C000204628BF1027FFF7CDFE4FF0000A55459F
:1069D00043DC059B49461A782046FFF7B1FE4FF08D
:1069E000010A1AF0070F03D141462046FFF7A8FE1F
:1069F000574539D9059B494613F80A202046FFF729
:106A00009FFE0AF1010ABAF1100FEAD13749204678
:106A10004FF0000AFFF794FE5246059B9A5C344BF8
:106A2000995C11F0970F08BF2E2232492046FFF7DC
:106A300087FE0AF1010ABAF1100F1AD01AF0070FF7
:106A400003D141462046FFF77BFE57455246E4D826
:106A500041462046FFF774FEEBE741462046FFF72C
:106A60006FFE0AF1010AB2E723492046FFF768FEEC
:106A7000C7E7059B3B440593049BDB1B04939CD118
:106A8000BBF1000F7FF414AF20460BB0BDE8F04F10
:106A900017F07FBE094A08492046FFF751FE0AE772
:106AA000F72C0200932C0200B01D0200032D0200FF
:106AB000072D020030080200DE3C0200F22C02002A
:106AC0002C2D0200A4260020A0260020102D02005C
:106AD00044080200302D0200362D0200BBE7010001
:106AE00081670000ADE701003B2D02004E2D020042
:106AF000245B0200502D02004A2D02004C2D0200A2
:106B0000442D020073B542F20F738B4228BF0B462F
:106B100005680F4A04460521684617F081FB636843
:106B20000C495B6806460B22284617F024FE636872
:106B30003246694628465B6817F01DFE63680649C1
:106B40005B681B22284617F016FE02B070BD00BF1E
:106B5000003B02006F2D0200532D0200074A002166
:106B60000123904206D8064A01B901231360054B60
:106B70001860704740085B000121F2E740420F00B7
:106B8000A0260020A4260020014B01221A70704785
:106B9000835A0020014B002019607047BC2600205A
:106BA0000148FFF7AFBF00BF7408020010B5064BE5
:106BB00018680C46FFF706FA21460346BDE8104068
:106BC00002480F22184700BFBC26002074080200AC
:106BD000F8B5094D094B0A4ED5E9004701221A7054
:106BE0000CB92C60F8BD214630463A4600F01EF83C
:106BF000241A0644F4E700BFB0260020845A00207F
:106C0000855A002010B9074B18707047064B1B7847
:106C10001BB141F2883018F0E1BCA420002114F02F
:106C200085BD00BF835A0020845A00202DE9F84317
:106C3000DFF878901C4F80460E46042499F80050E7
:106C400095B912F0DDFA28463246414612F08AFA2A
:106C5000054612F0DFFAE5B101233B7099F80030E8
:106C600073B93046BDE8F88332464146002012F041
:106C700079FA0546EFE72046FFF7C4FF651E2C466C
:106C8000002012F0B3FA0028EBD03B78002BF2D1B1
:106C9000E7E73B78002BE4D0013C2046FFF7B2FF4A
:106CA0003B78002BCAD1DCE7835A0020845A0020AD
:106CB0002DE9F341436812481C680DF1070165682E
:106CC00017F0D8FD30B99DF80710012902D10C4802
:106CD00000F04EF801232B772568D5E90136D3E97A
:106CE00000482F6824B96B681C6002B0BDE8F081D1
:106CF000214630464246B847241A0644F2E700BF10
:106D00008C030200F8B5074F0D4604464618B442FE
:106D100001D12846F8BD14F8011BBB6801485B6827
:106D20009847F4E78C03020010B543681C680948D3
:106D300018F058FC48B908490848094A992317F03F
:106D4000D5FA0748992117F0C8FA23685B685C6098
:106D500010BD00BF8C030200E92D0200B01D02002F
:106D6000AB2D0200014B036000207047B808020001
:106D700070B544690D46002C3FD0244A2379565CF7
:106D8000B3423DD0224A525C9A423CD1A368984714
:106D9000002814DA022D10D0032D0FD110F1860F28
:106DA0000BD0BFF35B8F54E8003F43F0020344E88D
:106DB0000032002AF7D1BFF35B8F267170BD022D20
:106DC000267101D00020F9E7BFF35B8F54E8003F44
:106DD00023F0040344E80032002AF7D1BFF35B8FAD
:106DE000BFF35B8F54E8003F23F0020344E8003216
:106DF000002AF7D1BFF35B8FE4E76FF05700DDE7C0
:106E00006FF07700DAE76FF08500D7E7402E0200D9
:106E10003C2E020008B5044817F0F5F9BDE808401B
:106E2000024817F0F0B900BF532E0200882E02006E
:106E30002DE9F84F804600AF0C46002900F0AC80E9
:106E4000E9468AB0D1E90012A3686D465B482E4638
:106E50004FF0050AC5E90501C5E9072346F810AF5B
:106E60005748324600234FF42151FFF757FBCD46D8
:106E7000D4E903126369AD465248C5F810A0C5E9CC
:106E80000501C5E907234E48002332464FF421513E
:106E9000FFF744FBCD46E3694B4A4948DFF848B168
:106EA000012117F052FC264600254FF00A0AE94658
:106EB0008EB0D6E908E0D6E90A136A46C2F81CE0AB
:106EC00005F1010EC2E908E0A81CC2E90A01E91CAB
:106ED000C2E905B5C2E90C1342F810AF38480023E7
:106EE00045F240010435FFF719FB102DCD4606F1A0
:106EF0001006DCD1236E354A3148012117F025FCFC
:106F0000A66E002E3CD08AB0D6E90001B3686A466E
:106F10002F4D4FF0050AC2E90550C2E9071342F8A8
:106F200010AF274800234FF42151FFF7F7FACD4661
:106F30008AB0D6E9031273696D462648AB46C5E9A7
:106F40000501C5E907234BF810AF1D485A46002339
:106F50004FF42151FFF7E2FACD46D6E90612336A23
:106F6000AD461D48C5F810A0C5E90501C5E90723D0
:106F7000134800235A464FF42151FFF7CFFACD466C
:106F8000236F164A0E48012117F0DFFBA369144A4C
:106F90000B48012117F0D9FBB8F1010F07D1EFF32E
:106FA0000583104A0648103B414617F0CEFB2146A8
:106FB000404612F067F9BD46BDE8F88FB62E0200D4
:106FC0003C060200E52E0200142F0200662F02008C
:106FD000752F0200A42F0200D32F020002300200FE
:106FE0001430020042300200232F020030BFFFF7AE
:106FF000FDBF00BF074A936893F90E10002907DB15
:10700000926993421FBF044A536843F08053536010
:10701000704700BF2058002000ED00E070B5294CFB
:1070200006460D462848294917F06BFCA36AD90487
:107030003CD52548264917F064FC1720A36A1A0599
:1070400004D52148234917F05CFC18201D4CA36A85
:107050009B0512D51C48204917F053FCA36BA26A6C
:10706000100409D51D4A1848012117F06EFB1EB106
:10707000A36A23F40043A3621920124CA36A5905A2
:1070800004D51148164917F03CFC1A20A36ADA050A
:107090000ED50D48134917F034FC1B20094A936A9A
:1070A00043F47F43936200232B7070BD1620C5E725
:1070B000A36A9B04F2D504480B4917F022FC1C205C
:1070C000ECE700BF00ED00E03C0602005530020096
:1070D0006B3002007C3002008F300200A8300200CA
:1070E000BD300200D8300200F030020010B5204C54
:1070F0002049214817F005FCA36A990136D51E489E
:107100001E4917F0FEFB1E20A36ADA0104D51A48B7
:107110001B4917F0F6FB1F20154CA36A1B0304D56F
:107120001548184917F0EDFB2120A36A590304D52F
:107130001148154917F0E5FB22200D4CA36A9A036C
:1071400004D50D48114917F0DCFB2320A36ADB03AB
:1071500004D509480E4917F0D4FB2420044A936A49
:107160006FEA03436FEA1343936210BD1D20CBE720
:1071700000ED00E01F3102003C0602003731020042
:107180004A3102006431020082310200A73102005C
:10719000C13102002DE9F8433F4D804689463F4802
:1071A0003F49174617F0ADFBAB6ADA0627D53D49D4
:1071B0003A4817F0A6FB1124AB6A1B0704D53A49DD
:1071C000364817F09EFB1224334DAB6A9E0718D544
:1071D0003649324817F095FB6E6BAB6A1C0646D5F4
:1071E000334A2E483346012117F0AFFAB9F1000FA8
:1071F00003D0AB6A23F08003AB62132403E01024B6
:10720000DAE76FF01506244DAB6AD80704D5294993
:10721000224817F076FB1424AB6A990604D5264958
:107220001E4817F06EFB15241B4DAB6ADA0602D41C
:10723000AB6A9B070AD56B68180507D541463046EF
:1072400000F0ACFBB0B180F309880224124B9A6ABB
:10725000920642BF5A6A22F400525A629A6A42F077
:10726000FF029A6200233B702046BDE8F8836FF06E
:107270001506C2E7AB6AD906E8D51049104A11488D
:1072800040F25D1317F032F80F4817F02FF80C4852
:1072900040F25D1117F021F800ED00E03C0602001D
:1072A000EC310200023202007C3002003532020072
:1072B0004D32020063320200F0300200B4320200AC
:1072C00082320200B01D0200FE3202002DE9F047BA
:1072D0009A469EB0794B16465A6800AF81460D46D5
:1072E000C2F308034FF0000888F31188BFF36F8FD3
:1072F00006F07F41B1F17F4F07D106F00C0108295C
:1073000012D16F496F4817F0FCFA6F496F4A704805
:107310004FF48B6316F0EAFF6E4816F0E7FF4FF468
:107320008B616A4816F0D9FF31075CBF05464FF004
:107330000108002DE9D00021F970D91E092900F2B9
:107340009B80DFE801F00591947499999999999738
:1073500061495C48594C17F0D4FA0023FB70E36A8A
:107360009A0705D55D49574817F0CBFA002429E064
:10737000E36A002B01DA5A49F5E7E36A5B0066D558
:107380005849504817F0BDFA6369AA6943F48073FD
:107390006361BFF34F8FBFF36F8F636932F8022CC5
:1073A00023F480736361BFF34F8FBFF36F8F4DF68C
:1073B00002739A4224D12B684B4A4248012117F0AC
:1073C000C4F92C68FB78BBB968222946381D18F02F
:1073D000E2FAC7E91BA93B6A7E67B8F1000F67D0E4
:1073E000C3F3080222B96FEA53236FEA43233B62D7
:1073F000391D2046FFF71CFD7837BD46BDE8F087F4
:10740000A36ADBB233B1FA1C01212846FFF7C2FEA2
:107410000446D7E7A36A13F47F4F04D0F91C012078
:10742000FFF7FCFDF4E7A36AB3F5803F02D3FFF753
:107430005DFEEDE72D49254A254840F22A3316F036
:1074400055FF2B4816F052FF40F22A3169E72749D1
:107450001E4A1F4840F22E3316F048FF254816F00A
:1074600045FF40F22E315CE7FA1C0021CDE7F91C04
:107470000020D5E7204976E712F4F87F1F4A20491B
:107480006C468AB018BF11466A46103BD3611D484E
:107490004FF4007313841C4BC2E9050142F8103FFE
:1074A000084800234FF41151FFF738F8A5465DE76F
:1074B00023F4FF7323F0010399E700BF00ED00E020
:1074C0004F3302003C0602007A330200823202008F
:1074D000B01D02008D330200CB330200E233020004
:1074E000033402001134020030340200F94F02006C
:1074F0004C34020070340200A03402003633020023
:1075000021330200C434020004000001044B5A6914
:1075100042F010025A615A6922F008025A6170471B
:1075200000ED00E0EFF30880EFF3098101B506B448
:107530002DE9F00F6B467246FFF7C8FE0AB001BD99
:10754000002080F31488BFF36F8F10F005F900203E
:107550000D490860BFF34F8F0C4880F3088800F096
:107560003DF8202080F3118809484FF40461401849
:1075700080F30988EFF314800221084380F3148814
:10758000BFF36F8F00F068F994ED00E0008D0020EC
:1075900000770020BFF34F8F0549064BCA6802F4FD
:1075A000E0621343CB60BFF34F8F00BFFDE700BF26
:1075B00000ED00E00400FA050749D1F8902000230F
:1075C000C2F307221846934200DB7047C1F8983097
:1075D000C1F8A0000133F6E700ED00E008B572B68F
:1075E000002383F31388FFF7E7FF144B4FF0FF32BC
:1075F000C3F88020C3F88420C3F88820C3F88C2007
:10760000C3F89020C3F89420C3F89820C3F89C20B6
:10761000C3F88021C3F88421C3F88821C3F88C21E2
:10762000C3F89021C3F89421C3F89821C3F89C2192
:1076300062B6BFF34F8FBFF36F8F08BD00E100E06C
:10764000084B9B6883420BD1EFF3058343B1064B94
:107650005A6842F080525A605A6A22F400425A62D2
:1076600014F0A0B82058002000ED00E00A4A93680A
:107670006FF00A01C3F8AC100849C3F8A8004B68C2
:1076800043F080534B60002383F31188BFF36F8F67
:107690009368D3F8AC0070472058002000ED00E05C
:1076A00010B5124A9168034681F8F100EFF3118199
:1076B000202181F31288BFF36F8F906990600C4A8C
:1076C0004FF00061516090F8F14023F0FF03002279
:1076D0001C43D0F8A830C0F8A82083F31188BFF36A
:1076E0006F8F00F0F7F9204610BD00BF2058002032
:1076F00000ED00E019498A6882F8F1E04FF03000AF
:107700001044EFF3098C80E8F01F1EF0100F03D136
:1077100002F1B00080EC108A74467046FFF7C0FF9B
:10772000A6460E498A6886461EF0100F03D0002335
:10773000E1EE103A03E002F1B00090EC108AEFF3B2
:10774000148323F0040383F31488BFF36F8F02F1D3
:10775000300090E8F01F8CF3098870472058002013
:107760001EF0040F0CBFEFF30880EFF3098081696E
:1077700011F8021C0229FFD001B5EFF3098106B40C
:107780002DE9F00F694617F0A2F80AB001BD00BF5D
:1077900040B2002807DB044A4109012300F01F0022
:1077A000834042F82130704700E100E040B20028F9
:1077B0000CDB4309064900F01F0020330122824000
:1077C00041F82320BFF34F8FBFF36F8F704700BF87
:1077D00000E100E0054B420900F01F0053F82220B1
:1077E000012303FA00F01040704700BF00E100E001
:1077F00038B54B1C072B04460D460FD9114A1249C8
:107800001248582316F072FD1148294607232246D4
:1078100016F06CFD0B48582116F05FFD40B20028B1
:10782000ACBF00F160400B4A4FEA4313B8BF00F011
:107830000F00DBB2AABF00F56140135480F800339B
:1078400038BD00BFD73402000E350200B01D020063
:107850002935020014ED00E0144A08B5144B22F05B
:107860007F029A60BFF34F8FBFF36F8FD3F88820EA
:1078700022F47002C3F88820D3F8882042F4A002D2
:10788000C3F888204FF04042C3F83422BFF34F8F33
:10789000BFF36F8F0023E1EE103A11F019FE14F0E0
:1078A00063F900F0EDF811F05BFE00BF000000008E
:1078B00000ED00E0017B890709D5D0F89810403130
:1078C000C0F89810D0F89C104039C0F89C1042F8CD
:1078D000203C009B42F81C3C0F49019B42F8183C9D
:1078E000029B42F8143C21F001014FF0807342F8F2
:1078F000043C42F8081C0023C0F8A830037B13F0B6
:10790000020FA2F120024FF6085308BF4FF47D4347
:107910000265C0F8F03070473BE20100037B13F0D2
:10792000020F1D4B03D190F8F120D2061BD45A6BE5
:1079300042F080425A63D0F8F03019070DD443F07A
:107940000803C0F8F030D0F898304033C0F89830D1
:10795000D0F89C30403BC0F89C30037B43F00203DE
:107960000373802070475A6B22F080425A63D0F82C
:10797000F0301A0701D44020704723F00803C0F804
:10798000F030D0F89830403BC0F89830D0F89C30B8
:107990004033C0F89C30EEE700EF00E00D4A0346AC
:1079A0009068A8B1D0F8F020D0F8980012F0080F35
:1079B0000CBF4022802213F1160F04D0821A9A4283
:1079C00005D8834203D2814228BF0020704700209F
:1079D000704700BF20580020104B9B6883421AD18B
:1079E000EFF30580B8B9EFF31181202282F31288FA
:1079F000BFF36F8F1A7B22F002021A73EFF3148326
:107A000023F0040383F31488BFF36F8F81F311888D
:107A1000BFF36F8F70476FF015007047205800203C
:107A200008B515460E460022E1EE102AEFF3148247
:107A300022F0040282F31488BFF36F8FBFF36F8FBD
:107A4000094A906000F046F82C4686F309884FF00A
:107A50000000064B984720464FF000014FF000020F
:107A60004FF00003024C20472058002013E901008A
:107A70003BE20100014B10221A61704700ED00E06B
:107A8000044800232021C2180133302B82F8001350
:107A9000F9D1704700E100E008B5EFF30583064A2D
:107AA000103B02EBC30152F8330049688847BDE838
:107AB0000840FFF79FBA00BF04040200024B034ACC
:107AC0000348012100F090B80000022000000020CF
:107AD000B808020010B50446FFF720FFD4F898203C
:107AE00003460548D21AC0E90023044B8360BDE871
:107AF0001040012100F09EB8EC26002000000B157C
:107B000008B503461048D0F89020C2F30722013A86
:107B1000934207D90D480E4A012116F016FE6FF068
:107B2000150008BDC0F898300A6822F01F021A43F9
:107B300042F01002C0F89C208A6842F00102C0F8AE
:107B4000A0201846EDE700BF00ED00E0240602008B
:107B50006D350200F0B50E4685B01F46044600257F
:107B6000B5420DDA606810B397B1431E18420AD0CF
:107B7000104A11482B46012116F0E7FD6FF015025F
:107B8000104605B0F0BD1F28F2D921680B42EFD195
:107B90002368019316F0E0FEA36801A90343D0B265
:107BA0000393FFF7ADFF10F1160FE7D0421C01352C
:107BB0000C34D5E79335020024060200044B05225D
:107BC000C3F89420BFF34F8FBFF36F8F704700BF90
:107BD00000ED00E0BFF35F8F024B0022C3F894205A
:107BE000704700BF00ED00E038B50D4D01232A7845
:107BF0000C46FFF7AFFF287016300FD1094A0A492B
:107C00000A484FF4B47316F071FB0948214616F088
:107C10006DFB04484FF4B47116F05FFB38BD00BF34
:107C2000965A0020B6350200F94F0200B01D02003E
:107C3000E535020010B5144A002312780C46FFF710
:107C400089FF10F1160F08D0104A0021D2F89030A9
:107C5000C3F30723984210DB10BD0D4A0D490E48AF
:107C600040F2871316F042FB0C48214616F03EFB0B
:107C7000074840F2871116F030FBC2F89800C2F8AE
:107C8000A0100130E2E700BF965A002000ED00E0AE
:107C9000B6350200F94F0200B01D02001136020095
:107CA0002DE9F04F7B4C7C49D4F890300D68C3F33C
:107CB00007239D4285B013D9784A7949794840F223
:107CC0009F1316F013FBD4F8902077482946C2F38F
:107CD000072216F00BFB40F29F11704816F0FDFAD8
:107CE000FFF778FF49680022954201F10C012DD180
:107CF0006E4C6F4F25706846FFF734F8DFF8C88187
:107D0000DFF8C89106460025AE4232D1237861499A
:107D10000020D1F89020C2F307229342C0F2AF8036
:107D2000FFF74CFFD1F89030C3F30723082B00F086
:107D3000AC806049594A5B4840F20F2316F0D6FAEE
:107D40005D4816F0D3FA40F20F21C6E7C4F8982038
:107D500051F80C3C23F01F03134343F01003C4F805
:107D60009C3051F8043C43F00103C4F8A0300132C8
:107D7000BAE7009A02EB05132901D3F80CA00AEA2E
:107D80000700B0F5000F60D00AD8B0F5001F38D05A
:107D9000B0F5800F4ED0B0F5801F12D00135B3E79B
:107DA000B0F1807F5CD0B0F1007FF7D19868D3F854
:107DB00004A0525816F0D0FDCDE901A240F4802075
:107DC0000BE09868D3F804A0525816F0C5FDCDE931
:107DD00001A240F0885040F430200390207801A99F
:107DE000FFF78EFE002846DA2D492C4A2D4840F236
:107DF000C91316F07BFA314816F078FA40F2C9112F
:107E00006BE79868D3F804B0525816F0A5FD1AF045
:107E1000010F40EA0800CDE901B20390DED0284905
:107E20001E4A20486D2316F061FA264816F05EFAC5
:107E30006D2152E79868D3F804A0525816F08CFDD3
:107E4000CDE901A240EA0900C7E79868D3F804A089
:107E5000525816F081FDCDE901A240F08270BCE7D6
:107E60009868D3F804A0525816F076FDCDE901A227
:107E700040F08870B1E72378013323708EE7C1F8B2
:107E80009830C1F8A000013343E7002005B0BDE8F9
:107E9000F08F00BF00ED00E0C4080200B63502001C
:107EA000F94F0200B01D02003E360200965A002033
:107EB0000000F0FFF136020041370200C736020031
:107EC000723602009836020000000811000002021B
:107ED00008B50B4BC3F1005303F50033B3F5006F46
:107EE0000CD20849084A09488B2316F0FFF90848C4
:107EF00016F0FCF904488B2116F0EFF9002008BDBC
:107F0000F03F0120A137020071370200B01D0200CE
:107F1000EA370200014B1860704700BF4C06002092
:107F2000F8B5084F06460D460024AC4208DA3B6817
:107F300098470A28305504F1010401D00D28F4D1E6
:107F40002046F8BD48060020F8B50A4F0D46461EEB
:107F5000C0F10104A3199D4201DC2846F8BD7378E5
:107F60000A2B02D13B680D2098473B6816F8010F99
:107F70009847EFE74C06002010B5074C2368C2185D
:107F80000648C0F1005101F500318A423ABF226033
:107F9000C0184FF0FF3010BDF8260020F03F012040
:107FA00010B5044658B91149114A12484FF4C87324
:107FB00016F09CF94FF4C8710D4816F08EF9142094
:107FC00014F06AFA206060B90B49094A09484FF475
:107FD000CC7316F08BF9094816F088F94FF4CC7180
:107FE000EAE7BDE8104017F03EBB00BF7238020060
:107FF00071370200B01D020071380200AD38020076
:1080000010B558B909490A480A4A4FF4E07316F006
:108010006DF908484FF4E07116F05FF94FF0FF3248
:10802000BDE810404FF0FF3311F04ABC7238020037
:10803000B01D02007137020008B558B90749084859
:10804000084A4FF4EE7316F051F906484FF4EE71FA
:1080500016F043F9BDE8084011F002BD7238020085
:10806000B01D02007137020008B5054816F0CBF8C4
:10807000002383F31188BFF36F8F0423184602DFB8
:10808000D038020070B54169867A0B4D044659B16B
:10809000437ADB0706D4342303FB0653DB6A1B68F1
:1080A0009B689847002363613420214606FB0050FB
:1080B000BDE8704017F002BB980B0020024B342241
:1080C00002FB0030704700BF980B0020827A074BFC
:1080D000342101FB02331A6B93F824301B33801ACE
:1080E00023F00303B0FBF3F0704700BF980B0020B0
:1080F00038B5074B827A342404FB0233DB6AD3E9B8
:1081000001240C601568FFF7E1FF04FB005038BD47
:10811000980B002008B5437A4BB10C490C4A0D4826
:108120005A2316F0E3F85A21094816F0D6F84368A6
:108130003BB10949064A07485B2316F0D7F85B2193
:10814000F2E703824369C36008BD00BFFE38020046
:10815000D9380200B01D02000F3902002DE9FF4797
:1081600005466846039114461F4617F04AFBDDE9B1
:10817000008945B96349644A6448EE2316F0B6F8AD
:10818000EE21614818E005F11C06EFF3118A202367
:1081900083F31288BFF36F8F304613F0B9FC68B9D0
:1081A0005B4A5C495948882316F0A0F831465A4882
:1081B00016F09CF88821564816F08FF8304613F0D8
:1081C000CBFC6B8C002B5CD02A8C9A4239D90022D4
:1081D0000023284611F0AEFD0446002831D0304679
:1081E00013F0A4FC68B94A4A4C49484840F231139C
:1081F00016F07CF831464A4816F078F840F2311112
:10820000D9E78AF31188BFF36F8F039D002D69D0E2
:1082100042464B46684617F018FBA27A414B342180
:1082200001FB02332046DB6A1B6803A91E68DDE9F7
:108230000023B0476061002844D12046FFF722FFA9
:1082400035E06C8C631E6B84304613F06FFC0028A5
:10825000C9D08AF31188BFF36F8F95F824302A8C28
:108260001B33121B2C6B23F0030302FB03442D4B27
:108270002D4AEB1A9B105343A37295F82430E372F6
:10828000C3E7304613F052FC0028ACD08AF31188C3
:10829000BFF36F8F54EA07030ED10024274622460E
:1082A0003B46284611F046FD04460028ADD1002487
:1082B000204604B0BDE8F08713F06EFA1B4B8342F2
:1082C000EDD1EAE7039B9D420DD919490E4A0F48AB
:1082D00040F24B1316F00AF8164816F007F840F271
:1082E0004B114EE76561012300212381039BE27A54
:1082F0006160638204F1180017F05BFB2046FFF712
:1083000009FFD5E729390200D9380200B01D020063
:1083100079280200A6280200BB280200D12802000A
:10832000E8280200980B0020C54EECC41023002062
:108330002E3902003F39020070B50C46054658B987
:108340002849294A29484FF4D37315F0CFFF4FF439
:10835000D371254815F0C1FF49B92549224A234860
:1083600040F2A71315F0C2FF40F2A711F1E7EFF3B7
:108370001186202383F31288BFF36F8F1D4813F0FB
:10838000C7FB60B91C4A1D491848882315F0AEFF89
:1083900018491B4815F0AAFF88211748DAE7154845
:1083A00013F0DAFB002323606B689BB9C5E9004436
:1083B000104813F0BBFB80B90F4A12490B4840F23A
:1083C000311315F093FF0B490F4815F08FFF40F262
:1083D0003111E2E71C606C60EAE786F31188BFF3B5
:1083E0006F8F70BD6A1D0200D9380200B01D0200F7
:1083F000843C0200FC26002079280200A628020006
:10840000BB280200D1280200E828020070B504460B
:1084100058B923492348244A40F2B31315F066FFA4
:10842000214840F2B31115F058FFEFF311862023D5
:1084300083F31288BFF36F8F1C4813F069FB60B998
:108440001B4A1C491748882315F050FF17491A4842
:1084500015F04CFF88211648E5E7144813F07CFB23
:1084600025682DB162682B682360954208BF636060
:108470000E4813F05BFB68B90D4A1049094840F2F9
:10848000311315F033FF09490D4815F02FFF40F265
:108490003111E0E786F31188BFF36F8F284670BD76
:1084A0006A1D0200B01D0200D9380200FC2600201F
:1084B00079280200A6280200BB280200D128020069
:1084C000E828020070B5044698B1114D34262046C4
:1084D0006468037A013BDBB203724BB9C36043604B
:1084E000837A06FB03539B6A7BB19847002CEED13D
:1084F00070BD08490848094A4FF4E67315F0F6FEC6
:1085000006484FF4E67115F0E8FEFFF7BBFDEDE716
:10851000980B0020843C0200B01D0200D9380200F4
:1085200008B558B907490848084A4FF4FB7315F0D5
:10853000DDFE06484FF4FB7115F0CFFE027A0132E2
:10854000027208BD843C0200B01D0200D93802004E
:1085500008B5034658B908490848094A40F241237A
:1085600015F0C4FE064840F2412115F0B6FE18464B
:108570005B68002BFBD108BD843C0200B01D0200EB
:10858000D938020070B50D46044658B90F49104A53
:1085900010484FF4137315F0A9FE4FF413710C48F3
:1085A00015F09BFE49B90C49094A0A4840F24D238F
:1085B00015F09CFE40F24D21F1E746681EB10846D9
:1085C000FFF7C6FF4660656070BD00BF423902001C
:1085D000D9380200B01D02006839020038B50546DE
:1085E0000C4659B90C490D480D4A4FF4167315F055
:1085F0007DFE0B484FF4167115F06FFE20B9BDE8F3
:1086000038400846FFF78CBFFFF7A2FF2146FFF76F
:10861000B9FF284638BD00BF68390200B01D02000E
:10862000D9380200034610B5084659B91649174A09
:10863000174840F26D2315F059FE40F26D211348A2
:1086400015F04BFECBB15A684AB912490F4A10488F
:108650004FF41C7315F04AFE4FF41C71EFE78A4289
:1086600009D00D49094A0A4840F2712315F03EFE2F
:1086700040F27121E3E74A685A604468002343608E
:10868000FFF720FF204610BD68390200D9380200EC
:10869000B01D0200493902005739020008B548B937
:1086A0000B490C4A0C482B2315F020FE2B210948BE
:1086B00015F013FE83883BB10849064A06482C236F
:1086C00015F014FE2C21F2E783680B44036008BD0B
:1086D000843C020075390200B01D0200A13902007D
:1086E00008B582888A4203460BD2094909480A4ADA
:1086F00040F2C31315F0FAFD074840F2C31115F01C
:10870000ECFD521A828000680844186008BD00BF62
:10871000B0390200B01D02007539020008B50346E9
:1087200000689A888A420BD208490948094A40F2EF
:10873000CF1315F0DBFD074840F2CF1115F0CDFD4A
:10874000521A01449A80196008BD00BFB039020076
:10875000B01D020075390200F8B5858803680E4621
:1087600004465F1916F035F9B04209D206490748A8
:10877000074A3E2315F0BAFD05483E2115F0ADFD30
:108780003544A5803846F8BDC0390200B01D02004E
:1087900075390200044A0123C2F840354FF0804287
:1087A0000020C2F87835704700E0014020B1034B4B
:1087B000800143F001031847704700BF0007020023
:1087C00008B5044816F00EFF00280CBF6FF0120029
:1087D000002008BD5C0302000E4B402970B528BF85
:1087E00040210D4C46181D46B04203F1020304D14E
:1087F000002305F81130074870BD02781209A25C09
:1088000003F8022C10F8012B02F00F02A25C03F80F
:10881000012CE9E7B55A00200A3A020030B5037886
:108820008BB0044607AD032B21D8DFE803F0021A12
:108830001C1E1249284617F0E2F905956378049347
:10884000A3780393E37802932379019363790093E8
:10885000A3790B4A0B481E2115F0E2FC09480BB026
:1088600030BD0949E6E70949E4E70949E2E7094A71
:108870000A21284615F0D4FCDFE700BF1C1E0200C9
:108880003E1E0200975A0020231E02002A1E0200EC
:10889000341E02005D3B0200052838B5054603D8AA
:1088A0002A21C140C9070CD40C490D4A0D483C236C
:1088B00015F01CFD0C4815F019FD09483C2115F078
:1088C0000CFD0A4816F075F8044620B101210C3061
:1088D000FFF7E4FE2576204638BD00BF4A3A020085
:1088E0001B3A0200B01D02008F3A0200000C00206B
:1088F0000E38012810B50CD80A4816F05AF804466C
:1089000028B101210C30FFF7C9FE01232376204650
:1089100010BD09B10448F0E7BDE810400120FFF7A1
:10892000BBBF00BF340C0020980B0020F0B50546FB
:1089300085B00E461746AB88012B0ED9284616F097
:108940003CF8044648B1AB88984208D90E4A0093D7
:10895000022103460D4815F002FF05B0F0BD284680
:1089600016F02BF8013C2B688DF80800394602A858
:108970008DF809400393B0470028EED021462846E1
:10898000FFF7AEFED7E700BFB63A0200AC05020023
:1089900010B501210C30FFF7C1FEBDE8104003788F
:1089A000024A0348012116F045B800BFE13A02002F
:1089B000BC05020010B50749074816F0B0FE031EBB
:1089C00006DABDE81040054A0548012116F032B824
:1089D00010BD00BF60060020A01D0020033B020068
:1089E000BC050200B0B50B460D8A00AF044629460F
:1089F000D868FFF7F1FE8AB06A46094BC2E9053430
:108A000040F202439384074BC2E907504FF43251BE
:108A100042F8103F044816F01EF8BD46B0BD00BF36
:108A2000203B020005000001BC05020037B502EB47
:108A3000C303044608469A4202D16FF05E0010E07C
:108A4000114611F8085BA54211D1038A5178994269
:108A500009D90848084A0094012115F080FE6FF0FA
:108A6000150003B030BD536898470020F9E70A4667
:108A7000E1E700BFBC050200423B020038B51F48D9
:108A8000FFF7C4FC0446002837D0017E012930D10D
:108A9000038A012B04D81A4A1A4815F0CBFF1DE0AF
:108AA00002210C30FFF73AFE03780E3B012B0546FE
:108AB0000ED8154A1549164840F6A83315F016FC8D
:108AC000002383F31188BFF36F8F0323184602DF5F
:108AD000104A28780323214615F0C0FF2046FFF7EF
:108AE000F1FC0D4BD3F8C4303BB1BDE83840FFF783
:108AF00061BF0B46094A0121CEE738BDB40500200D
:108B0000643B0200BC050200803B0200B43B020053
:108B1000B01D020068090200F0040020E23B0200E0
:108B200010B5012104460C30FFF7F8FD2146034A39
:108B30000078BDE81040072315F090BF80090200BF
:108B4000F8B5012100AF04460C30FFF7E7FD0678C9
:108B5000114A012321463046FFF768FF5F3018D1E4
:108B6000258AE0682946FFF737FE6C468AB06A46D8
:108B70000A4BC2E9053640F202439384084BC2E92E
:108B800007504FF4325142F8103F064815F063FF8A
:108B9000A546BD46F8BD00BFB8090200F63B02007D
:108BA00005000001BC0502002DE9F347DFF85491F0
:108BB000BFF35B8F074688461646002359E8004FEF
:108BC00049E80032002AF9D1BFF35B8F44B9464A25
:108BD00046483B46012102B0BDE8F04715F02ABFE8
:108BE0002046FFF773FA424D4FF00C0A0AFB005083
:108BF0004388BB4224D02046FFF768FA0AFB0050A6
:108C000043883C4A009339483B46012115F0A7FDB3
:108C1000BFF35B8F59E8003F49E80042002AF9D1D1
:108C2000BFF35B8F002B5CD033493448344A40F6A5
:108C30006D1315F05BFB324840F66D1115F04DFBDE
:108C4000A6420ED02046FFF765FA04F10C07012179
:108C500021763846FFF722FD328AF168384615F052
:108C6000C0FE2046FFF732FA0C2606FB0050436890
:108C7000ABB1B8F1000F12D12046FFF727FA06FB7F
:108C8000005001214268D2E90003127A03F01F0666
:108C9000B1405B09FAB100EB830015F0CDFE204630
:108CA000FFF714FA0C2606FB005083686BB12046D0
:108CB000FFF70CFA704305F800802046FFF706FA2C
:108CC00006FB0055A86811F09FF8204602B0BDE8E9
:108CD000F047FFF7F7BBC94300EB830015F0CCFE6C
:108CE000DDE702B0BDE8F087283C0200BC050200C9
:108CF00000270020503C0200833C0200B01D02000F
:108D0000803B0200B005002010B5C1E900239DF8AA
:108D100008300B720C46FFF7D9F9034B0C2202FB0B
:108D200000335C6010BD00BF002700202DE9F04734
:108D30004FF0FF3206464FF0FF331848884615F0D3
:108D400038FE044638B300F10C0701214FF000094A
:108D50003846FFF7A3FC84F818902046FFF7B6F9D1
:108D60000F4D4FF00C0A0AFB005046802046FFF7DB
:108D7000ADF90AFB0050C0F808902046FFF7A6F9AD
:108D80000AFB005503213846C5F80490FFF7E4FCC0
:108D9000068080F802802046BDE8F087CC0B0020DA
:108DA000002700200138C0B202289ABF014B185C8E
:108DB00000207047B03F020002289ABF014B1856AE
:108DC00000207047AD3F020070B50C4D06460FCD38
:108DD00090B001AC0FC40FCD0FC40FCD0FC495E8F8
:108DE00007000E2E84E807009BBF10AB03EB86063E
:108DF000034856F83C0C10B070BD00BFA00602003E
:108E0000883C0200034B0146D3F8E8008268926870
:108E1000104700BFF00400202DE9F041044600F1A6
:108E20000C06304615F0D1FD278A012F05460AD8D9
:108E30001E4A1F483B46012115F0FCFD2046BDE8B7
:108E4000F041FFF73FBB30460221FFF767FC037894
:108E5000052B064623D00E3B012B23D9154A164974
:108E6000164840F6E47315F041FA002383F31188A5
:108E7000BFF36F8F0323184602DF4FF00208104A3A
:108E800030780223214615F0E9FD18F0020FD5D005
:108E90006369278213FA85F5E560BDE8F0814FF03C
:108EA0000308ECE74FF00108E9E700BF643B02006C
:108EB000BC050200803B0200903C0200B01D020095
:108EC0005809020010B50C4612F0FAF9237E012B66
:108ED00021D1E3681B78052B0AD00E3B012B0AD861
:108EE0002046FFF799FF002412F058FA204610BDE3
:108EF0002046FFF791FF0D482146FFF71DFA0C4968
:108F00000C4816F00CFC031EEDDA0B4A0B4801214D
:108F100015F090FDE7E70A4A0848012115F08AFD9F
:108F20002046FFF7CFFA6FF01504DDE7B405002007
:108F300060060020A01D0020033B0200BC050200CB
:108F4000A93C02002DE9F84F3D4C3E483E4D00AF94
:108F5000042115F071FD01F06FF9E2793B4B2046D9
:108F6000012A88BF1D466E46FFF758FC8AB06A4644
:108F7000374BD061C2E90535364B1362364B42F8A8
:108F8000103F3648DFF8E880DFF8D0904FF42351E7
:108F900015F061FDB546324EA3460125E3799D42A9
:108FA0000BF1070B35DB94F824502846FFF70CFF34
:108FB0006E468CB0E18C638D6A46DFF8B8C05362B0
:108FC000C2E90751274B4FF40075C2E905C015856A
:108FD0004FF4535142F8103F204815F03CFDB54680
:108FE00094F825603046FFF7EFFE8AB0238D6A467D
:108FF0001D499584C2E907631C4BC2E9051042F87C
:10900000103F16484FF4335115F025FDBD46BDE81D
:10901000F88F5846FFF702FCEA468AB06A4640F2EB
:109020000133C2E90565D06113844FF4135142F84E
:10903000108F484615F00FFD0135D546AEE700BF4D
:10904000F00400207805002041390200BD3C0200F8
:10905000C13C02000002010304000002BC05020042
:10906000D03C0200060000011F3D02000500000187
:1090700004000001E13C0200044BBFF35B8F186861
:10908000BFF35B8FC0F38000704700BF78050020FE
:1090900038B50546F7F73CFD1C28044610D80A48A9
:1090A0002946F7F72BFD48B122460748294616F016
:1090B00072FC064B2344002283F8EC20002038BDCC
:1090C0006FF00B00FBE700BFDC050020F004002080
:1090D000014811F08DB900BF5006002038B5024696
:1090E0000B462B4DD5F8CC1009B9002038BD05F141
:1090F000A80010F0CDFE0028F7D10022002305F1D2
:10910000CC0010F017FE044668B9224A22492348D1
:1091100040F6B73315F0EAF884F31188BFF36F8F88
:109120000323184602DFD5F8C0305BB11C4A1D4846
:10913000012115F001FBD5F8C000FFF7C3F90023AA
:10914000C5F8C0302046FFF7EBF9C5F8C00020464F
:10915000FFF758FE0346C8B1134A1248012115F023
:1091600069FC124810F050FE2046FEF7AFFF104B8E
:109170000C2202FB0033588818B122461F21FFF74A
:1091800013FD2046FFF79EF9FFF7A2FF0120ADE790
:10919000F0040020803B0200843C0200B01D02006D
:1091A000683D0200BC050200463D02009805002013
:1091B000002700202DE9F04F87B0054600AF164686
:1091C0000C4631B9FFF7B2FD0446A0B96FF0680054
:1091D00097E0887AFEF772FF514B83420BD05149DA
:1091E0005148524A4FF4BF7315F080F84F484FF47E
:1091F000BF7115F072F801220021384616F06CFAA2
:109200002046FEF763FFDFF850A10C2303FB00A00C
:1092100087602046FFF784F90146454816F043FA77
:10922000FFF756FF12F0B8FA424B834220D1DFF825
:109230002CB13F4816F04CFA002181464FF4A02093
:10924000FFF74CFF804688B9384A37484FF4D4734B
:10925000594615F04BF83848294615F047F888F379
:109260001188BFF36F8F0323184602DF4C45E0D10E
:109270004FF4A0220023384610F00AFE804698B131
:109280004FF4D773294A2D49274815F02FF82C4859
:109290004246294615F02AF8002383F31188BFF3CC
:1092A0006F8F0323184602DF2046FEF70FFF0C23C3
:1092B00058431AF80080B8F1000F26D06E468AB0E5
:1092C0006A46204BC2F81C80C2E905351E4B13626A
:1092D00040F2024393841D4B42F8103F1C484FF468
:1092E0003251A8F1090815F0B6FB2046B5465FFAE1
:1092F00088F8FFF7E7F8B8F1090F0ED8154B13F906
:1093000008001C37BD46BDE8F08F16B13460002060
:10931000F7E72046FFF7D6F8F9E76FF00400F0E72B
:10932000CC0B0020F94F0200B01D0200803B020070
:10933000BC050020102300208B3D0200001F02000E
:10934000AB3D0200F03D0200413902000500000182
:10935000BC050200A33F020000270020833D02005D
:109360002DE9F04182B000AF3A1D002140F60340E4
:10937000FFF720FF0446002871D17C68E3681B7862
:109380009BB900F059FFBFF35B8FC14B1A68BFF365
:109390005B8F02F00902BFF35B8F53E8001F43E8C5
:1093A00000200028F9D1BFF35B8F2046FFF78AF831
:1093B0003A1D002141F20300FFF7FCFE044600289D
:1093C0004DD17A68B34DD168D1F80100D1F80510BC
:1093D00005F12C0303C31046FFF774F821463A1D2C
:1093E00041F20100FFF7E6FE0446002837D1786815
:1093F000C3685A7885F824205A88EA841A7985F84F
:109400002520B3F807202A85B3F805306B85FFF7D0
:1094100059F821463A1D41F20200FFF7CBFE0446FF
:10942000E8B9D7F804C0DCF80C2005F13406531C69
:10943000413218685968344603C4083393422646BB
:10944000F7D16046FFF73EF895F830305C060BD454
:10945000914A9248012115F06FF96FF012042046ED
:109460000837BD46BDE8F0813A1D002142F20300F5
:10947000FFF7A0FE04460028F1D17A68884BD16836
:10948000D1F80100D1F8051003C31046FFF71AF810
:1094900095F83030980617D4022140F66D40FFF75A
:1094A00045FC0646002858D002210C30FFF754F93D
:1094B0000123447003702246314640F66D40FFF7A9
:1094C00079FE04460028CAD195F85030190712D504
:1094D0003A1D002142F21C00FFF76CFE04460028F2
:1094E000BDD17868C368D3F80120D3F80530C5E949
:1094F0002623FEF7E7FF95F8923013F0180F01D1FD
:109500001A0604D501F09EFC04460028A7D10821C4
:1095100042F20100FFF70AFC0446F0B108210C30CA
:10952000FFF71AF9F02300224370022697230670F2
:109530008370C270027142718271C271214642F21F
:109540000100FFF737FE0446002888D1082140F6C5
:109550000140FFF7EBFB804610B96FF068047EE72F
:1095600008210C30FFF7F8F88023437020230470A3
:109570008470047144718471C670C371224641467F
:1095800040F60140FFF716FE044600287FF467AF5F
:1095900001463A1D4FF60140FFF70CFE40B1414A2B
:1095A0003E48022115F0C8F800F098FB044656E743
:1095B0007B68DC68B4F80130032B96BF3A4A3B491C
:1095C00052F823106E468AB06A463948D3614FF488
:1095D00000731384374BC2E9050142F8103F2F484E
:1095E0004FF4135115F037FAB4F80120B4F80330F2
:1095F000022AB54649D1052B47D82F4A52F82310E5
:109600006E468AB06A462D48D3614FF400731384C6
:10961000284BC2E9050142F8103F4FF413511F488F
:1096200015F019FA637994F806C0D4F80900032BF1
:10963000B54698BF224AB4F8076094BF52F8231089
:109640001A496C468CB06A46DFF880E0C2E9073CF4
:109650004FF4007393851B4BC2E905E1C2E9096031
:109660004FF4735142F8103F0C4815F0F4F9A54639
:109670007868FEF727FF3A1D00214FF60240FFF7FA
:1096800099FD044620B3104A8AE70849B8E700BFAD
:1096900078050020F00400200F3E0200BC05020007
:1096A00080050020333E020048090200883C020089
:1096B000573E02000400000130090200703E020023
:1096C0002009020007000001B53E0200883E0200AA
:1096D0007868C368B3F80130A5F87530FEF7F2FE7C
:1096E00095F875305B077FF55FAF3A1D21464FF661
:1096F0000340FFF75FFD08B1044A51E77868C3688B
:109700005B7885F87430FEF7DDFE4DE7DE3E020043
:1097100037B5304C0546D4F8E80015F063FF48B97A
:109720002D4A2E48012115F007F86FF0120420464B
:1097300003B030BD6FF0020104F1880015F09CF910
:10974000012115F079F9C30740D42548FFF7A0FCA3
:10975000034620B1234A2148022115F06BF9224B20
:109760001D6001221146214815F0B6FF204815F072
:109770008DFF204810F042FE002300931E491D4833
:109780006FF007034FF4406210F052FE1B49194876
:1097900010F038FFD4F8E800194983681B6898472F
:1097A000044630B10346174A0C48012115F042F92E
:1097B000BDE73DB9FFF7D4FD04460028B7D1FFF758
:1097C000C1FBB4E7104810F013FEB0E76FF0770468
:1097D000ADE700BFF0040020073F0200BC05020017
:1097E0001F3F0200273F0200182700209805002095
:1097F000BC050020A01D002000650020463F02009F
:10980000C58E00004F3F02006805002010B5FFF72D
:10981000A7FD044608B9FFF795FB044B1B681BB175
:109820002046BDE81040184710BD00BF1827002093
:10983000F7B5144B93F94F30002B05460C461DDA53
:1098400014B9204603B0F0BD082C01AA4FF0000166
:1098500042F21800264628BF0826FFF7ABFC002876
:10986000F0D1019FF96832460131284616F093F88D
:109870003846FEF727FE3544A41BE1E76FF085006C
:10988000E0E700BFF004002038B5042104460C30A6
:10989000FEF744FF034640885D7818B119782246E8
:1098A000FFF782F935B1044810F0AEFABDE8384050
:1098B000FFF70EBC38BD00BF98050020B0B50321EE
:1098C000044600AF0C30FEF729FFE3680578B0F8D6
:1098D0000100197840F63543984215D16C468AB09C
:1098E0006A460F4B0F48C2E905310F4BD36140F276
:1098F000013313840D4B42F8103F4FF4125115F011
:10990000AAF8A546BD46B0BD10B12246FFF74CF9F6
:10991000002DF7D0064810F077FAFFF7D9FBF1E7F2
:109920006B3F0200BC050200413902000400000147
:109930009805002070B54FF0FF320D464FF0FF3311
:1099400000210646FEF7D4FF044660B90A4A0B49D7
:109950000B48132314F0CAFC84F31188BFF36F8FF4
:109960000323184602DF022104F10C00FEF7F4FE87
:1099700006704570204670BDBA400200843C02006B
:10998000B01D0200F8B50A4DEF7906460024E3B297
:109990009F4202D86FF0010007E02946304615F0DB
:1099A000A6F80735631C08B12046F8BD1C46EEE753
:1099B000F004002070B5194E06223146054615F018
:1099C000DAFF28B3062142F20500FFF7AFF904469B
:1099D00000B3062229460C3015F003F82146002278
:1099E00042F20500FFF7E6FB044648B110F10D0F07
:1099F00004D10B4A0B48022115F081F8204670BDB6
:109A000033462A6843F81D29AA88B28001221A77B2
:109A10000024F3E76FF06804F0E700BF0D050020B5
:109A2000F0400200C405020037B504460D4689B176
:109A30001849284615F05BF860B9174A2968C4EB45
:109A4000C404A3181151AA889A80AA799A71002097
:109A500003B030BD684614F0D0FF0028F8D1684646
:109A6000FFF790FF0028F5DA0B4A00989DF80610E2
:109A7000C4EBC404A3181051BDF804009880997178
:109A8000002DE4D012592A609A88AA809B79AB7184
:109A9000DDE700BFF7390200F004002070B504468E
:109AA000B1B9C0B1204915F022F8A0B92046FFF79E
:109AB00069FF002831DA2378012B04D1A37903F060
:109AC000C003C02B07D0194A1948012115F017F817
:109AD0006FF0150070BD174DEB79012B20D0BFF34F
:109AE0005B8FD5F88830BFF35B8FDB0707D4002C82
:109AF000EED00D49204614F0FAFF0028E8D1EE79A7
:109B00002146731C3046EB71FFF78EFF08B93046D3
:109B1000E0E7EB79013BEB71DCE76FF07700D9E729
:109B20006FF00B00D6E700BFF7390200FF400200DC
:109B3000C4050200F00400202DE9F341044640B9B9
:109B40001A4A1B48022114F0DAFF002002B0BDE8D7
:109B5000F08101AA002141F20900FFF72BFB054625
:109B600008B1144AEDE7019E1349D6F80C8008F1BC
:109B700001070622384615F0FEFE28B10F490622DD
:109B8000384615F0F8FE18B93046FEF79BFCDCE7C6
:109B9000D8F80130C4F80130BB88A4F8053030464D
:109BA0002570FEF78FFC0120D0E700BF2D41020099
:109BB000C405020046410200043A0200FE390200D8
:109BC00007B56846FFF7B8FF044BD87118B169466E
:109BD0000020FFF729FF03B05DF804FBF00400202C
:109BE000F0B5304DEC7989B0002C53D195F8766002
:109BF00016F0010610D12C4A2C48022114F07FFFE8
:109C0000EC71162600240127EB79E0B298422CD3A0
:109C1000002B3FD000203BE06A4621464FF609402A
:109C2000FFF7C8FA08B1224AE6E7DDF800C0DCF821
:109C30000C104B7823B96046FEF744FC1D4ADBE765
:109C40008B1C02AA01F1120418685968174603C751
:109C50000833A3423A46F7D1186838609B88BB8026
:109C60006046FEF72FFC3446CAE708AB06FB00331C
:109C7000694653F8182C33F8143CCDF80120ADF8A0
:109C800005308DF80070FFF7CFFE01340028BBD0FF
:109C900009B0F0BD0021084609B0BDE8F040FFF76B
:109CA000FDBE00BFF004002064410200C4050200B4
:109CB00090410200B041020010B50C4649B1064B7C
:109CC0001B780B70002014F021FF08B901232370CA
:109CD00010BD6FF01500FBE7F004002038B5104D03
:109CE000EB7913B10024204638BDFFF769FF044625
:109CF00028B10C4A0C48012114F001FFF3E7EB797D
:109D0000002BEFD1FFF76CFF04460028F1D1681C4F
:109D1000FFF750FE04460028E5D0044AEAE700BFFA
:109D2000F0040020D9410200C4050200F8410200FD
:109D3000034B002299689A801960024B1A7270478F
:109D400070060020365B0020F0B5054687B00F4650
:109D500042F2420006211646FEF7E8FF0446C0B173
:109D600006210C30FEF7F8FC46800026477005708F
:109D700006714671084A009503A920460623FEF79E
:109D8000C3FF3246214642F24200FFF713FA07B002
:109D9000F0BD6FF06800FAE77805002038B5074C91
:109DA000002204F114050221A81814F0E6FE08B1FF
:109DB000101938BD1832782AF5D1FAE72427002087
:109DC00008B502460146074814F0D7FE30B922B95B
:109DD000054814F0CCFE40F3002008BD6FF077007A
:109DE000FBE700BF9C2700207805002038B505461A
:109DF000407A0C46FEF7D6FF2073A87AFEF7D2FF12
:109E0000607395F90C30A37195F90D306371EB7A9D
:109E10002371EB8963812B88103BDBB20B2B96BF40
:109E2000054A0523D35CE3712B8883F0100303F00C
:109E30001F03238138BD00BFFA46020037B505462F
:109E4000C379009014308DF804308DF8051014F0AB
:109E5000C2FE074B1C6844B154F8143C183C13B1C3
:109E6000694628469847A469F5E703B030BD00BFAE
:109E70001C2700202DE9F04788B08E4800220023DF
:109E80000FF01EFD002840F0A2808B488A4D14F090
:109E90006EFE10F0010355D02B1D93E8070008ABB0
:109EA00003E90700854814F062FEC0F3801382487E
:109EB00014F05DFE024600287AD073B180490C226E
:109EC00005A815F058FD00287CD000221146104648
:109ED000FFF73AFF0446002875D19DF815301907A1
:109EE00003F0040576D5002D40F09A8028462E46D2
:109EF000BDF81A3063B1BFF35B8F704B53E8001F9E
:109F000041F0800143E80012002AF7D1BFF35B8FD4
:109F10000DF10301FFF7D0FE0446002853D1002EB7
:109F200014BF08210321002D14BF05230023194469
:109F300042F24100FEF7FAFE074600287BD16FF09F
:109F4000680440E05D485F4A14F011FE10F4807F21
:109F50000ED09089D1891269ADF816004FF4807443
:109F6000ADF81440ADF81810ADF81A30079299E723
:109F7000554C2068616805AB03C3A068186092F86F
:109F800091304D481E0744BF05238DF8153014F05D
:109F9000EEFD840706D53023ADF818306023ADF808
:109FA00016307FE7444814F0E2FD4007F3D479E728
:109FB00043B10146FFF7C8FE044620B9404B286173
:109FC000C3E9010000243B480FF04AFD204608B0D9
:109FD000BDE8F087BDF816309DF81400ADF80530E7
:109FE000BDF818308DF80400ADF80730D5B101AEDA
:109FF000BDF81C200AB9BDF81620BDF81E300BB9FB
:10A00000BDF818309DF814108DF80C10ADF80D2027
:10A01000ADF80F305EB13078012808D103AD67E7A5
:10A020000026E5E7421E5042504101AE60E74B1E5C
:10A0300058425841F2E700F10C0903214846FEF767
:10A040008BFB9DF815809DF803300370C8F3400327
:10A0500082468470437036B10123837005223146F5
:10A06000484614F0BEFC55B19AF8023043F00403A0
:10A070008AF8023005222946484614F0B2FC002234
:10A08000394642F24100FFF795F8044600289AD17C
:10A09000BDF81A2008F001010120FFF755FE044623
:10A0A000002890D108AA12E90700054B83E80700B1
:10A0B00088E700BFB82700209C27002078050020F3
:10A0C000AC270020F0040020EC06020010B5034687
:10A0D000152B86B008460CD101AA02A900F016FE85
:10A0E0000346A8B1114A1248012114F02EFB06B014
:10A0F00010BD052B04D101AA02A900F055FEEFE71F
:10A100000C4A0B48012106B0BDE8104014F061BDB7
:10A11000094B1C68002CEAD054F8043C183C13B1DD
:10A12000019802A99847A469F4E700BF1B42020006
:10A13000CC050200404202001C2700202DE9F34715
:10A140000546354814F013FD1446C2070E469946DD
:10A1500002D50B895B075CD4284614F067FC002805
:10A1600046D02946684614F056FC2C4F3B68A3B1F4
:10A17000204614F02AFCB4F80480A4F804900546A4
:10A1800023463F68F27996F905106846B847A368F8
:10A19000A4F8048013FA85F52560214BC6F800D099
:10A1A0001B68002B33D01D6805B1083D53F8082CFF
:10A1B000AAB12F46A3F10805204614F006FCB4F816
:10A1C00004A0A4F804902B688046214630469847A6
:10A1D000A368A4F804A013FA88F323603D46B5B140
:10A1E000AF682B688FB1083F002BE5D13D46F7E7FC
:10A1F0002B78FF2B04D10B49684614F0CAFCB4E756
:10A20000294614F07EFC0146F6E7002BD4D100234A
:10A21000336002B0BDE8F0879C270020E8270020CB
:10A22000E0270020F7390200024B00221A60FFF7F6
:10A230007FBD00BFE827002010B5094C4422002153
:10A24000204615F0B6FB04F11C0015F00CFA04F1E1
:10A25000300015F008FABDE81040FFF7E5BF00BF79
:10A260009C270020032838B5054603D1BDE83840B7
:10A27000FFF700BEFFF7A4FD044658B9064829467B
:10A2800014F0B5FCFFF7F6FD044618B10248294664
:10A2900014F095FC204638BD9C270020032808B503
:10A2A000014602D0034814F08AFCBDE80840FFF7DD
:10A2B000E1BD00BF9C27002010B50020FFF7EEFF96
:10A2C00058B111F0EFF80020FFF7E8FF034620B186
:10A2D000144A1548022114F038FA6FF0800113482F
:10A2E00014F05EFC11486FF4007114F059FC104B2F
:10A2F0001B68B3B11C6804B1083C53F8043C03B1BB
:10A30000984774B1A268234642B15B68A2F1080481
:10A31000002BF5D1F6E7BDE8104018476368002B25
:10A32000F9D110BD66420200CC050200780500207C
:10A33000E02700202DE9F04F00F10C0987B080469E
:10A34000484614F03AFB5F4D0746002F39D05E486F
:10A3500014F00DFCC30707D45A4B1B7A8BB307B01C
:10A36000BDE8F04FFFF7E4BCB8F81030172B07D862
:10A37000564A5748012107B0BDE8F04F14F029BCF8
:10A3800018214846FEF7CAF9B8F8103090F817B00F
:10A39000B0F800A09B45CAF3411604460AF0100A23
:10A3A00012D94B4800934B4A5B46022114F0D7F96F
:10A3B0004046FDF7AFFEBAF1000F02D1414B022239
:10A3C0001A7207B0BDE8F08FBAF1000F0FD002A9E2
:10A3D000FFF70CFDE37D4A4602A9A01CFFF7AEFE85
:10A3E000E17D4846FEF77CF9013FFFB2ADE795F805
:10A3F00008A0BAF1000F05D1FEB1022E37D1FFF748
:10A4000097FCEDE7C27AEB799A4215D1811C0722BD
:10A41000284615F0B0FA78B9022EF0D0DFF8CCA0BB
:10A42000BAF80430BAF806205B44934228DD0223D0
:10A430002B72012ED4D0E2E716B902A92046C7E755
:10A44000BAF1010F05D1244A2148022114F0C1FBC1
:10A45000C6E7022ED3D02149214A224840F26D336B
:10A4600013F044FF40F26D311D4813F036FFC27AFD
:10A47000811C284614F08DFB0123EA712B72CDE775
:10A480002B7A022BD5D0D8F80C105A46504614F02F
:10A49000A8FA012EA8D04EB11349114A114840F232
:10A4A0008B3313F023FF40F28B31DDE702A9204606
:10A4B000FFF79CFCBAF80430524602A9A01CFFF733
:10A4C0003DFE9CE7365B00209C2700208F42020067
:10A4D000CC050200A8420200D24202001F44020042
:10A4E000EF430200B01D020052440200700600203B
:10A4F0000B4A70B50646002514461389B34207D1AE
:10A50000012102F1140014F038FB08B1601970BD8C
:10A510001835782D02F11802EFD10020F7E700BFBF
:10A52000242700202DE9F843104B1C680646884676
:10A530001746C4B154F8103C183C93B1404614F08F
:10A5400044FAA368B8F804900546424639463046B6
:10A550009847D8F80830A8F8049013FA85F5C8F899
:10A560000050A469E5E7BDE8F88300BF1C27002080
:10A5700073B5038A062B07D8224A2348012102B06B
:10A58000BDE8704014F025BB00F10C0607213046F1
:10A59000FEF7C4F805460088FFF7AAFF044640B955
:10A5A0002B881A4A1848012102B0BDE8704014F007
:10A5B000CCB80421143014F0E0FA08B1144ADCE7F6
:10A5C00095F902308DF8053095F903308DF8063095
:10A5D0002879FEF7F1FB227C8DF80700E3798DF8EE
:10A5E000043000946B7952B933B96A46314620463B
:10A5F000FFF798FF02B070BD01232374FAE7002B28
:10A60000F8D1FAE78F420200CC050200654402004F
:10A610009B440200F0B587B0C568FFF7BFFB044656
:10A6200050B92B78442B20D1594A5A48012107B000
:10A63000BDE8F04014F0CDBA00F114060221304616
:10A6400014F0BDFA0120FFF729FE034620B1524A5B
:10A650005048012114F079F82B78442B05D130466D
:10A6600007B0BDE8F04014F0B6BA2E1D304614F025
:10A67000DDF9314670B1684614F0CDF98CB9454822
:10A68000464A012114F0A5FAB5F8010014F056FA73
:10A6900007B0F0BD14F035FA0146684614F079FAB7
:10A6A000ECE704F114060321304614F066FA20BBEF
:10A6B000E279EB789A4219D0384A3648012114F0F1
:10A6C00088FAB5F8010014F039FA1F270321304643
:10A6D00014F053FA28B16946204614F05AFAEB7880
:10A6E000E37139462046FFF7A9FBD1E70722694607
:10A6F000204615F040F90028DED12F78002FE5D153
:10A7000001213046277414F072FAB5F80130238124
:10A71000AB896381AB7BA381E87AFEF743FB3946C3
:10A72000A073102202A815F044F96389ADF80E3029
:10A730000321A37B8DF81030304614F01EFA48B187
:10A74000EB78E371204614F071F96946D8B12046E0
:10A7500014F061F9E3798DF80C300421304602944D
:10A7600014F00BFA0E4B80F001001D688DF81100FB
:10A77000002D8DD055F8183C183D13B102A9204684
:10A780009847AD69F4E7204614F003FAE2E700BF0A
:10A79000E3440200CC050200C84402000B4502005D
:10A7A0001C27002010B5C4682088FFF7A1FE38B927
:10A7B0002388064A0648BDE81040012113F0C5BFB2
:10A7C000BDE810401F21FFF739BB00BF354502002F
:10A7D000CC0502002DE9F04300F10C0785B00646D8
:10A7E000384614F0EAF8DFF89C80DFF89C900546C4
:10A7F00015B905B0BDE8F083404614F0B8F9C307B9
:10A80000F7D5338A082B07D81C4A1D48012105B00B
:10A81000BDE8F04314F0DDB909213846FDF77EFFAD
:10A82000037A328A01339A420446EDD30123ADF80C
:10A830000C307F238DF80630037A034469465B7A37
:10A840008DF80530FF238DF804300023ADF80A3071
:10A8500002788DF80720042A98BF19F80230ADF865
:10A860000830037A3A460130FFF768FC217A38460F
:10A870000131013DFDF734FFEDB2B9E78F4202002F
:10A88000CC0502009C27002006470200F8B50546CB
:10A89000224814F06CF943070F463CD52A78012A68
:10A8A00003D96FF015042046F8BD6B780F2BF8D84C
:10A8B0006888031F9BB243F6FC74A342F1D8A988B1
:10A8C0000B1F9BB2A342ECD88842EAD37AB9144852
:10A8D000002200230EF0F4FF04460028E3D1FFF726
:10A8E0006FFA044640B10E480FF0BAF8DBE714F0F7
:10A8F00023F90028EBD1D4E728686968094E0A4B90
:10A9000003C6A868306020461F60FFF7ABFC044612
:10A9100006F12400E8E76FF00A04C4E77805002098
:10A92000CC270020A0270020E82700200A4B196828
:10A9300000F1080231B98160596839B9C3E90022D0
:10A94000002070478A4204D00968F3E70A605A6021
:10A95000F6E76FF010007047E027002008B50C4BB9
:10A960000C4AC31AD810602B02FB00F00ED90A491A
:10A970000A4A0B4840F2167313F0B8FC094813F06A
:10A98000B5FC064840F2167113F0A7FCC0B208BD32
:10A9900024270020ABAAAAAA65450200EF430200C3
:10A9A000B01D02004E46020038B5224B93F891309C
:10A9B0009B06054638D500F114020121104614F01B
:10A9C000DCF8A0B10121104614F0D7F818B96FF0E7
:10A9D0001504204638BD288914F0B0F80446002834
:10A9E000F7D116212846FFF729FA0024F1E7FFF7EF
:10A9F000D5F9A8420446F8D1FFF7D0F98442E6D150
:10AA00000120FFF74BFC04460028E2D1014642F248
:10AA10004500FEF78BF9014648B1224642F2450057
:10AA2000BDE83840FEF7C6BB6FF08504D1E76FF094
:10AA30006804CEE7F00400202DE9F74F704A019139
:10AA400092F891209106834640F1D180FFF7A6F954
:10AA50000546002840F0CE809BF807200F2A00F220
:10AA6000CC80BBF80C20B2F5FA7F80F0C680BBF832
:10AA70000E200A3A92B243F6F6718A4200F2BD8085
:10AA8000604E0021304614F078F80746C8B9DFF868
:10AA90008091182202FB059A0146504614F089FF66
:10AAA0003946304614F0A3F80E2142F24400FEF776
:10AAB0003DF9804680B9304614F08DF86FF0680497
:10AAC00006E00135052D06F11806DAD16FF00B040A
:10AAD000204603B0BDE8F08F0E210C30FDF73CFEA0
:10AAE0000E223946044614F064FFDBF80820D20732
:10AAF0004FD50321304614F07AF8227842F0010253
:10AB00002270DBF80820930707D5227842F0020272
:10AB100022700421304614F06AF8DBF80820570749
:10AB200042BF227842F004022270DBF808201007AE
:10AB300042BF627B42F001026273DBF80820D1065B
:10AB400042BF627B42F002026273DBF80820920689
:10AB500042BF627B42F004026273DBF808205306B6
:10AB600042BF627B42F010026273BBF80C20A4F873
:10AB70000920BBF80E20A4F80B204146002242F227
:10AB80004400FEF717FB044658B1304614F023F892
:10AB90009EE75946A01C13F0FCFF9BF8072062704B
:10ABA000AFE70221304614F022F80120FFF75AFBEC
:10ABB000044668B10120FFF771FB034620B1124A39
:10ABC0001248022113F0C1FD5046FFF7EDFE7FE76A
:10ABD000019B1822C3F800A05946504602FB059974
:10ABE00013F0D7FF9BF8073089F8073070E76FF054
:10ABF00085046DE76FF00F046AE76FF0150467E7EF
:10AC0000F0040020382700206D460200CC05020029
:10AC1000242700200A4B196800F1180231B981611C
:10AC2000596839B9C3E90022002070478A4204D02C
:10AC30000968F3E70A605A60F6E76FF010007047A2
:10AC40001C27002070B50646144813F090FF4307F8
:10AC50000D461DD5082142F24700FEF767F804466D
:10AC6000C8B108210C30FDF777FD314613F091FF94
:10AC70000022C571214642F24700FEF79BFA0446C6
:10AC800020B1074A0748012113F0A3FF204670BDF9
:10AC90006FF00A04FAE76FF06804F7E77805002020
:10ACA00093460200CC05020070B50646144813F026
:10ACB0005EFF43070D461DD5082142F24800FEF70E
:10ACC00035F80446C8B108210C30FDF745FD314682
:10ACD00013F05FFF0022C571214642F24800FEF7E3
:10ACE00069FA044620B1074A0748012113F071FFB1
:10ACF000204670BD6FF00A04FAE76FF06804F7E7CA
:10AD000078050020C4460200CC05020070B5038A15
:10AD10000B2B0D46164605D81F4A2048012113F07B
:10AD20000BFD0FE00C210844FDF7F8FC04460088F9
:10AD3000FFF7DEFB034640B92388194A1748012173
:10AD400013F003FD6FF0150070BD0521143013F0F2
:10AD50007EFF08B9134AE0E7DA7BA179CA40D2073F
:10AD6000F0D5A2782A70B4F903206A8062792A713A
:10AD7000A17901228A406A71227AEA71E279AA7184
:10AD8000B4F809202A810020E872E27AAA720C3411
:10AD9000EC603360D8E700BF8F420200B4050200C8
:10ADA000134702003F47020070B5038A0B2B0D4684
:10ADB000164605D81F4A2048012113F0BDFC0FE0BC
:10ADC0000C210844FDF7AAFC04460088FFF790FB1D
:10ADD000034640B92388194A1748012113F0B5FCEE
:10ADE0006FF0150070BD0521143013F030FF08B965
:10ADF000134AE0E7DA7BA179CA40D207F0D5A278FE
:10AE00002A70B4F903206A8062792A71A27901213B
:10AE100001FA02F26A71227AEA71E279AA71B4F84F
:10AE200009202A81E27AAA720C34E972EC600020CF
:10AE30003360D7E78F420200B405020013470200D7
:10AE40003F4702002DE9F341002101AA42F25800D8
:10AE5000FEF7B0F9044640B10C4A0D48012113F049
:10AE60006BFC204602B0BDE8F0810198C3685F78B2
:10AE70009D7893F803801E79FDF724FB054B83F83A
:10AE800002801F70DE705D70EBE700BF704702004C
:10AE9000B4050200245C002000F1070C2CF0030C28
:10AEA00010B4541E1860A4B2ACF80020023A93B259
:10AEB00001FB04F24FF0000C40F802C074B103FB38
:10AEC000011403FB01F22044121B4FF6FF7C013BEF
:10AED0009BB263458050A0EB0100F8D15DF8044BB4
:10AEE000704700BF0346006810B102680AB91A60D3
:10AEF000704700F1070C2CF0030CD11DBCF800C00A
:10AF000021F003010CF1FF3CA1F800C0EFE700BF06
:10AF10000B687BB1073323F003031A88013292B226
:10AF20000346D1F800C043F807CB23F003031A808F
:10AF3000086070470122F3E7401A90FBF2F080B2FC
:10AF4000704700BF531E11449BB242B1DB4301382E
:10AF5000CA1811F8013D00F8013F9142F9D170473C
:10AF6000014402E010F8013B1BB98842FAD10020ED
:10AF700070470120704700BF10600860704700BF35
:10AF800010B414682060146861605DF8044B1060B0
:10AF9000704700BF884203D01AB1436813607047FE
:10AFA000002070470B68834209D02AB158681060AE
:10AFB0001A680A6018467047002BF9D1FAE7002397
:10AFC000F8E700BF2DE9F041DFF834800B4E0C2785
:10AFD00006F130044546221D214628460C3CFFF769
:10AFE000CBFFA642A5F10805F5D1043F3B1DA8F112
:10AFF0002008A6F13006EBD1BDE8F081F42800204E
:10B000006828002010B403468C46A2B101EB410130
:10B01000154803EB4304090101EB84010144487A1C
:10B020000C7AA04204BF013008725DF8044B6146FF
:10B0300018460AF055BC01EB41020B4C120100EB23
:10B04000400302EB830323449C7ADA7AA24202D0C3
:10B050005DF8044B704701329A72044B01225A5436
:10B060005DF8044B0AF094BC70280020EC27002007
:10B07000F8B506461C460D4602B322786378D21A0C
:10B0800012F003023AD1274F71004FEA450C3144C8
:10B09000AC44890001EB0C1101330431DBB27A18A6
:10B0A000606823702146FFF76BFF1F4B0122294682
:10B0B00030465A550AF06CFC0020F8BD0AF052FCEC
:10B0C0000028DAD0294630460AF02AFC0028D4D0DD
:10B0D00005EB450206EB4601124F6378120102EBC5
:10B0E00081023A447100907AD27A90424FEA450C3C
:10B0F0000CD02078C01A10F00302C8D0012A03D067
:10B100000133DBB22370D0E71046F8BD2278D21AA3
:10B11000920702D00233DBB22370D4E902039847CE
:10B12000CAE700BF70280020EC2700202DE9F04F6F
:10B13000DFF8649119F8003089B0002B5AD0DFF89D
:10B140005CA13C2204234FF0000B00EB400712FBF4
:10B1500000330324CDE904BB09F800B00AEB07175C
:10B16000039302948346B8460023B96A58F8240F23
:10B17000079307AAFFF70EFF044607AAB4B1079D7D
:10B180002E786978761A06F00306012E35D02B78D2
:10B19000591A01F003010129DBB23DD1D7E90901B8
:10B1A000FFF7F8FE044607AA002CE8D197F82E30E6
:10B1B00097F82F209A4203D087F82F300123049369
:10B1C00097F82C3097F82D209A4203D087F82D302D
:10B1D00001230593029B5D1EEBB2FF2B0293A7F1A7
:10B1E0000C07C0D1049AD846DDF814B012B1BBF1F7
:10B1F000000F45D009B0BDE8F08F01396970079B99
:10B20000D3E902039847079D2A786978D3B2521A86
:10B2100002F00302012A21D0B86A019300224146BC
:10B22000FFF7C0FE6C60019B6A786B702B789B1AED
:10B2300003F00303012B08D0D7E9090107AAFFF7A0
:10B24000A9FE012E044698D10EE0039B6A702946A0
:10B2500020460AEB0302FFF793FEEDE7D7E9090169
:10B2600007AAFFF797FE0446029B8BB101235946BC
:10B27000584609F80B300AF08BFB09B0BDE8F08F97
:10B280005A464146404609B0BDE8F04F0AF028BB97
:10B29000002C8BD0EAE700BFEC27002070280020AC
:10B2A0004B1EDBB271B1411E00EB030C002011F804
:10B2B000013F23B15A1E01301340C0B2FAD161459B
:10B2C000F5D170470846704732B370B54FF0000EA5
:10B2D00004460E46F44670464FF0FF35C6F10803AB
:10B2E0005FFA8EF19342A8BF1346615CDBB2314135
:10B2F00005FA03F621EA060101FA0CF19C44D31A7F
:10B3000013F0FF0240EA01005FFA8CFC0EF1010E1F
:10B310004FF00006E2D170BD1046704730B5027E96
:10B320000568FF2A18D002EB820302EB43038A422E
:10B3300005EB83032BD04FF0000C01E091420DD0C0
:10B3400096461A789C6802EB820302EB4303FF2ABD
:10B35000A44405EB8303F1D1002030BD714519D021
:10B360000FFA8EFE98681B780EEB8E020EEB420EE3
:10B37000FF2B05F82E3008D003EB830203EB4203CA
:10B3800005EB83039A6802449A60604430BD964698
:10B390004FF0000C1A780276E2E700BFA2EB010C36
:10B3A0001CF4000F10B4836844690BD12CF07F4C5F
:10B3B0006344A3420ED8E41A0023446183605DF81D
:10B3C000044B7047891A21F07F418B4209D95B1ADF
:10B3D000A342F0D91B1B0024446183605DF8044B39
:10B3E00070470C44E41AE7E72DE9F04F87B0427A42
:10B3F000036844680293002A00F0F280531EDBB217
:10B4000004EBC3038B46039305948246039B5A685F
:10B410005E780492BBF1FF0F69D00BEB8B030BEB53
:10B420004303029ACDF804B012F823B04FEA830820
:10B4300002EB830400254FF0FF0C84F800C0DAF81B
:10B4400000709AF8183007EB08096345D9F808101E
:10B450000FD1BFE0091A06D1B9F81E80BEF81EE070
:10B46000F04500F2AD8017F82220FF2A9C461346D3
:10B4700009D003EB830203EB420207EB820EDEF8F6
:10B4800008008842E6D9BCF1FF0FC9F8081089F816
:10B49000003000F091800FFA8CFC0CEB8C020CEB6E
:10B4A000420C019A07F82C20FF2B08D003EB8302F3
:10B4B00003EB420307EB8307BB685B1ABB60A3780F
:10B4C00001336370002DA5D06B6A4FF000022A7023
:10B4D000AA7013B1A96A002098476368002B99D11C
:10B4E0006B6A2362AB6A6362BBF1FF0F95D1039B6A
:10B4F000049F9A7806EB860306EB4303711CB24265
:10B5000007EB8305CEB25DD00399087817F82310B6
:10B51000B04208BF00260429ECD16A78029902EBF8
:10B52000820802EB480801EB8804012094F801C06E
:10B53000A1788C454FEA88080BD04FF0000207F83D
:10B5400023206B6AA8700BB1A96A9847039B9A786D
:10B55000D0E7AB8A01924FF6FE729342DAF81410EC
:10B5600007D04FF6FF729B1AB3FA83F35B0984F896
:10B570002830EB6863602B69236200236362AB8A27
:10B580004FF6FD72934288BF0023A383AB69A3618A
:10B59000EB69E3602B6A2361AB68A36000236361FE
:10B5A0006A682046FFF7FAFE4FF00003E383E37872
:10B5B00043F00103E3703EE7019A8AF8182073E72D
:10B5C000014660E7039A05999142A2F1080307D06A
:10B5D00003931BE707F80830019B8AF818306EE7E1
:10B5E00007B0BDE8F08F00BF2DE9F04F467E012384
:10B5F0008BB08376002E40F0B980037EFF2B83460C
:10B6000000F0B38009F086FDDBF81430DBF81C2075
:10B61000DBF80080C01A20F07F4A9BF818305245B2
:10B6200094BF00220122FF2B039200F043811FB23E
:10B63000B14635463B4632E0039B23B9DBF81C306C
:10B640004B4540F29980E78B94F828300137BFB220
:10B650000EF1FF3EE7835FFA8EFE002B00F089803B
:10B66000A38BBB4280F08580E76884F802E097B145
:10B6700023696069626A0193E37803F00103009330
:10B68000DBF81430A9EB0000184420F07F404FF69F
:10B69000FF730021B847029BFF2B44D01BB203EB82
:10B6A000830203EB420308EB8304A26852453AD8B5
:10B6B00018F8233094F802E002936378A3EB0E03AA
:10B6C000DBB2012BAAEB020A9144E4D1A669002E59
:10B6D000B2D1E7680EF1FF3E84F802E0002FDAD025
:10B6E000E18B626A60690B4621690191E17801F0A2
:10B6F00001010091DBF81410A9EB0000084420F0D0
:10B700007F400021B847002E4FF00003E383039BE6
:10B7100018BF01230393E378002262F30003E37070
:10B72000029BFF2BBAD12E469BF80B309BF80A20C8
:10B730009A4208D10132D2B2022A1ABF16463346C3
:10B7400000238BF80B600BEB83030022C3F80C90F3
:10B75000DBF824408BF81A205B46012204210320E9
:10B76000A4460BB0BDE8F04F604786760BB0BDE84D
:10B77000F08F84F802E08EE7029BFF2B78D00298CE
:10B78000A38BE18B00EB8002994200EB420228BFC1
:10B79000CB1A6068059008EB82022CBF9BB20B4667
:10B7A00003FB0003906804938642BDF9083056D32A
:10B7B000CDE9065E8446DDF814E009910593089111
:10B7C00016E0002D3FD1E178D37801F0010103F0BC
:10B7D0000103994233D31378FF2B3CD003EB830250
:10B7E00003EB420208EB820290688444664532D340
:10B7F0009369002BEFD0D38B918B55688B42E0D2AD
:10B80000002DE8D0BEF1000FE5D01F468B42E2D3F9
:10B81000049B07FB05573F1ABB422CBF002701279B
:10B82000E378D17803F001054B4001F00101A94212
:10B8300003F0010303D8002BCDD1002FCBD0DDE9DD
:10B84000065E099F00E7BEF1000F02D05F1ABFB28B
:10B85000DCE77746E4E7DDE9065E059B0899E768E3
:10B860000EF1FF3E84F802E0002F3FF418AF38E7F6
:10B870002E46E5680EF1FF3E84F802E0002D3FF40D
:10B8800053AF2169E38B6069626A0191E178039F9C
:10B8900001F001010091DBF81410A9EB000008444D
:10B8A00020F07F403946A847E378E78367F3000339
:10B8B000E37039E7B14637E7837E002B40F0918390
:10B8C0002DE9F04F437E8FB082460D93002B7BD144
:10B8D000837AC27A012141769A4241690A9100F045
:10B8E00081830133DBB2022B0ABF0D9A1A4613463D
:10B8F00000EB82028372D3680A9A0493D31823F070
:10B900007F43436101230C939AF81830079309F0A1
:10B9100001FC9AF80960DAF800300093731EDAF837
:10B9200004500290DBB2002E00F0BD8305EBC3088B
:10B930000026FF23039305950896CDF804A0D8F8B8
:10B9400004B04FF0000A98F8032098F802900FFA1C
:10B9500089F101EB810009F1010301EB40044A4543
:10B96000DBB20BEB840561D098F80010994208BF58
:10B97000002388F802301BF824006978042839D99C
:10B9800001EB810301EB4307009B03EB87060828CB
:10B990007278B37822D8D21A12F0FF022CD106287E
:10B9A0001CD1019BDB7E8B4251D00BF824A06B6A2B
:10B9B00085F802A0002BC6D0A96A0020984798F805
:10B9C000032098F80290C2E7446A0421034601224A
:10B9D0000420A4460FB0BDE8F04F60470BF824A048
:10B9E0004FF00103AB706B6A002BACD0A96A012049
:10B9F0009847A8E79946AAE705281FD16B684BB975
:10BA0000AB683BB9EB682BB92B691BB96B6933F099
:10BA10007F43E3D0012A1CD0019B04215C6A0122F0
:10BA20000846A047012388F802900893059A90459C
:10BA3000A8F1080300F0DE80984680E7012A00F0B4
:10BA40009B800628E8D1019BDB7E8B42ADD16968E3
:10BA5000B2E0DDF804904846FFF760FCB060D9F82A
:10BA600014C0029B049AA3EB0C0323F07F431344FE
:10BA7000984240F2B980C01A7368002B56D0AB8A46
:10BA8000002B53D0013B9AB2AA827168F38B884293
:10BA900026D901F10109CDF818B009941BE0726AAA
:10BAA000DFF858B2944C9344A34584BF02F1E87286
:10BAB00002F5D432CE46346A94BF8E4602F5A572A2
:10BAC000013BA0EB0E00121B9BB288427262F38313
:10BAD00040F2A881AA8A9342E1D8DDF818B0099C07
:10BAE000934222D24A1CD6F820E00692CDF824B028
:10BAF0000B94726ADFF804B27F4C72449344A345FE
:10BB0000894607D8A2F1E872A2F5D432DDF8189080
:10BB1000A2F5A57201339BB27262F383AA8A9A429C
:10BB20004844E6D8DDF824B00B9CB2836B6803442C
:10BB3000B360AA68736913447361029A6146304620
:10BB4000FFF72CFCEA68B3691344B3612A69934296
:10BB50008CBF9B1A0023B361AB7D1BB1F27863F3FA
:10BB60000002F270009B039A03F8272073786A782A
:10BB700003920133737018E706283FF412AF019F58
:10BB80003846FFF7CBFBB378B0607370FA7E6B7802
:10BB90009A427FF40AAF1BF82430062B3FF457AFCC
:10BBA000019AFF23D3761BF82430062B3FF44FAFC6
:10BBB000082B3FF44CAF0299019B5A698B1A1E0265
:10BBC00009D4049A23F07F4313440199CA699A4225
:10BBD00088BFCB61E9E6049B521A22F07F42934270
:10BBE0008CBF9B1A0023F0E7726913441B1A736120
:10BBF000002041E7089EDDF804A0079B9AF818B0E2
:10BC0000BBEB03050C9B18BF0125002B00F0148132
:10BC1000029B0A9A9B1A23F07F49BBF1FF0FDAF8C7
:10BC20000030009300F0AA80002706960595049E38
:10BC3000B84607E0A37863709AF818B0BBF1FF0F1D
:10BC400000F09A80009B0BEB8B050BEB450503EB9B
:10BC50008504A368B34200F21182A1786278E08B78
:10BC6000521ADAF81C108B42A6EB0306A9EB030963
:10BC7000984431BFC91A4FF0FF3300218AF81B30B6
:10BC8000CAF81C10A369D2B20BB1022A15D0002346
:10BC9000A360009B13F825308AF818306168C9B991
:10BCA000002AC7D0012A01D00028C3D0236A002B64
:10BCB000C0D0616A01209847BCE7002800F0D88016
:10BCC0000023A360009B13F825308AF818306168C0
:10BCD0000029EBD0B4F81EC0BCF1000F40F0A780E3
:10BCE000B4F81CC0E646481CCDE90104D4E9087349
:10BCF0000022704609E000BF592B177F5A2B17FF0F
:10BD000001388E46441C724412D0DFF8F0E2B74C82
:10BD10003B449E44A645F3D8DDF804E0A3F1E87364
:10BD20000138A3F5D433441CA3F5A5737244ECD1B8
:10BD3000029C94F828006362002800F06F810A9B3F
:10BD4000A260A4F81EC003EB080222F07F42DAF8DA
:10BD500014102046FFF722FB009B039A03F82520CE
:10BD60006378CDF80CB00133DBB263709AF818B089
:10BD7000BBF1FF0F7FF466AFDDE905560C9B079A18
:10BD8000039950465A4518BF1D46FFF72DFB9AF8F8
:10BD90001830079A934258D0002E00F08880FF2B6D
:10BDA00000F09481079AFF2A00F08081DAF80020E1
:10BDB00003EB830103EB410302EB8302D2F808B0EB
:10BDC000BBF1000F00F0628109F0A4F9884F894EA1
:10BDD00004460A25DAF81430E21A22F07F4293452D
:10BDE00005F1FF3502F1030240F20A815A452CBFEA
:10BDF0009B185B4423F07F484046DAF82830984788
:10BE000009F088F9021BA8EB040322F07F420332F9
:10BE100023F07F439A42814640F2F480002D36D0D1
:10BE20004C46D7E7DDF818B0099CAA8A58E6A378F3
:10BE300063704FF0000E56E703995046FFF7D4FAAF
:10BE40009AF81830079A9342A6D1002E00F021816B
:10BE5000002D40F038818AF819509AF81A30002BDA
:10BE600000F0D980DAF82440534601220321AFE5DF
:10BE7000CAF81C30009B8AF81BB0A06013F825306C
:10BE80008AF81830616800293FF4D4AE22E75A4A94
:10BE900040F636433946304612F028FA85F31188C9
:10BEA000BFF36F8F0323184602DF4C4692E79AF8E0
:10BEB0000910DAF804604A1ED2B2012500293FF4C5
:10BEC0006EAFCDE9086506EBC208CDF81880CDF855
:10BED00010A0069A5378D1785268009299426DD09A
:10BEE000DDF818A01BB203EB830203EB4203009AB8
:10BEF00002EB830512F82330012B48D0022B50D1DE
:10BF0000D5E901C19CF80040049AEB68D5F810E02F
:10BF1000D2F800801F685069FF2CD5E9059B02D03C
:10BF20000A68824256D0049A0027147E0860FF2CCB
:10BF30002AD0CDE9015C0393CDF814E009E0B268A2
:10BF40003A44C84798B918F82540B368FF2C1F44F5
:10BF50003CD004EB840504EB450508EB8506204640
:10BF6000B1695B46B9F1000FE9D10029EBD0DDF8EA
:10BF700014E0039BB268DDE9015CBEF1000F02D062
:10BF8000716ACEF8001017448CF800401F606B6A8D
:10BF90004FF00002AA7013B1A96A002098479AF8DE
:10BFA00003109AF801309AF800200133DBB29A426C
:10BFB00008BF002399428AF8013093D1069A089964
:10BFC0008A42A2F1080355D0069382E7DDE9015CBD
:10BFD000039BD9E704EB840204EB420418F82440E5
:10BFE000A5E770470D9B0C9304938DE4592B177FA5
:10BFF000240C0200100A0200D00902005A2B17FF7D
:10C0000001230D9300238AF819309AF81A300D9AFB
:10C010001A437FF427AF0FB0BDE8F08F91457FF64C
:10C020008EAE0290481C0190DFF8D4E00298CDF863
:10C0300010C005E08C4662440130914580B212D9AF
:10C04000DFF8C0C03B449C44F445F3D8DDF804C09D
:10C05000A3F1E8736244A3F5D43301309145A3F50D
:10C06000A57380B2ECD8DDF810C0636260441FFA9B
:10C0700080FC64E6099DDDF810A0E9E632469B1AD3
:10C08000A360059D069E9AF818B077E68AF819B065
:10C09000E8E69AF80930DAF804605A1ED2B2002BAA
:10C0A0007FF40FAFD4E6FF230393A6E509F032F83F
:10C0B000044608F0F7FF9AF8183000287FF476AEAF
:10C0C000CAF8144072E69AF8183068E608F0FAFFE9
:10C0D000044640B100238AF819309AF81A30002B30
:10C0E0007FF4C0AE97E7CAF81C0009F013F88AF88D
:10C0F0001940CAF814009AF81A30002B8BD0B1E618
:10C10000592B177F5A2B17FFF8B5069F9DF81C5027
:10C11000089CC8B9154E32605A1E3172737277602E
:10C12000D2B283B107EBC2025460104612F808394C
:10C1300003EB830103EB41018742A5EB030304EB0F
:10C140008104DDB2F0D10DB10120F8BD099B33624D
:10C150000A9B7362FF240B9BB362347608F0DAFF0C
:10C1600075817061F476F5612846F8BD30290020AC
:10C17000044B2C2202FB0033187A003818BF012030
:10C18000704700BF3029002010B40B4B2C2202FB5B
:10C190000032546A64B100EB800200EB420003EB12
:10C1A0008003A44601225DF8044B0321022060476E
:10C1B0005DF8044B704700BF302900202DE9F8439B
:10C1C000274E04462C2505FB046504EB840704EB8D
:10C1D000470406EB84066C68084604EBC00714F8B5
:10C1E0003080FC7897F801E0BDF8301004F1010CC4
:10C1F0005FFA8CFCE04598BF4FF0000CE6452CD070
:10C20000D7F8049004EB840E04EB4E0E09EB8E0479
:10C210004FF0040809F82E806360089BA3600A9B16
:10C22000E3600B9B23610D9BA3610E9BE3610F9B5E
:10C230002362109B6362119BA36202236270A1823E
:10C24000A37087F803C0D5E90835984733464146BF
:10C250000022A847A078BDE8F8830120BDE8F88354
:10C260003029002010B58AB00C9C00940D9C0294DB
:10C27000002401940E9C0394BDF83C400494109C4F
:10C280000594119C0694129C0794139C0894149C8A
:10C290000994FFF793FF0AB010BD00BF2DE9F047E6
:10C2A000264DBDF82C709DF83090044608462C2190
:10C2B00001FB045104EB840604EB460405EB840502
:10C2C0004C6804EBC00614F83080F47896F801E06E
:10C2D00004F1010C5FFA8CFCE04598BF4FF0000CB4
:10C2E000E64528D0D6F8048004EB840E04EB4E0E0D
:10C2F00008EB8E044FF0050A08F82EA06360089B37
:10C30000A360099BE3600A9B23610D9B63620E9B04
:10C31000A36202236270A78284F81690A37086F845
:10C3200003C0D1E9083698472B4600220421B047C4
:10C33000A078BDE8F0870120BDE8F0873029002013
:10C340002DE9F04106461F4D06EB8604084606EB34
:10C3500044042C2105EB840701FB0654666806EBB8
:10C36000C00516F8306095F803E069780EF1010C0D
:10C370005FFA8CFC664598BF4FF0000C61451ED0FB
:10C3800069680EEB8E060EEB460E01EB8E064FF043
:10C39000060801F82E807360069B7362079BB362E8
:10C3A00002237270B37085F803C0D4E9083598474A
:10C3B0003B4600220421A847B078BDE8F081012067
:10C3C000BDE8F081302900202DE9F04106461E4DE0
:10C3D00006EB8604084606EB44042C2105EB840793
:10C3E00001FB0654666806EBC00516F8306095F848
:10C3F00003E069780EF1010C5FFA8CFC664598BF8A
:10C400004FF0000C61451CD069680EEB8E060EEBF8
:10C41000460E01EB8E064FF0070801F82E8073627E
:10C42000069BB36202237270B37085F803C0D4E92F
:10C43000083598473B4600220421A847B078BDE85C
:10C44000F0810120BDE8F0813029002008F062BEB3
:10C45000401A20F07F40704701481021704700BF0C
:10C460008071D000002303700B70704738B505460B
:10C4700000200C4603F020FD10F0060F0ED13DB950
:10C48000074B44B120681860A2889A80002038BD0C
:10C49000044B002CF6D11C609C80F7E70C2038BDC3
:10C4A000642900205C2900200128034605D8044A9D
:10C4B0000448002B08BF104670470020704700BF9B
:10C4C000642900205C29002001280AD8064A074B6D
:10C4D000002818BF1346186808609A888A80184692
:10C4E00070470023184670475C290020642900200B
:10C4F00010B5044605F092FE50B906F0E5FCD0B93F
:10C5000008F0A8FC50BB2046BDE810400DF07CBCF4
:10C510001C4A1D491D484FF4136311F0E7FE002328
:10C5200083F31188BFF36F8F0323184602DF06F0F1
:10C53000CBFC0028E4D0134A1349144840F63B13BF
:10C5400011F0D4FE002383F31188BFF36F8F032310
:10C55000184602DF08F07EFC0028D4D0094A0A49B8
:10C560000A4840F6461311F0C1FE002383F31188F8
:10C57000BFF36F8F0323184602DF2046BDE810404B
:10C580000DF042BC300A02006C0A0200100A0200E0
:10C59000086001480DF038BC343900200DF034BC7F
:10C5A0002DE9F0471C4F3B8898422CD913F0FF052A
:10C5B00027D0DFF86CA0DFF864809AF81D40DFF820
:10C5C00064909AF81C300134E4B2072C08BF0024B0
:10C5D000A342404615D0FEF785FC0646484686B184
:10C5E000FEF780FC88B106609AF81D304AF82300F7
:10C5F0003B888AF81D40013D013B15F0FF053B805B
:10C60000DFD1BDE8F0870546D3E730460349BDE8F2
:10C61000F047FEF77DBC00BFA8290020AC29002010
:10C6200020370020902A00202DE9F84F414B424F3F
:10C63000DFF80891DFF8FCB0181D052220214FF02B
:10C640000008A7F81880FEF727FC3C4B05220821BC
:10C65000181DFEF721FC97F818A07C7E05260134F2
:10C66000E4B2062C08BF0024A245484613D0FEF7CA
:10C6700039FC0546584675B1FEF734FC002854D005
:10C68000C5F8048005607B7E47F82300013E16F064
:10C69000FF067C76E3D12A4B0B22181D4FF49271D2
:10C6A000FEF7FAFB274B1C22181D0821FEF7F4FBAE
:10C6B0002448FEF717FC0446C8B1234A2046111F40
:10C6C000FEF75AFC1F48FEF70DFC0446F0B11F4A66
:10C6D0002046111FFEF750FC1D4B0622FF201A803A
:10C6E000FFF75EFF04F0ACFF0020BDE8F88F194AA9
:10C6F00019491A4840F60B1311F0F8FD84F311881C
:10C70000BFF36F8F0323184602DFD6E7114A1249A1
:10C71000124840F6121311F0E9FD84F31188BFF3BB
:10C720006F8F0323184602DFD1E704492846FEF73E
:10C73000EFFBB0E76C3700201038002040370020B6
:10C74000902A0020AC290020A42900209C29002048
:10C75000A8290020300A0200740A0200100A020010
:10C760002DE9F04F834DDFF81482834FDFF81492E8
:10C7700083B0D5E9000101AAFEF70CFC04460028AD
:10C7800036D0019E002E00F0AE803379013B2A2B7B
:10C7900017D8DFE803F030631616303F163F3F4FDF
:10C7A00016593F16161616161616161616161616BD
:10C7B00016161616161616161616161630303016CB
:10C7C00030006E4A6E496F4840F6753311F08EFDA9
:10C7D000002383F31188BFF36F8F0323184602DF12
:10C7E000D5E9000101AAFEF7D5FB04460028C8D10F
:10C7F00003B0BDE8F08F5F4968680022FEF7D2FB06
:10C80000614A31462046FEF7BBFB604B18680DF0CD
:10C81000FBFAAEE7574968680022FEF7C3FB96F8BB
:10C82000203003F00F03072BEAD131462046F5F7FD
:10C830008BFA9EE768684F490022FEF7B3FB31464A
:10C84000204603F055FE94E768684A490022FEF747
:10C85000A9FB3146204604F0E1FB8AE745496868B8
:10C860000022FEF79FFBD6F808A0BAF1000F0BD00C
:10C870009AF8003003F0FF0B002B44D09AF80030F8
:10C88000013BDBB28AF80030337B032B61D8DFE851
:10C8900003F005585C02304604F00EFC3C4A4FF0B1
:10C8A000000B86F80CB0537E117E0133DBB2062BF1
:10C8B00008BF5B46994235D03460517E42F8216012
:10C8C0005376BAF1000F3FF454AF9AF80030002BC2
:10C8D0007FF44FAFDAF81430002B3FF44AAFDAF8A8
:10C8E0001800984745E740F6DD134246394648466A
:10C8F00011F0FCFC86F31188BFF36F8F03231846F9
:10C9000002DF019E41E71D4A22491E4840F6853359
:10C9100011F0ECFC8BF31188BFF36F8F03231846E3
:10C9200002DFABE7154A1C49164840F6E33311F025
:10C93000DDFC8BF31188BFF36F8F0323184602DFF2
:10C94000BFE7304603F004FAA8E7304603F01CFDC9
:10C95000A4E70A4A0A490B4840F6DC3311F0C6FC4A
:10C96000002383F31188BFF36F8F0323184602DF80
:10C9700094E700BFA02900207C0A0200300A0200D0
:10C98000980A0200100A02009C2900203039002079
:10C9900010380020800A02009C0A020030B5304B9B
:10C9A000304C186087B008F06FFB2378002B51D013
:10C9B0002D492E4A2E4D05954FF0060C81F808C0E2
:10C9C0002C4C04922C4A0220CDE9022404230E248C
:10C9D000CDE90014294A087408760B7000200B2159
:10C9E000FFF792FB30BB01220021254812F074FEB4
:10C9F00005F0B4FB08B107B030BDFFF715FE002805
:10CA0000F9D106F05FFA0028F5D103F053F80028B9
:10CA1000F1D108F02FF90028EDD104F017FA002821
:10CA2000E9D104F0E3FD0028E5D107B0BDE83040CE
:10CA300008F00ABA134A144914484FF4177311F056
:10CA400055FC002383F31188BFF36F8F032318462F
:10CA500002DFC8E7FEF7B6FA01232370A8E700BF9C
:10CA600030390020285C0020B43B00204D5A0100E2
:10CA70004D5B0100E55901004C390020D43B0020FA
:10CA800034390020300A02006C0A0200100A020049
:10CA900010B586B004F0EEF968BB03F049F9002840
:10CAA0003CD13E4A3E4B0024A2F800419C83012227
:10CAB0002146684612F010FE3A4B224621460320DA
:10CAC000C3F808D0FEF7D4FA002857D14FF0FF3250
:10CAD0004FF0FF3368460DF0DBF9FFF7A5FD0028A6
:10CAE0003CD104F069FD48BB0021012006B0BDE83F
:10CAF0001040FFF7BBBC2C4A2C492D4840F215339F
:10CB000011F0F4FB002383F31188BFF36F8F03232D
:10CB1000184602DF03F00CF90028C2D0224A23494C
:10CB2000234840F21A3311F0E1FB002383F311880C
:10CB3000BFF36F8F0323184602DFB2E71A4A1B497F
:10CB40001B4840F2853311F0D1FB002383F3118899
:10CB5000BFF36F8F0323184602DFC5E7124A13495C
:10CB6000134840F27D3311F0C1FB002383F3118899
:10CB7000BFF36F8F0323184602DFB2E70A4A0D495D
:10CB80000B4840F2633311F0B1FB84F31188BFF31B
:10CB90006F8F0323184602DF98E700BF2C38002070
:10CBA00020370020BC060020300A02006C0A020078
:10CBB000100A0200AC0A020008B5FFF769FFBDE8E1
:10CBC000084005F0FBBA00BF2DE9F043DFF8BC8058
:10CBD000294D83B00746A8F1040900263E60696824
:10CBE000286801AAFEF7D6F932462946044668B3FA
:10CBF00001980379012B12D02B2B26D16868FEF700
:10CC0000D1F941462046FEF783F9012004F072FC79
:10CC1000019804F069FC012004F092FCDDE76868EB
:10CC2000FEF7C0F941462046FEF772F9B9F8003028
:10CC3000052B0FD8019811490133A9F80030FEF7F0
:10CC400067F90120FFF7ACFCC7E73860002003B0AC
:10CC5000BDE8F0830A4A0B490B4840F2916311F09A
:10CC600045FB86F31188BFF36F8F0323184602DF5D
:10CC7000B9F80030DEE700BF98290020902A002094
:10CC8000300A0200B40A0200100A0200AC29002097
:10CC90002DE9F041444982B000234868019301AA7C
:10CCA000FEF780F9044600286ED020463F49FEF783
:10CCB0002FF9019B1C79272C15D8DFE804F02614E6
:10CCC0001414142637373714145F26372614141417
:10CCD0001414141414141414141414141414141414
:10CCE000141414141426324A3249334840F249537A
:10CCF00011F0FCFA002383F31188BFF36F8F032335
:10CD0000184602DF02B0BDE8F081002CFAD1284AB3
:10CD10002A49294840F2455311F0E8FA84F3118872
:10CD2000BFF36F8F0323184602DFEBE793F8202051
:10CD300002F00F02072AE5D1DD68002DE2D01B4E7C
:10CD4000DFF86C801E4F0B242868ED68013C3146EB
:10CD5000E4B2FEF7DDF8002DD4D0002CF4D1164853
:10CD600040F22B434246394611F0C0FA84F3118851
:10CD7000BFF36F8F0323184602DFE5E7987903F0CE
:10CD80003DF802B0BDE8F081094A0E490A4840F278
:10CD90000F4311F0ABFA84F31188BFF36F8F0323B5
:10CDA000184602DF81E700BF98290020AC29002047
:10CDB000300A0200980A0200100A0200000B02006A
:10CDC000F80A0200740A02002DE9F04704680746D9
:10CDD00094B3DFF888A1DFF89891DFF888812646C0
:10CDE00024683579292D16D8DFE805F02D1515159D
:10CDF000152D2D2D2D151557482D511515151515BA
:10CE000015151515151515151515151515151515D2
:10CE10001515153C3C3C40F2856352464946404658
:10CE200011F064FA002383F31188BFF36F8F03239B
:10CE3000184602DF002CD2D100233B60BDE8F0474A
:10CE4000FF20FFF7ADBB002D60D0414D2B88052B97
:10CE50004BD801333F492B803046FEF759F8002C60
:10CE6000BDD1E9E7012004F045FB304604F03CFB6E
:10CE7000012004F065FB002CB1D1DDE796F82030ED
:10CE800033B31A2B10D03E2B0ED0442B4DD1B068AB
:10CE900004F048F8002CA2D1CEE72E493046FEF728
:10CEA00037F8002C9BD1C7E7B5682A493046FEF712
:10CEB0002FF828462D6D04F0ADF8D5F8CC002649A2
:10CEC000FEF726F8284604F02DF8002C87D1B3E7AA
:10CED000B56820493046FEF71BF828462B6D04F054
:10CEE00099F8002C7FF47BAFA6E71C4A1C491D482B
:10CEF00040F2916311F0FAF9002383F31188BFF334
:10CF00006F8F0323184602DF2B88A2E7134A1649C6
:10CF1000144840F2036311F0E9F985F31188BFF377
:10CF20006F8F0323184602DF8FE70C4A0F490D4825
:10CF300040F2336311F0DAF9002383F31188BFF371
:10CF40006F8F0323184602DFB06803F0EBFFA1E701
:10CF5000A8290020902A0020AC290020300A0200D5
:10CF6000B40A0200100A0200240B02004C0B02005B
:10CF7000980A02000148FDF7B5BF00BFAC290020A8
:10CF80000149FDF7C5BF00BFAC2900200148FDF7EE
:10CF9000A9BF00BF902A00200149FDF7B9BF00BF1B
:10CFA000902A0020014AFDF7EBBF00BF9C2900201A
:10CFB000014B18680CF028BF3039002008B5044A2E
:10CFC000FDF7DEFF034B1868BDE808400CF01CBFFE
:10CFD0009C290020303900200022092302700B70A8
:10CFE000704700BF002208B511460B4B0120FEF729
:10CFF0003FF800B908BD094A09490A4840F20A73D6
:10D0000011F074F9002383F31188BFF36F8F0323AA
:10D01000184602DF08BD00BFAC060020300A02003F
:10D020005C0B0200100A020005F018BA022810B5C5
:10D030000C4602D00B68022B07D004484FF0FF3299
:10D040004FF0FF330CF024FF206810BD343900206E
:10D05000014B1868704700BF9429002030B505685F
:10D060002B7887B05BB3044601220021684612F09A
:10D0700033FB144BC5F818D06B612B78FBB1124B06
:10D080000022114603209C60FDF7F2FF38B94FF4EF
:10D090000042002368460CF0FBFE07B030BD0B4A8F
:10D0A0000B490C4840F2C27311F020F9002383F3BE
:10D0B0001188BFF36F8F0323184602DFE7E76FF095
:10D0C0007700EAE79DC500009C060020300A0200B8
:10D0D0005C0B0200100A0200F0B5254E336885B0E3
:10D0E0000C461746002B36D0994215D102230393E4
:10D0F00003AB0246009303211E4B0020FFF764F9A7
:10D10000022805460CD0039B022B09D195B1336848
:10D110000BB19C4221D014B36FF02D0005B0F0BDCF
:10D1200015484FF0FF324FF0FF330CF0B1FE039D76
:10D13000002DECD13846FFF791FF33680BB19C42CC
:10D1400011D0002CE8D10028E8D010F1780F08BFEA
:10D15000002005B0F0BD3160C8E7002333606FF0F8
:10D16000770005B0F0BD35600028D7D0EDE700BFEF
:10D170009429002091C50000343900200B490A7F12
:10D180004B7F9A420AD8A3EB020C5FFA8CFC6045F5
:10D1900009D89A4207D051F82200704707339B1AEA
:10D1A000DBB29842F7D90020704700BF203700203B
:10D1B000074A117F537F8B4208D04B1CDBB2072BF1
:10D1C00008BF002352F821001377704700207047F2
:10D1D00020370020014AFDF7D3BE00BFA42900205C
:10D1E0000122024B11460020FDF742BF8C060020B1
:10D1F00010B5054AFDF7C4FE0122BDE81040034BFF
:10D2000011460020FDF734BFA42900208C06002021
:10D210002DE9F0431A4D9DF81C8095F801C10CF1E1
:10D22000010E5FFA8EFEBEF1080F994695F80031A7
:10D2300008BF4FF0000E73451DD0144605EB4C1C83
:10D24000E36807460E4610685168926864460FC44A
:10D250009CF81C30CCF8186008F0010823F0030398
:10D2600043EA0803CCE904978CF81C3085F801E107
:10D270006046BDE8F0834FF0000C6046BDE8F083E7
:10D280002C380020054890F8003190F801219A428E
:10D2900014BF00EB43100020704700BF2C38002063
:10D2A00001460B480A7890F80131072A84BF90F8AC
:10D2B00000210A70934208D0531CDBB2082B08BF30
:10D2C000002300EB42100B7070470020704700BF36
:10D2D0002C3800202DE9F04F444F97F8004197F883
:10D2E000013185B0A34202903FD04FF0000A07EB16
:10D2F00044140A25CDF80CA0D346CDF804A0267F0F
:10D30000D4F80C90C6F3400806F00106002D47D073
:10D31000013DEDB2B8F1000F2AD097F8013197F82E
:10D320000041A34221D00134E4B2082C08BF0024FC
:10D33000A34287F8004118D007EB4414E368B8F122
:10D34000000FDCD1002E3AD1019A002A47D0BBF160
:10D35000000F08BFCB46227F9107D0D4D20735D427
:10D36000019A9A4201D09B45C9D105B0BDE8F08F22
:10D370001F4B02989C6042464146FDF779FE00280B
:10D38000CBD01C4A1C491D4840F6570310F0AEFF95
:10D3900088F31188BFF36F8F0323184602DFBCE7C1
:10D3A000144A1749154840F6480310F09FFF85F3CB
:10D3B0001188BFF36F8F0323184602DFA8E7039A93
:10D3C00082B1BAF1000F08BFCA46C4E7BBF1000F33
:10D3D00095D1039A9A42C8D09A4590D1C5E7CDF825
:10D3E0000490B8E7CDF80C90B5E700BF2C380020CA
:10D3F0007C060020300A02005C0B0200100A0200CA
:10D40000F80A0200054B1A7E597E914204D053F867
:10D41000220010B10C3070470020704710380020F7
:10D42000074A117E92F819C08C45034606D052F87F
:10D4300021201AB102F10C001373704700207047CD
:10D440001038002070B5114A117E537E8B421BD0DC
:10D450004B1CDBB252F82140062B08BF0023137689
:10D4600094B10223054600262068094A237121460B
:10D470002660A560FDF784FD0122064B114630466B
:10D48000FDF7F6FD204670BD0024FBE710380020B4
:10D49000A42900208C06002010B582B00024CDE91C
:10D4A0000044049B05F038F802B010BD10B50346E7
:10D4B000007F1A699969012482B02040CDE90004F7
:10D4C000586905F029F808B1773001D102B010BDD4
:10D4D000074A084908484E2310F008FF002383F349
:10D4E0001188BFF36F8F0323184602DF02B010BD0F
:10D4F000640B0200A80B0200100A020010B50469B8
:10D50000FFF75AFB40B90C48FAF79AF80B48FAF7BC
:10D5100097F80020206010BD094A0A490A4840F2E5
:10D52000793310F0E3FE002383F31188BFF36F8F8C
:10D530000323184602DFE6E7B01F0020B81E0020D4
:10D54000BC0B02006C0A0200100A02002DE9F04731
:10D55000344FD0F81080DFF8D4A0DFF8D49082B038
:10D5600006464FF0FF324FF0FF3338460CF0E2FB37
:10D570000028F6D090F9053001905A1E032A3CD8B5
:10D58000022B2BD04FF0FF324FF0FF330120FBF77F
:10D5900083F9044601985CB3214601F0D1FB019B5D
:10D5A00000221A6001A8FFF70FFC2046FAF7B8FF27
:10D5B000214605460020FBF735F82B8A044629460C
:10D5C00030463BB1D8F8003098470DF06BFF002C87
:10D5D000EBD1C6E72846FAF775FFF6E700220023ED
:10D5E00001210020FBF784F904460198002CD3D1D7
:10D5F000046001A8FFF7E8FBB3E70B4840F21223F1
:10D600005246494610F072FE002383F31188BFF39F
:10D610006F8F0322104602DF019A01A81360FFF703
:10D62000D3FB9EE7BC3D0020100A0200BC0B0200A9
:10D63000980A020070B5114E114D82B00DF1020131
:10D6400001A8FFF7C1FA0028F8D1019B6BB1FFF7E1
:10D650001FFB019C204602F089F801996071284661
:10D6600012F021F8019B002BE8D14FF0FF324FF070
:10D67000FF3330460CF00CFCE0E700BFD83D002043
:10D68000BC3D0020F0B50546076989B00E46234829
:10D6900011F0FCFF4FF0FF320021214812F01CF87E
:10D6A0001F48FFF77BF9044678BB3E6002F07EF826
:10D6B000002600276FF00903CDE90334CDE90667A2
:10D6C000CDE90144174B184900954FF4E072174813
:10D6D0000DF01EF8164915480CF094FF6FF0070284
:10D6E000CDE90324CDE90667CDE90144114B124988
:10D6F00000954FF4507211480DF00AF810490F4888
:10D700000CF080FF204609B0F0BD0E4A0E482346BB
:10D71000012111F01AF8204609B0F0BDBC3D0020EF
:10D72000D83D002035D6000000750020B01F002035
:10D730001C0C02004DD5000080710020B81E002096
:10D74000280C0200FC0B02009C05020030B50B8A7D
:10D7500083B07BB30B7E0C4623BB054601A9204654
:10D76000019300F065FF90B1037E2A69012B14D06C
:10D770000146136828469847019D45B1284601F0A7
:10D78000F5FF034601990E486B7111F08CFF20469E
:10D79000FAF798FE002003B030BDC3681B78052B54
:10D7A000E6D1E9E7074A0848012110F0CEFF6FF003
:10D7B0001500F0E7054A0448012110F0BDFFF6E727
:10D7C000BC3D0020440C02009C050200300C02000D
:10D7D00010B50DF075FD054C20460CF06DFA204695
:10D7E00011F054FFBDE810400DF0D8BDBC3D002045
:10D7F000038800B5C3F3441303EB430C8444B2FA2B
:10D8000082F29CF802E05209013362F3000E03EB4E
:10D8100043038CF802E0F1B10A88C2520278D306C1
:10D8200012D1531C03F01F0363F304020270028839
:10D8300063F3491202F47873202B028004BF6FF364
:10D84000491202805DF804FB0388C3F344130133DB
:10D8500003F01F03EBE7C152E0E700BF2DE9F04FF3
:10D86000DFF8F49183B0D9F800509DF8344001946A
:10D87000002D61DB042B1F4600F2D38080460E464C
:10D880001446002D60D0DFF8D4A14FF0000B05E066
:10D890000BF1010B5D450AF1260A55D006225146CF
:10D8A000204612F068F80028F2D11AF8013CB34281
:10D8B000EED1634C262303FB0BF3E518E97921FA3B
:10D8C00008F2D6077AD5B8F1070F39D107EB47022E
:10D8D00003EB420222444FEA470C117AC90602F1D7
:10D8E000080600F085800C9951B34978157B4FEA02
:10D8F000111EBEEB151F40F08A802D020B0205F4AD
:10D9000070610C9D92F80BE02D7803F470632B434B
:10D9100041EA0E01994260D1B378DB0710D4019B34
:10D9200053B92623BC4403FB0BF303EB4C03234402
:10D930009A7A42F001029A72002003B0BDE8F08F9B
:10D94000012003B0BDE8F08FDFF814B13C48DBF8EC
:10D9500000A0D4F800C0019A262303FB0AF3591C47
:10D9600040F801C00144A4888C80C4180121C65429
:10D9700001FA08F10833E171C15A324C2140C15219
:10D980000626191816FB07331844CB882340CB8092
:10D990008B8923408B814B8A23404B820C99FFF764
:10D9A00027FF0F2DD6BF6B1C0AF10103C9F8003009
:10D9B000102B08BF0023CBF80030BDE7062000FB8A
:10D9C0000730012303FA08F308300B43019A0C993E
:10D9D000EB712044FFF70CFFAEE70C9BD5725B7830
:10D9E0001373019B73B9B37843F00103B370A3E7DA
:10D9F000062000FB07300830019A0C992044FFF7FD
:10DA0000F7FE99E7B37860F30003B37094E706225A
:10DA100002FB07330833019A0C99E018FFF7E8FE80
:10DA20008AE70949094A0A4841F6530310F05EFCA7
:10DA3000084810F05BFC054841F6530110F04DFC1E
:10DA4000F83D002000FCFFFFC80C02008C0C020017
:10DA5000100A0200BC0D0200F43D0020F93D002038
:10DA6000F03D00202DE9F04F87B09146199E9DF8BA
:10DA700044200492129A05920C369DF94C2003938F
:10DA800004469DF9503002923046189A01930D4693
:10DA9000022100929DF85C70DDF84080BDF854B022
:10DAA000DDF858A0FAF758FE3E21017007F11A017F
:10DAB000417001213046FAF74FFE014630460D26EF
:10DAC0000E7007F11901C9B2FAF746FE0121DDE92E
:10DAD0000132A0F801400170B8F1000F35D0039970
:10DAE000C170D8F800104160B8F80410018195FAAF
:10DAF000A5F5B5FA85F5013580F80B908572BAF178
:10DB0000000F29D09AF80110090914F00404837356
:10DB100001734273A0F80FB000F1120310D0049A01
:10DB2000059942740A68C0F812208A889A80009980
:10DB300007763A46193007B0BDE8F04F11F02BBF19
:10DB40004474C0F812409C80F1E780F80380C0F86C
:10DB50000480A0F80880CAE7FF21D6E72DE9F04F3E
:10DB600091B0CDE90A23229E9DF86C3035780C9354
:10DB70009DF974300D939DF978300E93E52DBDF825
:10DB80007C30DDF88490239FDDF894800F938346EA
:10DB90008A4628BFE52506E024982146FAF71EFDAF
:10DBA0003378E52B40D9209B06930F9B05930E9B62
:10DBB00004930D9B03931C9B02930C9B01931A9B54
:10DBC00007950093D8F8003009933B6808935146B5
:10DBD000DDE90A235846FFF745FF3B682B443B60CD
:10DBE00033785B1B3370B9F800305B1BA9F8003049
:10DBF00001204FF4A0220023FAF74EFE0446C8F895
:10DC000000000028C8D10A4A0A490B4841F6A82357
:10DC100010F06CFB84F31188BFF36F8F0323184659
:10DC200002DFD8F80040B7E711B0BDE8F08F00BFC1
:10DC30008C0C0200DC0D0200100A02002DE9F04FEE
:10DC400091B01F4641F020030C939DF870300D9366
:10DC5000DDE923589DF97C300E939DF868B0BDF83E
:10DC600080301E9E0F93044691460DF1880A269B34
:10DC70000B93259B0C98CDE90983219B06930F9B61
:10DC800005930E9B04931D9B0293CDE907A50D9B65
:10DC900001931B9B009396F9003003933A785B46FF
:10DCA0004946FFF75BFFE4682B78BDF88800002C3D
:10DCB00045D0834240D2002B59D14FF07F033370BF
:10DCC00094F8223099064ED094F82330DA074CBFEE
:10DCD00004F12A0204F12402990748BF0632190709
:10DCE00048BF0232D90606D593785B0901333B70F1
:10DCF00094F823300332990648BF12325B0644BFC2
:10DD000012F9013B337094F8221004F12203C1F39D
:10DD100005010131D31AC9B2DBB28B4203D2CB1A4F
:10DD200052FA83F20B4694F8211099420DD84FF025
:10DD300000032B7000289AD111B0BDE8F08F1A466D
:10DD4000904294D8E52B92D8F6E7C8F8002094F8D2
:10DD50002120D31ADBB283421A4689BFC3B22B708B
:10DD60002B700246ECE704F123020123DBE7269B3C
:10DD70000B93259B0C98CDE90983219B06930F9B60
:10DD800005930E9B04931D9B0293CDE907A50D9B64
:10DD900001931B9B009396F9003003933A785B46FE
:10DDA0004946FFF7DBFEBDF8880086E72DE9F04F16
:10DDB0004D4D04460B4695E8030085B00290ADF842
:10DDC0000C10080C49498DF80E004968880077D579
:10DDD00047490968C90473D51E7E464B1B787642B5
:10DDE0001546A71C76B2002B5CD1237803F00F03F5
:10DDF000012B71D094F801A0AAF106080AF1140BC6
:10DE00005FFA88F80AF1130A5FFA8BFB5FFA8AFA65
:10DE1000C1460C3502212846FAF79EFC3E230370CA
:10DE200080F801B001212846FAF796FC03460D223E
:10DE30001A7051462846FAF78FFC034601201870E5
:10DE4000217801F00F0101F110020DEB020111F830
:10DE5000082CA3F801202278C2F38012DA70D4F8DB
:10DE600002205A60FF21BA8819737F211A815973E1
:10DE70000022214658819E73DA731A7411F8080B38
:10DE800000F00F05012D1ED05A74C3F81220DA825B
:10DE90004A4603F1190083F8188005B0BDE8F04F39
:10DEA00011F079BD0022CDE9002220781346C0F39D
:10DEB00080113A4600F00F00FFF7D0FC002894D004
:10DEC00005B0BDE8F08FC0F3C0105874A268C3F865
:10DED00012208A88DA82DBE74FF000094FF0190A36
:10DEE0004FF01A0BC84694E7E80D02000806002020
:10DEF00000060020295C00202DE9F04F9B46694B6D
:10DF0000A9B05B68209289467F218DF88A108DF830
:10DF10008B109A004FF00001CDE92411D9F80C6064
:10DF20008DF88C108DF88D108DF88E108DF88F1067
:10DF300040F12A825C4B1B68DB0440F12582CDE96D
:10DF4000131180461C91CA46109112911A91119199
:10DF500016911B911D911F91CDF884B09AF819303C
:10DF600098F8022003F001019AF81830199312F082
:10DF70003F054FEA9213179300F0548198F803304D
:10DF800013F0010508F1040400F06781D14500F0A9
:10DF9000BE81D9F80C00504500F0B98100200E90E8
:10DFA000054613F0020B08F10A0400F05B81D1452D
:10DFB00000F0B381D9F80C00504500F0AE8100218B
:10DFC0000F918B4606345F0748BF013413F00801F8
:10DFD00016BF18941891023413F010070FD0D9F817
:10DFE0000C70574500F0A381D14500F0A681A178BF
:10DFF0005F294FEA511000F2A381471C03349806B1
:10E0000002D561881A91123459064CBF14F9013BAC
:10E010007F23159308F1020302F03F02E31ADBB2FB
:10E02000511C8B4200F26181CA1A12F0FF021CBF20
:10E03000A4180B4698F801209A4237D9D31A14999C
:10E04000DBB21A460A44FF2A37DCD14500F00D81C5
:10E050009AF81920120700F1F080249A109912986A
:10E06000002908BF284612900E9818BF084611993B
:10E0700010900029139808BF584613900F9818BFA6
:10E0800008461190002A00F03981169A1A4493B27A
:10E090001693002E00F0078106F12008B246F668BC
:10E0A0005CE700BF08060020000600200024149949
:10E0B00022460A44FF2A2346C7DD249FDDF884B0A8
:10E0C000002F00F099814FF00208109B002B00F008
:10E0D000B9810024A94B1B78002B40F09481640186
:10E0E000E4B2119B1BB11C9B43F004031C93199BCE
:10E0F000209A26925B42149A5EB29DF88E3093422B
:10E1000002D3E52B40F27681149B0893209B0B935E
:10E110001B9B07931A9B1D981C99CDE90563119BC6
:10E120000393139B0293109B0193129B009326ABC6
:10E130000C9325AB0A930DF18E0309930DF18B031C
:10E1400004935A460DF18F03FFF778FD9DF88E304A
:10E15000269A07931B9B06931A9B1C990992CDE95B
:10E160000463119B0293139B0193109B0093214323
:10E17000259B08930C469DF98B3003939DF88F20C7
:10E18000129B59462046FFF76DFCDDF890A0BAF1CE
:10E19000000F00F0468101204FF4A0220023FAF77F
:10E1A0007BFB04F09F0444F00804054626900028F9
:10E1B00000F04A8120982946FAF710FA9DF88C3031
:10E1C000169A9342C0F0F180E52B00F2EE8007939F
:10E1D0001B9B06931A9B249A0892CDE90463119B1A
:10E1E0000293139B9DF98A200193109B009344EAAC
:10E1F00048100392129B9DF88D2009955946FFF710
:10E2000031FCD9F80C4054B127AD002627942346A1
:10E21000E4681E602846FEF7D7FD002CF6D129B031
:10E22000BDE8F08F7F22CDE90E5508F103042F469B
:10E23000AB46012318951592FCE6002F65D19DF899
:10E240008F208DF88D20159A8DF88A208DF88C30CE
:10E2500024942246CDF87CA000E713F0020B0E9523
:10E260007FF4A5AECDF83CB0ADE6159B8DF88B30B4
:10E270004FF000038DF88E3000232593179B1C93DD
:10E280000E9B10930F9B1193189B1B9300238DF8EB
:10E290008F701295CDF84CB01493CDF874901693FE
:10E2A000002E7FF4F9AE3B1E18BF01234FEA43084E
:10E2B000249BDDF884B0002B7FF407AF109B002B6C
:10E2C00040F0E780B8F1000F00F0F7801B9B002BB7
:10E2D00000F0CE809DF98B307F2B00F0C5804FF091
:10E2E00000084024CDF84080FBE62548009202213A
:10E2F000244A1E9310F033FA1E9B9BE6259A72B3B4
:10E30000149A1A4493B21493C3E63A4699E798F8DC
:10E3100000500E94C5F3801543E651BBD9F80810A0
:10E320000F94096891F846B0CBF3810B4AE6910946
:10E3300000293FF459AE002760E6002E7FF457AE67
:10E34000002F3FF46CAF27AD002427973B46FF68B2
:10E350001C602846FEF738FD002FF6D15FE7159ABE
:10E3600025948DF88B208DF88E301493CDF874A001
:10E370008FE60F944FF0FE0B24E600BF295C0020CF
:10E3800094050200F00D0200002E3FF448AF27ADC7
:10E39000002427963346F6681C602846FEF714FDD5
:10E3A000002EF6D129B0BDE8F08F209B0B93169B71
:10E3B00008931B9B07931A9B1F98CDE90563119B3C
:10E3C0000393139B0293109B0193129B009326AB24
:10E3D0000C9324AB0A9323AB09930DF18A030493A6
:10E3E0005A460DF18D032146FFF728FC9DF88C302D
:10E3F000269DECE6209AACE6109B002B3FF466AF1E
:10E40000B846022466E61B9B0093109A1C9B129947
:10E4100001940720FFF722FA00283DD16301DCB206
:10E420005FE6D9F80C40002C3FF4F9AE27AD564614
:10E4300027942346E4681E602846FEF7C5FC002C9E
:10E44000F6D1ECE61C464CE61D4A1E491E4841F634
:10E45000C1430FF04BFF85F31188BFF36F8F032388
:10E46000184602DF269DA5E6259B002B7FF437AFDB
:10E47000D9F80C40002C3FF4D2AE27AD00262794EB
:10E480002346E4681E602846FEF79EFC002CF6D169
:10E49000C5E64446B0461DE6D9F80C40002C3FF4D2
:10E4A000BEAE27AD002627942346E4681E602846AA
:10E4B000FEF78AFC002CF6D1B1E6109C11E600BFF5
:10E4C0008C0C0200140E0200100A0200F0B5013894
:10E4D00087B01446092806D8DFE800F009283E0571
:10E4E0000550056281946FF0150007B0F0BD4E4BEA
:10E4F0000D21188810F0D7FA0D2120600C30FAF7A2
:10E500002BF94FF4407200234FF002140721A0F8BA
:10E51000052063220370C0F80140C171037242728A
:10E520008372C3720373002007B0F0BD3E4B4121DC
:10E53000188810F0B8FA412120600C30FAF70CF975
:10E54000002104463E2200F8031B11F032FA40F28B
:10E55000A733A4F80130E6E7334B0921188810F0FF
:10E56000A2FA092120600C30FAF7F6F803460022DF
:10E5700003F8012BC0F801205A60D4E7C9680020D5
:10E58000FDF774FF284B0121188810F08CFA012147
:10E5900005460C30FAF7E0F8002303702560C2E767
:10E5A000224E214F0FCE01AD0FC5336838882B8026
:10E5B000132110F078FA132120600C30FAF7CCF810
:10E5C0000446002301AE04F8013B84460FCE2D889B
:10E5D000CCF801006160A260E3602582A3E7124BE2
:10E5E0001821188810F05FFA182120600C30FAF713
:10E5F000B3F800230446012100F8023B06F0CAFCF0
:10E60000607090E7084B2121188810F04CFA212106
:10E6100020600C30FAF7A0F80146002301F8113B06
:10E62000013006F007FD7EE7885800201C0E02002E
:10E630002DE9F041038A8AB00027022B059752D9B1
:10E6400005460E460C300321FAF768F82A8A8378CB
:10E650009A42C0F00B810288DFF82484C2F385233C
:10E66000082B90B2A8F80020C2F3090445D011D8B5
:10E67000032B21D0042B19D1621E082A16D8DFE8FB
:10E6800012F03B011C010A011500150015001500D0
:10E690001500FB003F2B09D105AA29462046FFF7AC
:10E6A00015FF163040F0E282B8F8000001210AB0F0
:10E6B000BDE8F04110F009BA032C00F0B582632CDC
:10E6C00007D0012CF2D1EA68E24B11685268196058
:10E6D0005A60012110F0E7F9012105460C30FAF7E4
:10E6E0003BF8077005E0DC4ADC48012110F024F813
:10E6F000002528460AB0BDE8F081621E582AD5D808
:10E7000001A353F822F000BF05EA0000E5E900008C
:10E710009DE90000ADE600007BE90000ADE60000E9
:10E72000ADE60000ADE60000ADE60000ADE600009D
:10E7300021E9000021E90000ADE60000ADE600009F
:10E74000ADE60000ADE60000ADE60000ADE600007D
:10E75000ADE60000ADE60000ADE60000ADE600006D
:10E76000A3EA000085EA0000ADE60000ADE6000087
:10E77000ADE600000DEC0000ADE60000ADE60000E7
:10E78000ADE60000ADE60000ADE60000ADE600003D
:10E79000ADE60000ADE60000ADE60000ADE600002D
:10E7A000ADE60000ADE60000ADE60000ADE600001D
:10E7B000ADE60000ADE60000ADE60000ADE600000D
:10E7C000ADE60000ADE60000ADE60000ADE60000FD
:10E7D000ADE60000ADE60000ADE60000ADE60000ED
:10E7E000ADE60000ADE60000ADE60000ADE60000DD
:10E7F000ADE60000ADE60000ADE60000ADE60000CD
:10E80000ADE60000ADE60000E9EB0000A5EB00007E
:10E81000ADE600007FEB000077EB00006DEB000041
:10E8200063EB000059EB000053EB000035EB0000F8
:10E8300015EB0000ADE60000ADE60000ADE600001F
:10E84000ADE60000ADE60000ADE60000ADE600007C
:10E85000DFEA0000ADE60000ADE60000ADE6000036
:10E86000ADE6000037E9000027EA00007C4A7B485B
:10E8700001210FF061FF3BE7072110F014F9072198
:10E8800005460C30F9F768FF0146002001F8010B3E
:10E89000FDF71AFE2DE7092110F005F909210546BB
:10E8A0000C30F9F759FF0346002203F8012B6021D1
:10E8B000C0F801205A6041711BE7412110F0F3F8C4
:10E8C000412105460C30F9F747FF0021044640225C
:10E8D00000F8011B11F06DF804236249624AE372EB
:10E8E000C020E3754FF40A73A071C4F81A10C4F87D
:10E8F0002620A4F80F30FCE6092110F0D4F80921F5
:10E9000005460C30F9F728FF4FF450610023574AB1
:10E9100001800D218370C3700171C0F80520E8E605
:10E92000012110F0C0F8012105460C30F9F714FF61
:10E930000C230370DDE60DF113030DF1110206A99E
:10E940000DF1120002F06CFE0521B8F8000010F085
:10E95000AAF8052105460C30F9F7FEFE9DF81220B5
:10E960009DF813309DF811100371C17042709DF82D
:10E970001820827000230370BBE6E9680120FDF7D0
:10E9800075FD0446B8F80000012110F08CF8012153
:10E9900005460C30F9F7E0FE0470AAE6092110F0F4
:10E9A00082F8092105460C30F9F7D6FE034600240B
:10E9B00003F8014BC0F801405C600646FDF74CFDD2
:10E9C000234661F30703C1F3072262F30F23090C07
:10E9D00061F31743090A61F31F63C6F80100C6F823
:10E9E000053086E6042110F05EF8042105460C305F
:10E9F000F9F7B2FE00231B210322037041708370DC
:10EA0000C27076E6EA681A4B1168196052685A605B
:10EA1000012110F048F8012105460C30F9F79CFE61
:10EA20000023037065E6ED68A978288802F0F2F902
:10EA300004460028A6D1AB780E4A9B07127840F115
:10EA40003C81002A40F041810B4A0C4900231360AD
:10EA50000B6097E708060020300E020094050200C4
:10EA6000480E0200170CC00860FF80305900FFFFFD
:10EA700000060020295C0020F43D0020F03D00202D
:10EA800088580020092110F00EF8092105460C30A5
:10EA9000F9F762FE002300F8013B082103F09EFB1A
:10EAA00027E6E868002306AA00F1100107F07AF8CB
:10EAB0001121B8F800000FF0F6FF112105460C30C7
:10EAC000F9F74AFE0646002306F8013B06AC074666
:10EAD0000FCCC7F801007160B260F36009E6E86826
:10EAE000841D06880379C27881780194407900906A
:10EAF000B0B202F01DFC03210446B8F800000FF08C
:10EB0000D2FF032105460C30F9F726FE0470A0F869
:10EB10000160EEE503210FF0C6FF032105460C302E
:10EB2000F9F71AFE0146002301F8023B0130FDF718
:10EB300099FCDEE502210FF0B6FF022105460C30FC
:10EB4000F9F70AFE00230370044602F037FE6070F6
:10EB5000CFE502F035FE14E7E868C17902F082FEE5
:10EB60000FE7E868C17902F03BFE0AE7EB68188816
:10EB700002F0B6F805E7304602F03CF801E7EB6832
:10EB8000674A197812784C0779D5002A40F08F80AF
:10EB9000644A654D002414602C605C7B1F2C75D981
:10EBA0000C2184E5EB681878002861D05A78002A97
:10EBB0005ED05C4A11684D1C00F08D80584D2C7859
:10EBC000002C00F0908000211160574A1160598894
:10EBD0009A8800F0EBFF0C2804464FF00101B8F8CA
:10EBE000000008BF0024D0E6EC68A278237865789E
:10EBF00012F0010240D0E078A188E28800F0010024
:10EC000040F002000095F2F7B3FFBAE609210FF0D9
:10EC10004AFF092105460C30F9F79EFD0023434ABF
:10EC200002604360037264E53E49414B3C4A4FF049
:10EC3000FF3008604FF0FF3041F6FF71C3E900017B
:10EC40003C4B17701F200021C3E90001FDF720FF96
:10EC5000B8F8000001210FF026FF012105460C3015
:10EC6000F9F77AFD0770FEF7B3FD42E5059D40E533
:10EC70002B4A00211170AAE702201146C2E7002AA0
:10EC80008BD1284A4FF0FF34146086E79A78084603
:10EC900059780294B3F80B400194B3F809400094FA
:10ECA000033301F08BFE0146B8F80000FFE41D4A73
:10ECB000146801347FF471AF6BE7002A7FF462AE11
:10ECC000184B4FF0FF321A605CE6164A13680133A6
:10ECD0007FF458AEB9E60021114C134D11600122AA
:10ECE0002960227073E7012200292A707FF76FAF35
:10ECF000114A262000FB01251049108802F8014C1A
:10ED000008401080D0880840D080908908409081C9
:10ED1000508A0840508226329542EED1187856E744
:10ED2000295C0020F43D0020F03D0020003033003D
:10ED30000806002000060020003E002000FCFFFF27
:10ED40000379032B00D170472DE9F04F053B8DB0BF
:10ED500004460D4600F12006222B24D8DFE813F0EC
:10ED60003500A600B900CC0023002300D800F7002E
:10ED70008E01F1022300230023002300230023003F
:10ED8000230023002300230023002300230023006B
:10ED9000230023002300230023002300230023005B
:10EDA000230023001403AB4AAB49AC4842F2BF1323
:10EDB0000FF09CFA002383F31188BFF36F8F0323B6
:10EDC000184602DF0DB0BDE8F08FA54BA54A93E8C9
:10EDD00003005368ADF82C100A0C217E8DF82E200C
:10EDE00003F000524B425EB2637E0A9013F00103BF
:10EDF0004FF0000740F06B83002AE3D09A4A126874
:10EE00009707DFD5994A127804F12208002A40F0CA
:10EE1000148494F8203003F00F03012B00F0408499
:10EE200094F82130A3F1060903F1060B5FFA89F982
:10EE300005335FFA8BFB5FFA83FA4F460C350221EC
:10EE40002846F9F789FC3E23037080F801B00121C0
:10EE50002846F9F781FC034602221A7051462846DB
:10EE6000F9F77AFC0123037094F8203003F00F03C4
:10EE700030336B4404F1280113F8083C437094F8D4
:10EE80002030C3F380138370D4F82230C0F80330ED
:10EE9000B8F80430A0F8073000F10A0380F80990B0
:10EEA0003A46184610F077FDC6558BE790F82030AB
:10EEB00003F00F03072B04D190F82130002B40F012
:10EEC0007A832A46214630460DB0BDE8F04FFEF762
:10EED0006DBF90F8203003F00F03072BF1D190F8AD
:10EEE0002130002BEDD002232A46214630460DB0BA
:10EEF000BDE8F04FFFF700B890F8203003F00F03A3
:10EF0000072BDED190F82130002BDAD00423EBE779
:10EF1000544B5B689C007FF555AF534B1B68D8037F
:10EF20007FF550AF0C3502212846F9F715FC4FF458
:10EF30009F73038001212846F9F70EFC112303700B
:10EF4000002128460DB0BDE8F04FF9F705BC454B50
:10EF50005B6899004FF000077FF534AF424B1B68A8
:10EF60009A047FF52FAF0C3502212846F9F7F4FB00
:10EF700041F23E03038001212846F9F7EDFB0346E9
:10EF80000E2228461A700F21F9F7E6FBF307054613
:10EF900000F1778394F820302B70442B3FF412AFAC
:10EFA000334BA768D3F800B097F8499097F848100A
:10EFB000BBF1000F07F14A0A09F0030925DD2D4EC8
:10EFC00002914FF0000831460622504610F0D3FC63
:10EFD000002840F04F8216F8013C4B4540F04A8231
:10EFE000254A02990346262000FB082202F1200050
:10EFF00092F82060F60608D092F82420B1EB121F98
:10F0000003D1827863F300028270E388A5F80130AF
:10F0100097F84930C3F301032B71D7F84A30C5F88C
:10F020000530BAF80430A5F8093097F84830EB708D
:10F0300094F8212092FAA2F3002AB3FA83F308BFCE
:10F040004FF0FF330133EB72638CAB8194F82430C3
:10F05000AB73B7E68C0C0200980A0200100A02009B
:10F06000DC0602000806002000060020295C0020C3
:10F07000F43D0020F93D0020F83D0020C04B5B68C6
:10F080009E007FF59FAEDFF8FCB2DBE9003258044A
:10F0900003F4804140F1F681A1680E68B6F8BC1017
:10F0A00089B200293FF48EAEA17EA08B0390890720
:10F0B00000F1A5820399FF2900F2A18294F82210A1
:10F0C000207E049011F03F0700F0778294F82330FF
:10F0D000DF074CBF04F12A0A04F1240A980748BF4D
:10F0E0000AF1060A5A074ABF1AF8012BFF229209B1
:10F0F00013F0080818BFD046029218BF0AF1020A9E
:10F1000013F0100200F079829AF802205F2A3FF68D
:10F1100059AED1460AF1030A9F0648BF0AF1120A06
:10F12000580648BF1AF9013B04F1220758BF7F2354
:10F1300001F03F01AAEB07070593FFB24B1C9F426A
:10F1400000F2BA82DA1B12F0FF02099200F0BB82D1
:10F150005244089294F82110994200F23E82002312
:10F1600008931F4696F8CA1001F00203B8F1000F89
:10F1700000F0CB82002B00F01A82637E5A0640F129
:10F1800016824B0700F10182DBE90032580440F19E
:10F190007682049B059A039905955B428F4238BF9E
:10F1A0007F225BB2A846089D0493CDE9069A924659
:10F1B00008F10C0802214046F9F7CEFAF72FB946BC
:10F1C0004FF03E0328BF4FF0F709037009F1080321
:10F1D000437001214046F9F7BFFA03460F2209F1B7
:10F1E00007011A70C9B24046F9F7B6FAE3880380FE
:10F1F000049BC370029B80F802A0037180F8069004
:10F20000064629464A460730A7EB090710F0C3FB1C
:10F2100017F0FF0740F04681DDE9069A059DB9F138
:10F22000000F00F0DD8194F91930DBF80420002B89
:10F23000C0F2DB81022373714FF0000991077FF563
:10F24000C1ADBAF1000F3FF4BDAD099B222B7FF693
:10F25000B9AD9AF801302C2B7FF4B4AD9AF81D307B
:10F260009AF800603F2B3FF6ADADB9F1000F00F00A
:10F270004F8209F10C0902214846F9F76DFA41F273
:10F280003E43038001214846F9F766FA03462222ED
:10F290001A7013214846F9F75FFAE38803800522C4
:10F2A000054603210AEB0200FCF70EF80AF10604FA
:10F2B000A870052200212046FCF706F80C22E87011
:10F2C00007210AF10300FBF7FFFF0322A8800521B5
:10F2D0002046FBF7F9FF04221146A8710AF1090044
:10F2E000FBF7F2FF04221146E8710AF10C00FBF76C
:10F2F000EBFF28729AF80D30A5F80930142200218E
:10F300000AF11300FBF7E0FF030CC0F30722E872D9
:10F310002A736B730C2204210AF11500FBF7D4FF4A
:10F32000E8819AF81D305B0901332B749AF822307A
:10F330003A2E4FEAD3136B740CBF01230023AB7436
:10F3400040E50F4B5B689A007FF53CAD0D4B1B68A9
:10F350001B047FF537AD0C3502212846F9F7FCF97F
:10F3600040F23E33038001212846F9F7F5F91023D6
:10F37000037002212846F9F7EFF9E388038021E5BD
:10F380000806002000060020806850F8407B02F04C
:10F390006BF8064600287FF415ADB7F8BC309BB279
:10F3A000002B3FF40FAD384601F0AEFD94F823304A
:10F3B000E78CFF2B814600F08E8194F82060012EAF
:10F3C00038BF012606F103084FEA88085FFA88F87B
:10F3D00008F1010A5FFA8AFA0C3502212846F9F78A
:10F3E000BBF9FF23037080F801A001212846F9F73B
:10F3F000B3F9034605221A7041462846F9F7ACF9DD
:10F40000237EA0F80090C3EB4332C3EB82035B0082
:10F41000A0F8033094F82430437194F82130C3F3FA
:10F420008112827194F8252082709B090146A0F810
:10F43000097040F03D8194F82230CB7194F823306C
:10F440000B72FF2B14D094F82030002B00F0488171
:10F4500076B104F1280500232A3401EB830235F943
:10F460002300908134F92300D08101339E42F4D1EE
:10F47000CE72A7E408F10108C34506F126067FF421
:10F48000A2ADC2E502F0020001433FF49BACA168CB
:10F490000E68B6F8BC1089B200293FF493ACA18B7A
:10F4A00003910BE601204FF4A0220023F9F7F4F9B1
:10F4B0008046002800F01A8105984146F9F78EF839
:10F4C0004FF001034D4473714FF07F0A70E6002A3C
:10F4D0003FF478AC9C4B1B685B057FF573AC94F8EC
:10F4E000203003F00F03012B0DD0984A984999481A
:10F4F00041F68D030EF0FAFE87F31188BFF36F8F8C
:10F500000323184602DF944B1B7804F1220773B1E2
:10F5100094F820000023C0F38011CDE900333A466F
:10F5200000F00F00FEF79AF900287FF44BAC0C3581
:10F5300002212846F9F710F941F23E230380012108
:10F540002846F9F709F903460B221A7028461121BB
:10F55000F9F702F940F20113038094F82030C3F365
:10F5600080138370D4F82230C0F80330BB88A0F831
:10F57000073094F82030C3F3C0134372A36AC0F875
:10F580000A30A38DC38106741CE4B9F1000318BFCF
:10F5900001230193CDF8008006F1C40201F00101BE
:10F5A00004230720FEF75AF900283FF4EDADDBF8FD
:10F5B0000420A94642E6012396E494F8211001298B
:10F5C0004BD904F1230308937F230593FF23029370
:10F5D000B8460997BA46B9460123C91ACFB2C1E560
:10F5E000DBF8042086F8059028E6039BFE2B3FF607
:10F5F00021AE0123B946737120E691468CE50C35A6
:10F6000002212846F9F7A8F840F63E0303800121BD
:10F610002846F9F7A1F80F23037007212846F9F7C8
:10F620009BF8E488048047F67F7140F2FF220023B4
:10F63000418082808371FFF7C5BBCDE9003394F828
:10F6400020004246C0F3801100F00F00FEF706F9DB
:10F6500000283FF4DEABFFF7B5BB7F20CDE908778C
:10F66000059096F8CA10FF20BA460290B94689075D
:10F6700005D5617E4E0602D558043FF58AADA946F0
:10F68000DCE5324A3549334841F621530EF02EFE6F
:10F6900087F31188BFF36F8F0323184602DF79E4E5
:10F6A00000274FF00B0A4FF00C0BB946FFF7C6BB13
:10F6B000012B18BF0223C0E6294A009129483B4686
:10F6C00002210FF04CF8CDF820A04FF0000A3B4685
:10F6D000CDF824A03EE54FF00C084FF00D0A7BE674
:10F6E0004FF08023CB60CE72FFF76CBB174A1E49E8
:10F6F000184841F637630EF0F9FD88F31188BFF31F
:10F700006F8F0323184602DFD6E6DBE90032AEE74F
:10F710004FF4A02200230120F9F7BEF8814620B162
:10F7200028464946F8F75AFFA3E5084A0E49094812
:10F7300041F66F630EF0DAFD89F31188BFF36F8F26
:10F740000323184602DFEBE7000600208C0C0200C2
:10F75000680E0200100A0200295C0020900E0200D0
:10F76000F00D020094050200140E02000379032B31
:10F7700016D0053B222B13D8DFE803F0161414141F
:10F780001212141414141212121212121212121251
:10F790001212121212121212121212121212140059
:10F7A0000020704701207047022070470C490D4A25
:10F7B0000D4B4FF0FF3010B408600C4C4FF0FF3091
:10F7C00041F6FF71C2E900014FF0000C1F2000213B
:10F7D000C3E9000184F800C05DF8044BFDF7F8BFF1
:10F7E000F43D00200806002000060020295C0020CF
:10F7F0002DE9F04788B08146119E9DF840A037461C
:10F80000904617F81C5B0135EDB21C463570002D93
:10F8100000F09580614A624BD760C2E9009814817C
:10F8200082F80AA09A60002211460120FBF720FC12
:10F83000002874D1758D002D3FD00134A4B2A542AB
:10F8400004D92C1B748508B0BDE8F087B6F84420B5
:10F8500072B3544B1544F31A534A9B08A2FB03237B
:10F860002D1B13F47F7FADB2C3F3870740F0868072
:10F870000024BA1CCDE90544CDE90354CDE9014487
:10F8800000942346D2B201212046FCF707FD10F078
:10F89000FD0F0DD0454A464946484FF471730EF0AE
:10F8A00025FD84F31188BFF36F8F0323184602DF11
:10F8B0000023738508B0BDE8F087338D002BC2D0DC
:10F8C000002CC0D0374A3849B21A9208A1FB021264
:10F8D00012F47F7FC2F3870740D100240121BA1CB4
:10F8E0007385D2B2CDE90544CDE90311CDE90144D8
:10F8F000009423462046FCF7D1FC10F0FD0FA2D067
:10F900002A4A2B492B4840F2D5330EF0EFFC84F302
:10F910001188BFF36F8F0323184602DF93E7234A52
:10F920002549244840F2AA330EF0E0FC002383F37B
:10F930001188BFF36F8F0323184602DF7AE71B4A53
:10F940001E491C4840F29D330EF0D0FC85F311880F
:10F95000BFF36F8F0323184602DF5BE7134A184992
:10F96000144840F2CE330EF0C1FC85F31188BFF38A
:10F970006F8F0323184602DF338DAEE70B4A104921
:10F980000C484FF46F730EF0B1FC002383F3118821
:10F99000BFF36F8F0323184602DF69E77040002032
:10F9A000EC060020A8200020310CC330D80E020045
:10F9B000280F0200100A02005C0B0200180F020060
:10F9C0001C0F02000368196C11B10868FDF7F6BA44
:10F9D000704700BF00B170470C4B10B5024604469B
:10F9E000996002200121FBF743FB00B910BD084AD2
:10F9F0000849094840F252430EF078FC84F311881C
:10FA0000BFF36F8F0323184602DF10BDDC06002012
:10FA1000D80E02005C0B0200100A020038B5037811
:10FA20000446002B30D01D4D436900F11C01A96034
:10FA30007BB11B4A1B491C4840F267430EF056FC41
:10FA4000002383F31188BFF36F8F0323184602DF6F
:10FA5000A9681648114B0022C4E90501114601208E
:10FA6000FBF706FB00B938BD0D4A11490E4840F2BC
:10FA70006E430EF03BFC002383F31188BFF36F8FBE
:10FA80000323184602DF38BDC369196C0029EAD088
:10FA9000BDE838400868FDF791BA00BFCC060020E9
:10FAA000D80E0200440F0200100A0200C5F900003F
:10FAB0005C0B020000F04CBC70B591F8463043F08E
:10FAC00001030C46064681F84630023001F11C0263
:10FAD000C0B2FDF701FB18BB00F0CAFC856A064600
:10FAE00015B12B689C4201D0002070BD00F08AFD4A
:10FAF00008B178302CD1B36A002BF5D09D42F3D1F8
:10FB0000144A1549154840F2BA230EF0EFFB0023C2
:10FB100083F31188BFF36F8F0323184602DFE3E7F7
:10FB200010F1780F054613D040F29723094A0C498B
:10FB30000A480EF0DBFB0B482A4631460EF0D6FB96
:10FB4000002383F31188BFF36F8F0323184602DF6E
:10FB50000C2070BDD80E0200880F0200100A0200AF
:10FB6000580F0200700F020070B50F4D95F8463027
:10FB70009B0716D529460020FFF79EFF044670B963
:10FB800095F846302E6C60F3410385F8463036B167
:10FB900028643068FDF7F4F93046FDF7FDF920469A
:10FBA00070BD0C24204670BDA8200020002840D045
:10FBB00070B55B4D95F846300C4699078AB01646ED
:10FBC00048D45B070ED50120FCF76EFC0621FBF73D
:10FBD000C7F9002800F0858084B92C85A5F8444039
:10FBE000204634E054B92C85A5F844402C644C4898
:10FBF0006C850AB0BDE87040F2F706B84949A88E96
:10FC000042F2107304FB03F3A1FB03235B0AB3FB73
:10FC1000F0F39BB22B8576B9A5F84460FDF7AAF9FD
:10FC20000446002862D0FDF7B1F900285BD00460DB
:10FC30000DE0FFF799BF3C4A06FB02F2A1FB02125E
:10FC4000520AB2FBF0F2D31AA5F8443000202C8DF2
:10FC50002864CCE7002C41D0002A3FD02A8D002A0E
:10FC60003CD0B5F84420002A38D05A0740D50120AE
:10FC7000FCF71AFC0621FBF773F990B342F21072FD
:10FC8000284B294802FB04F1A3FB012106FB00F0ED
:10FC9000AA8E490AA3FB0030B1FBF2F189B2400AF7
:10FCA000B0FBF2F0401A80B20023CDE9013300939B
:10FCB00029851E49A5F8440009ACCDE905140121A8
:10FCC000CDE90311022203212B646B8518460992AA
:10FCD000FCF7E4FA2146FDF7A9F900B10C200AB0BF
:10FCE00070BD1220FBE72046FDF74AF90720F6E732
:10FCF0000C4AA88E42F2107304FB03F3A2FB031319
:10FD00005B0AB3FBF0F399B2074B06FB03F3A2FBCC
:10FD100003235B0AB3FBF0F35B1A98B2C4E700BF9E
:10FD2000A82000205917B7D10088130091C5000002
:10FD300008B5FFF719FF054B93F82C206FF302026B
:10FD400083F82C20BDE8084000F010BBA82000205C
:10FD500070B58468B4F8443082B00BB102B070BDA5
:10FD6000238D002BFAD0658D002DF7D11C4B1D4A39
:10FD70002585E31A9B08A2FB032313F47F7FC3F3BB
:10FD800087061ED1236C0B21B21C1971DE80D2B202
:10FD9000154B009401210020FCF716FB10F0FD0F1D
:10FDA000DCD0124A124913484FF43C730EF09EFA0D
:10FDB000002383F31188BFF36F8F0323184602DFFC
:10FDC000CCE70A4A0C490B484FF436730EF08EFA12
:10FDD00085F31188BFF36F8F0323184602DFD1E745
:10FDE000A8200020310CC330D5F90000D80E020045
:10FDF000280F0200100A02001C0F020008B538B9D3
:10FE00000E4B93F8462060F3410283F8462008BD6C
:10FE10000B4A0C490C4840F2F9230EF067FA002314
:10FE200083F31188BFF36F8F0322104602DF93F82C
:10FE3000462063F3410283F84620FFDEA82000201D
:10FE4000D80E0200AC0F0200100A0200024B00287C
:10FE50000CBF184600207047A8200020044A054B1C
:10FE6000801A8008A3FB0030C0F38700704700BFF2
:10FE7000A8200020310CC330044A0068044B801ACB
:10FE80008008A3FB0030C0F387007047A820002043
:10FE9000310CC330024B834218BF0020704700BFB3
:10FEA000A82000200068034B984214BF00201C309B
:10FEB000704700BFA8200020C0B90E4A92F8463013
:10FEC00099070DD592F82010126DC3F34000C1F3CD
:10FED00040139840131E18BF012340EAC300704727
:10FEE000106D003818BF0120C000704700231B6D43
:10FEF000FFDE00BFA820002010B5C46A0023C36243
:10FF00004CB1637E206843F0800363762146BDE8F0
:10FF10001040FDF753B8074A0749084840F22553F7
:10FF20000EF0E4F984F31188BFF36F8F03231846B2
:10FF300002DFE6E7B40F02007C0A0200100A0200AA
:10FF400070B58E6A0C4605460EB3306800F0CEFFE1
:10FF5000D5B9C0B11F49204B0022D9600220012130
:10FF60009C60FBF785F870B11C4A1D491D4840F2A2
:10FF7000AC530EF0BBF9002383F31188BFF36F8FEE
:10FF80000323184602DF70BD80B11749E3E7134A27
:10FF90001649144840F28D530EF0A8F986F31188E3
:10FFA000BFF36F8F0323184602DFCEE7A56A0DB1BA
:10FFB0000F49D0E7094A0F490A4840F2A2530EF010
:10FFC00095F985F31188BFF36F8F0323184602DF7D
:10FFD000EEE700BFF9FE00001C070020B40F02008E
:10FFE0005C0B0200100A020079010100F80F020008
:10FFF00065020100881002002DE9F041079D9DF87F
:020000040001F9
:1000000018702C780134E4B280461E462C7094B1EE
:100010001849194BC1F8008000241C354C600E8132
:100020008F72CD609960224621460120FBF720F8AF
:1000300080B9BDE8F081114A1149124840F26E536F
:100040000EF054F984F31188BFF36F8F0323184621
:1000500002DFDDE7094A0C490A4840F27B530EF003
:1000600045F984F31188BFF36F8F0323184602DF2D
:10007000BDE8F081904000200C070020B40F020082
:10008000180F0200100A02005C0B020070B5856AAE
:100090000446002D47D0E16A01B30023E3620868FB
:1000A000FCF780FFA16B31B10023A3630123086833
:1000B0000B71FCF777FFFCF77BFFA56A2868FFF759
:1000C000E9FEA0B10023AB60A56AEDB10023A362F5
:1000D00020462449BDE87040FAF71ABFA16B0029F9
:1000E000E2D1A56A2868FFF7D5FE0028EAD1A56A03
:1000F0002B6893F8CA301B0701D4EE6B16B30023AC
:10010000EB63A56A002DE1D1174A1849184840F25F
:100110008D430EF0EBF885F31188BFF36F8F032347
:10012000184602DFD2E7104A1049114840F2E7436F
:100130000EF0DCF885F31188BFF36F8F03231846A8
:1001400002DFA8E7084A0B49094840F20E530EF0B7
:10015000CDF886F31188BFF36F8F0323184602DFB3
:10016000CDE700BFA8400020B40F020088100200B5
:10017000100A0200041002002DE9F041856A0446CD
:10018000002D36D0E36AD3B1237823B92046BDE8E9
:10019000F041FFF77BBF2D4A2D492E4840F25953BD
:1001A0000EF0A4F8002383F31188BFF36F8F0323AD
:1001B000184602DF2046BDE8F041FFF767BFA66A98
:1001C000002E34D0D6F800800023A8F8F430A56BB8
:1001D000F5B10D230027A76340462B7100F094FE74
:1001E000AB7EE88043F00203AE60AB76EF60E56281
:1001F000CAE7164A1849174840F231530EF076F80C
:1002000085F31188BFF36F8F0323184602DFB9E728
:100210000E4A12490F4840F245530EF067F885F335
:100220001188BFF36F8F0323184602DFD1E7074A17
:100230000B49084840F23D530EF058F886F31188F8
:10024000BFF36F8F0323184602DFBBE7B40F020032
:100250002C100200100A0200881002007C0A020022
:100260002810020038B5856A0446002D32D0237864
:1002700003F0FF024BB3012A14D1636973B11D4A25
:100280001D491E4840F2D5430EF030F8002383F399
:100290001188BFF36F8F0323184602DF184BC4E9A0
:1002A000053438BD134A1749144840F2D3430EF0C1
:1002B0001DF8002383F31188BFF36F8F03231846C3
:1002C00002DF6369002BDAD1E8E72046BDE8384059
:1002D000FFF7DCBE074A0C49084840F2BF430EF066
:1002E00005F885F31188BFF36F8F0323184602DFEB
:1002F000BDE700BFB40F0200440F0200100A020065
:100300000D030100441002008810020038B5856A10
:10031000044625B12046BDE83840FFF7B7BE094A7C
:1003200009490A4840F2B3430DF0E0FF85F3118814
:10033000BFF36F8F0323184602DF2046BDE8384025
:10034000FFF7A4BEB40F020088100200100A0200DA
:1003500008B50448044B01223C21FAF79DFD00201A
:1003600008BD00BFAC400020A840002008B50448EC
:10037000044B01223C21FAF78FFD002008BD00BF8D
:10038000AC400020A840002070B5324B84689C42ED
:1003900011D1A56A002D3ED02E683046FFF77AFDB8
:1003A000054648B396F84630DB0724D42046BDE81E
:1003B0007040FFF76BBE204600F098FD0546002810
:1003C00038D094F8CA301A0715D4A36D9BB1A36D29
:1003D0001C68A56A002DE9D11F4A204920484FF426
:1003E00061730DF083FF85F31188BFF36F8F0323D3
:1003F000184602DFDAE770BD174A1A49184840F27A
:100400008D330DF073FF85F31188BFF36F8F0323D6
:10041000184602DFC6E7104A1349114840F28A33F2
:100420000DF064FF85F31188BFF36F8F0323184627
:1004300002DFB1E7084A0D4909484FF45F730DF038
:1004400055FF85F31188BFF36F8F0323184602DF32
:10045000B7E700BFAC400020B40F020088100200D4
:10046000100A0200C411020028100200A8110200A4
:10047000024B00280CBF184600207047AC400020FB
:1004800008B5034900683C22FAF756FDC0B208BD22
:10049000AC40002070B5056849B1AE6A0C4646B163
:1004A0003068FFF7F7FC003818BF01202070A86AF9
:1004B00070BD074A0749084840F2B6330DF016FFF1
:1004C00086F31188BFF36F8F0323184602DFE7E737
:1004D000B40F0200E0110200100A02000068034B92
:1004E000984214BF00201C30704700BFAC40002071
:1004F0002DE9F0418B681F68064638460C46FFF729
:10050000C9FC50B3A368012222719F6887B13F687C
:10051000BD6A4DB32868FFF7BDFC88B190F846303E
:10052000DA0705D4BD6A002D3FD03846FFF79AFEA2
:1005300021463046FCF736FDBDE8F041FCF738BDFA
:100540002B6893F8CA301B07ECD526603B6B002B59
:100550003AD0DC603C63BDE8F081244B9F4212D16D
:100560000123A7682371D1E7214A2249224840F29A
:1005700013430DF0BBFE85F31188BFF36F8F032388
:10058000184602DFC6E70546384600F0AFFC804655
:10059000E0B1A7F8F450A3683846DF6B0D23237150
:1005A00000F0B2FCE560E080B0E7114A1349124860
:1005B00040F223430DF09AFE85F31188BFF36F8F4D
:1005C0000323184602DFB0E7FC62C3E7084A0C4980
:1005D000094840F207430DF089FE88F31188BFF304
:1005E0006F8F0323184602DFA2E700BFAC40002054
:1005F000B40F020028100200100A02008810020046
:10060000980A020038B527493C220446FAF794FCC0
:1006100004F11C0503302A462146C0B2FCF75CFDFC
:1006200018B110F1780F22D038BDA56A55B32868EB
:10063000FFF730FC20B31C491C4B0022D96003207B
:1006400001219C60FAF714FD08B9002038BD184A52
:100650001849194840F274430DF048FE002383F313
:100660001188BFF36F8F0323184602DFEDE728469A
:10067000FCF7F4FC0028DED010F1780FDBD038BD99
:100680000E49D9E70A4A0E490B4840F25F430DF084
:100690002DFE85F31188BFF36F8F0323184602DF09
:1006A000C5E700BFAC4000208D000100FC06002023
:1006B000B40F02005C0B0200100A02007901010075
:1006C000281002002DE9F047099C9DF820A025780C
:1006D0001E4694F8CA30174694F828200135C3F313
:1006E0004003EDB263F341028046257084F8282070
:1006F00004F11C09A5B11A4BD4F8C020DA60194CDA
:100700009C60002211460120C4E90087268184F8FC
:100710000AA0C4F80C90FAF7ABFC80B9BDE8F087EA
:10072000114A1249124840F233530DF0DFFD85F3B0
:100730001188BFF36F8F0323184602DFDBE70A4AF5
:100740000C490B4840F241530DF0D0FD002383F3D8
:100750001188BFF36F8F0323184602DFBDE8F087CF
:100760004C07002000410020E8110200180F020091
:10077000100A02005C0B0200D0F8F0104FF6FF7375
:100780004FF00C0C0022CB8081F804C03E23C0F84F
:10079000F020086881F82030FCF710BC30B5F82252
:1007A00083B00D4611490446FAF7C6FB021D0094BA
:1007B0002B46D2B201210020FBF706FE10F0FD0F00
:1007C0000ED00B4A0B490C4840F216530DF08EFD2B
:1007D000002383F31188BFF36F8F0323184602DFD2
:1007E0000023A4F8BC3003B030BD00BF2C41002072
:1007F000E8110200280F0200100A020008600148F8
:1008000009F002BB1041002000B9704708B5084A42
:100810000849094840F249530DF068FD002383F36D
:100820001188BFF36F8F0323184602DF08BD00BF96
:10083000E811020028120200100A020010B50C464E
:10084000C0B9144B0022012102209C60FAF710FC71
:1008500000B910BD104A1149114840F25E530DF025
:1008600045FD002383F31188BFF36F8F03231846E0
:1008700002DF10BD084A0B4909484FF4AB630DF085
:1008800035FD002383F31188BFF36F8F03231846D0
:1008900002DFD6E72C070020E8110200AC0A0200B4
:1008A000100A02002812020000B9704710B50C4669
:1008B000FCF7CEFB84420ED0074A0849084840F2B4
:1008C0004E530DF013FD002383F31188BFF36F8F98
:1008D0000323184602DF10BDE811020034120200A3
:1008E000100A020038B50D46C0B9164B0446024640
:1008F000996002200121FAF7BBFB00B938BD124A0A
:10090000124913484FF4B2630DF0F0FC84F31188E0
:10091000BFF36F8F0323184602DF38BDFCF798FB47
:100920008542EBD0084A0B49094840F287530DF045
:10093000DDFC002383F31188BFF36F8F0323184678
:1009400002DF38BD3C070020E8110200AC0A0200BB
:10095000100A02006412020010B5164BD0F8C02035
:100960009A42044611D0D0F8F0104FF6FF73CB80B6
:100970000C2000223E230871C4F8F02081F82030BA
:10098000BDE810400868FCF719BB0B49F822FAF7DC
:10099000D3FA0E230246A4F8D22084F8D030C4F84B
:1009A000D440D4F8CC0004F1CC01BDE81040FCF7F1
:1009B00005BB00BFD54C01002C4100202DE9F04FB4
:1009C00087B09846BDF84430BDF8404002930546D4
:1009D0009DF84830019400208B4617460393FFF79B
:1009E00035FA002800F0C780036D0646002B40F062
:1009F000C28015F00103049325D1DFF8F4911C4661
:100A0000A9F1C40A03E0052C09F1F8091BD039F853
:100A10000A2CC4EB44130AEBC3030134002AF2D0BE
:100A200093F8CA3003F00103BB42ECD106224846DA
:100A300041460EF0A0FF0028E5D199F807305B454C
:100A4000E1D10B2094E0FCF795FA8146002800F0F4
:100A5000B980FCF78FFA0590002800F0B080FCF711
:100A600095FA8246002800F0A7805C48FAF73AFA27
:100A70000446002800F0A88096F84920AB0022F038
:100A80003C0203F0040313435A0786F8493040F14F
:100A90008480059BCAF80090C4F8CC30D4F8F030BC
:100AA0006BB14F4A4F495048BD230DF01FFC002346
:100AB00083F31188BFF36F8F0323184602DF019B76
:100AC000A4F8B830029B94F8CA20A4F8BA3085F094
:100AD000020303F0020105F0040522F00E020D43AB
:100AE00015430022A4F8BC20A4F8BE20049AC4F840
:100AF000F0A084F8CA50C3F34003002A3FD094F812
:100B0000282084F8CBB063F3410284F82820039AAC
:100B100094F827300025C4E9135562F3C703A5658F
:100B2000C4F82A5084F8273096F8493094F82820E1
:100B3000C3F3800363F3000284F8282004F15C000F
:100B400000F086FCD4F8B03063B1254A2749264826
:100B5000FD230DF0CBFB85F31188BFF36F8F0323CB
:100B6000184602DF0020C4E905002070E461346506
:100B700007B0BDE8F08F0C2007B0BDE8F08FEAB2F7
:100B800067F3000284F8CA20D8F80020C4F8C42013
:100B9000B8F80420A4F8C820B1E767F3010386F889
:100BA000493086F848B0D8F80030C6F84A30B8F86E
:100BB0000430A6F84E306CE70598FCF7E1F948469A
:100BC000FCF7DEF90720D3E75046FCF7E5F9059876
:100BD000FCF7D6F94846FCF7D3F9F3E728410020A3
:100BE000E811020084120200100A0200A0120200A2
:100BF000F04100202DE9F04107460020FFF726F9DB
:100C0000002852D0036D0546002B4ED090F8493095
:100C100043F0080380F84930046D002C45D0D4F827
:100C2000F030002B41D094F8CA3043F0080384F828
:100C3000CA30B4F8BC309BB27BB12549F8222046BB
:100C4000FAF77AF9FF28064632D8301D04F11C0263
:100C5000C0B22146FCF740FA28BB00262E65D4F826
:100C6000F050A4F8BA60D5F80080D4F8CC00FCF7B6
:100C700087F94046FCF784F92846FCF78DF90C22E9
:100C80004FF6FF7384F8D020A4F8D230442204F148
:100C9000CC03C4F8F06084F8EC20C4F8D4403B6086
:100CA0003046BDE8F0817830D7D00C20BDE8F08127
:100CB000084A0949094840F255130DF017FB002373
:100CC00083F31188BFF36F8F0323184602DFBCE75D
:100CD0002C410020E8110200C0120200100A02009C
:100CE00004286CD82DE9F843434EC0EB401206EBC4
:100CF000C2050446B5F8BC309BB24701D200002BB8
:100D000077D095F8CA3043F0080385F8CA301C3212
:100D100004303244C0B22946FCF7DEF98046002890
:100D20004FD1AB6DE3B1D3F800804046FFF76AFCCA
:100D300020B1783002D00C20BDE8F883D8F82830F4
:100D400073B12E4A2E492F4840F2AF130DF0CEFA60
:100D5000002383F31188BFF36F8F0323184602DF4C
:100D6000A7EB040806EBC8084FF00009D8F8CC0040
:100D7000FCF706F9A8F8BC90D5F8B080B8F1000FE0
:100D80000ED0D8F80000FCF7FBF8012000F0B2FB11
:100D9000404600F0A9FB012000F0D2FBC5F8B0905E
:100DA0003F1B06EBC706002428461749A6F8BA40A1
:100DB000A6F8F440FAF7ACF82046BDE8F8834220E4
:100DC000704710F1780FB6D040F29F130B4A0F49CD
:100DD0000C480DF08BFA0E48424621460DF086FA7B
:100DE000002383F31188BFF36F8F0323184602DFBC
:100DF000A1E74220BDE8F8832C410020E811020061
:100E0000D8120200100A020028410020580F0200E8
:100E1000700F0200042814D80B4BC0EB401003EBFA
:100E2000C003B3F8BC2092B25AB193F8CA2049006B
:100E300022F0060201F00601114383F8CA100020D7
:100E400070474220704700BF2C41002008B506487B
:100E5000064B0522F821FAF71FF801220021044869
:100E60000EF03AFC002008BD2C4100202841002053
:100E70001041002000B583B001A8FFF7BBFE0020A1
:100E8000FFF72EFF0120FFF72BFF0220FFF728FFBF
:100E90000320FFF725FF0420FFF722FF074B084838
:100EA0000522F821F9F7F8FF0122002105480EF08C
:100EB00013FC002003B05DF804FB00BF28410020B4
:100EC0002C4100201041002004280BD8064BC0EB19
:100ED000401003EBC000B0F8BC309BB2002B08BF41
:100EE00000207047002070472C410020054B98429D
:100EF00005D303F57873984288BF0020704700201F
:100F0000704700BF2C4100200149F822FAF714B8BD
:100F10002C41002002490068F822FAF70DB800BF02
:100F20002C41002038B5D0F8B050044675B128687F
:100F3000FCF726F8012000F0DDFA284600F0D4FA8C
:100F4000012000F0FDFA0023C4F8B0300023A4F81B
:100F5000BA30A4F8F43020460249BDE83840F9F729
:100F6000D7BF00BF28410020F8B590F8496073074B
:100F700004460D46174612D406F003038B4200D0F8
:100F8000F8BD00F14A01062238460EF0F4FC0028B4
:100F9000F6D1012363F3051684F84960F8BD1146C4
:100FA000284600F07DFC0028EAD094F8493065F32B
:100FB000010384F849303A68C4F84A200121DBB2C1
:100FC000BA88A4F84E2061F3051384F84930F8BDBF
:100FD00038B5044690F8490000F03003102B01D0DA
:100FE000002038BD42070D4606D494F84800401B47
:100FF000B0FA80F0400938BD0A4600F0030004F161
:101000004A0100F075FC0028EBD194F849305B07E9
:10101000E6D4EAE700230365704700BF2DE9F843F3
:101020008B681E6896F8CA3013F008083ED1B6F8EF
:10103000BC309BB2D3B34D7EC5F30115EB1C03F05E
:101040000303012B0C4607461BD9D6F8F09018492C
:101050000C2389F80430F8223046F9F76DFFA9F81F
:101060000600C6F8F080637ED9F8000003F0300374
:10107000302B08BF4FF01A0889F820804946FBF74B
:101080009DFF012D07D90123237121463846BDE874
:10109000F843FBF793BF0D23064AC6F8C02023711F
:1010A00021463846BDE8F843F0F74EBEBDE8F88368
:1010B0002C410020D54C01002DE9F043846894F8C0
:1010C000CA1011F008018BB052D1B4F8BC309BB2F9
:1010D000002B4DD0837C13F00207054640F084803E
:1010E000628DB4F82C90002A45D12A8A09F10106B4
:1010F0004FF00008CDE90888B6B2002A44D1DB07DA
:1011000053D50023A4F8BE30A58D4D457FD0DDE931
:10111000082301351343ADB276D04549F822204665
:10112000F9F70AFF434BCDE90534DDE90813021D49
:1011300000260091CDE90357CDE90166D2B2012125
:101140003046FBF7ABF810F0FD0F11D0FBF780FF36
:1011500084420DD0384A3949394840F27B430DF07A
:10116000C5F886F31188BFF36F8F0323184602DF9B
:101170000BB0BDE8F0834A4496B22A8A4FF00008CB
:10118000CDE90888002ABAD008AA09A92846F0F7AC
:10119000A7FC94F8CA3068F3061384F8CA30B4F890
:1011A000B830A385AB7CDB07ABD494F8CA3013F01E
:1011B000700F1FD0C3F30212B24233DD921B62F3F1
:1011C000061384F8CA30B4F8BE30002B9CD09E427F
:1011D00023D29B1B0022A4F8BE30A285B9F1000FD8
:1011E00015D001273D4698E720460BB0BDE8F043F7
:1011F000FFF7D4BAB4F8BE30002BE8D1B4F8BC3055
:101200009BB2A4F8BE30E0E7002DB1D085E7DDE960
:1012100008231343ACD000257FE70A492046FFF797
:10122000BDFAA5E708492046FFF7B8FAA0E700BFD6
:101230002C410020A9080100E8110200E812020078
:10124000100A0200E50801003D0801000428F8B575
:1012500054D8334DC0EB401005EBC0050C4695F853
:101260003FC095F83E30634543D12378194643B9D2
:10127000012A3ED96378013A0134D2B21946002BD3
:10128000F6D06078282809D001339BB29A4230D931
:10129000521A013A12F0FF021C44E6D1082B28D161
:1012A0000CF1010C5FFA8CF6022E23D006201623D7
:1012B000374610FB06301C30D4F802302B5028443F
:1012C000A3790371052107EB4707F9F7E9FF05EB60
:1012D000470700F03F0097F83730012860F3050317
:1012E00087F8373005D9B4F80730A5F8403085F8CD
:1012F0003F60F8BD002716203E46DCE7094A0A4950
:101300000A4840F28C430CF0F1FF002383F311886C
:10131000BFF36F8F0322104602DF93F83F30FFDEEA
:101320002C410020E811020044130200100A0200C0
:101330002DE9F04782B00E469DF8289090461F4652
:10134000FFF7C2FD002876D090F8273003F007039E
:10135000042B04466BD010F85C5F0DF1070103F01D
:101360007DFDEDB2824646BB05EB850504EBC50568
:1013700095F85E30DB0754D5037866F300030370FD
:101380009DF807303146A02284F85D302046F1F701
:1013900057FC002845D0023043D02A4A2A492B481E
:1013A00040F201230CF0A2FF002383F31188BFF366
:1013B0006F8F0323184602DF33E008F1FF33012B60
:1013C00031D8A9F10203232B2DD80B9B5BB319460F
:1013D0004A4603300EF0DFFA9AF8003068F3420311
:1013E0008AF800309AF80230012F69F306038AF870
:1013F000023018D89AF80030FF0003F0060347F0D7
:10140000010705EB85051F4304EBC5058AF800704D
:1014100095F85E209DF8073012F001020FD084F895
:101420005D30002000E0112002B0BDE8F0870C2004
:1014300002B0BDE8F087422002B0BDE8F087A021ED
:10144000A2E700BF4C1302008C130200100A020036
:1014500010B550220446002102300EF0AAFA0023F3
:101460002370637010BD00BF027843789A4208BFB2
:101470000378282202FB030002300078C04300F00A
:10148000010070470C4991F82C2091F82D309A42B8
:101490000AD8A3EB020C5FFA8CFC604509D89A428B
:1014A00007D051F8220070470B339B1ADBB29842E9
:1014B000F7D90020704700BF04460020094A92F87F
:1014C0002C1092F82D308B4209D04B1CDBB20B2B29
:1014D00008BF002352F8210082F82C30704700200A
:1014E000704700BF044600200149F9F711BD00BF55
:1014F0003446002038B50E4D041E2B7801DD092B33
:1015000002D823442B7038BD0A4A0B490B4840F2DD
:1015100047230CF0EBFE002383F31188BFF36F8F9A
:101520000323184602DF2B7823442B7038BD00BFFD
:101530002A5C00204C130200A4130200100A0200CF
:101540002DE9F843194F3B78984228BF184630B32D
:10155000DFF85C90DFF85C8099F82D40451EEDB215
:101560000134E4B20B2C99F82C3008BF0024A342BC
:1015700015D0FBF7FFFC0646404686B1F9F7B2FCF2
:1015800078B1066099F82D3049F823003B7889F846
:101590002D40013DEDB2013BFF2D3B70E0D1BDE898
:1015A000F8833046BDE8F843FBF7EABC2A5C00202C
:1015B000044600203446002010B5094B0949002498
:1015C000181D8C850A224FF4B871F9F765FC064B9B
:1015D0000A22FF201A70FFF7B3FF204610BD00BF9C
:1015E00034460020044600202A5C002010B5094B38
:1015F00009490024181D8C850A224FF4B871F9F7A7
:101600004BFC064B0A22FF201A70FFF799FF204679
:1016100010BD00BF34460020044600202A5C002094
:1016200038B54FF0060C1C46252380F800C0137017
:101630000D4603F011FC14232870237038BD00BF41
:10164000064B074A10B41F204FF0FF3425211C60C1
:10165000187111705DF8044B704700BF985400205A
:101660002B5C00204288008850407047F0B5344D14
:10167000344C48404FF0030C060A5FFA80FE0EEB34
:101680008E2E06EB862004EA401705EA400605EA9E
:101690004E0004EA4E1E3E4340EA0E0000EB0027D7
:1016A00006EB062E06EB0E2600EB0720360CC0F3E9
:1016B000074040EA062000EB00100CF1FF3C084414
:1016C0001CF0FF0C80B2D7D141401F48A0FB014065
:1016D0000C1A00EB5400400900EBC00400EB84003E
:1016E000081AC0F3C40400F00705145D2C41E40798
:1016F000C0B21CD401FB03F3561EC3F307430432EC
:10170000604600F1080516F801CFEDB201461CF065
:10171000010F01F101044FEA5C0C02D043B1013B1F
:10172000DBB2E1B2A942F2D108469642E9D1F0BD5E
:101730000730401AC0B207280846F6D8F0BD00BFEF
:1017400010210200408408004D91CFBA2DE9F047E6
:10175000884691461E460BB1FF233370164F00F0AA
:10176000010A3D46002406E0534519D001340A2CF5
:1017700005F1080511D007EBC4008079C207C0F35A
:101780004003F1D4002EF1D03378FF2B08BF347022
:1017900001340A2C05F10805EDD1FF20BDE8F087E2
:1017A0002846062241460EF0E6F80028DED1EB7905
:1017B0004B45DBD1E0B2F1E7A05400200A2070478E
:1017C0000648002300EBC302013391790A2B6FF323
:1017D00000019171F6D10020704700BFA054002095
:1017E000F0B50678FF2E83B02DD0471C0A4604467C
:1017F0000D460DF1070339463046FFF7A7FF0928CC
:1018000029D99DF80720092A21D8154901EBC20CD6
:1018100000239CF8060066F341008CF80600D4F81B
:10182000010041F83200B4F80520ACF804209CF81F
:1018300006208CF8075042F001021846E6468CF864
:10184000062003B0F0BD0023184603B0F0BD072307
:10185000184603B0F0BD1223184603B0F0BD00BF18
:10186000A054002084460078FF2814D008B50A460A
:1018700000230CF10101FFF769FF0928034601D994
:10188000422008BD054A02EBC30300209A796FF39A
:1018900000029A7108BD0020704700BFA0540020CC
:1018A0002DE9F843114F88463E46002500F0010916
:1018B00003E00A2D06F1080614D007EBC503013535
:1018C000987910F00104C0F34003F2D04B45F0D1F9
:1018D0003046062241460EF04EF80028E9D1204657
:1018E000BDE8F88300242046BDE8F883A05400201A
:1018F0002DE9F047134F884691463E4600F0010A15
:10190000002503E00A2D06F1080617D007EBC503F2
:101910000135987910F00104C0F34003F2D053452B
:10192000F0D13046062241460EF025F80028E9D1D4
:10193000F3794B45E6D12046BDE8F08700242046E8
:10194000BDE8F087A054002000F048BC10B584B07A
:1019500018BB04460DF10F010DF10E00FBF73CFB27
:101960009DF80F20134B9DF80E0000940132D2B267
:101970000221FAF729FD10F0FD0F0CD00E490F4A95
:101980000F4842230CF0B2FC0E480CF0AFFC0B48A1
:1019900042210CF0A2FC04B010BD0B49074A0848D4
:1019A00039230CF0A3FC09480CF0A0FC03483921B2
:1019B0000CF093FC3D1B0100801402001014020087
:1019C000100A020098140200281202005C1402009F
:1019D000F0B58DB00E4605460DF12F010DF12E002C
:1019E0001C461746FBF7F8FA9DF82FC006940CF139
:1019F000010C0024CDE90744CDE90344CDE90144BD
:101A00009DF82E00059700962B465FFA8CF2012177
:101A1000FAF728FC10F0FD0F1AD00E4800940E4B78
:101A2000C4609DF82F209DF82E000121FAF7CCFC10
:101A300010F0FD0F0CD00949094A0A488D230CF01B
:101A400055FC09480CF052FC05488D210CF045FC72
:101A50000DB0F0BD085500204D19010080140200A2
:101A600010140200100A0200C8140200019B024A6E
:101A70003121FFF7ADBF00BF7D1A010070B5059D94
:101A80000446FBF7AFFA2B462046034ABDE87040F8
:101A90000621FFF79DBF00BF9D1A010010B584B05D
:101AA000079CFBF7C1FA58B3D4E9003098470128E6
:101AB000044601D104B010BD0DF10F010DF10E006F
:101AC000FBF78AFA00210091144B9DF80F209DF836
:101AD0000E000121FAF778FC10F0FD0F0CD0104930
:101AE000104A114860230CF001FC10480CF0FEFB7A
:101AF0000C4860210CF0F1FB0D4BDC6004B010BD14
:101B00000C49084A084850230CF0F0FB0A480CF036
:101B1000EDFB044850210CF0E0FB00BF4D19010023
:101B20008014020010140200100A0200C8140200FF
:101B300008550020E414020000150200012802D814
:101B4000084808F061B908B50749084A08482B2336
:101B50000CF0CCFB07480CF0C9FB04482B210CF01F
:101B6000BCFB00BFF0540020281502001014020036
:101B7000100A02004815020008B50122002102489F
:101B80000DF0AAFD002008BDF0540020024BA0F289
:101B9000A462C3E900207047085500200020FAF72E
:101BA000E7BA00BF08B5FAF751FC014B986008BDD1
:101BB00008550020684620F007018D4601B503F066
:101BC000B7FAF5F717FABDE801408546704700BF40
:101BD00008B50A4BD3F840213AB90120F9F7A6FA23
:101BE000BDE808400220F9F7A1BA0020C3F840017F
:101BF000D3F84031FAF7C8FAEFE700BF00B0004071
:101C00000020F9F793BA00BF70B508BB214B224CF6
:101C10001A7821789142D3B20FD0204A2049214826
:101C200040F2F7330CF062FB002383F31188BFF31B
:101C30006F8F0323184602DF23781B4E1B4D32782B
:101C4000013323702B78934212D033782B7070BD00
:101C5000124A1749134840F2F2330CF047FB0023B5
:101C600083F31188BFF36F8F0323184602DFCDE79C
:101C70000A4A10490B4840F2FD330CF037FB0023B1
:101C800083F31188BFF36F8F0323184602DF337885
:101C90002B7070BD2C5C00202D5C0020781502009C
:101CA000C0150200100A0200315C0020305C0020E8
:101CB00028120200DC15020070B51A4E1A4D337856
:101CC0002A789A4204460BD033782B70174E184D61
:101CD0001CB933782A789A4212D033782B7070BDB1
:101CE000144A1549154840F2DE330CF0FFFA002380
:101CF00083F31188BFF36F8F0323184602DFE3E7F6
:101D00000C4A0F490D4840F2E9330CF0EFFA84F326
:101D10001188BFF36F8F0323184602DF33782B70CF
:101D200070BD00BF2F5C00202E5C00202C5C0020CA
:101D30002D5C00207815020004160200100A020033
:101D40002C16020003F00CBB38B5194C194D237842
:101D500029788B421AD0184B21700022059999607E
:101D600001201146F9F784F900B938BD134A144926
:101D700014484FF492630CF0B9FA002383F31188EE
:101D8000BFF36F8F0323184602DF38BD0B4A0E499D
:101D90000C4840F28A430CF0A9FA002383F311881F
:101DA000BFF36F8F0323184602DF2978D3E700BF04
:101DB0002C5C00202D5C00205C07002078150200C0
:101DC0005C0B0200100A0200481602002DE9F04FD9
:101DD000DFF878811446524A98F8003012789A4217
:101DE0008BB00F4605D14F4B4F4A1B7812789A4261
:101DF00077D0E368D4F800901B68DFF854A1DD6861
:101E0000D3E9012191422CBFC5EB0105C5EB0205C9
:101E100009EB050626F07F46DAF800103046FAF79F
:101E200017FB10F4000002D10BB0BDE8F08F3F4A61
:101E30003F4B11781A78914232D13A4A3A49127896
:101E4000097891422CD01A7801324FF0000BD2B2AF
:101E50001A705946374BCDF800B05A465846FAF733
:101E6000B3FA10F0FD0F1BD0334A3449344840F226
:101E70007C430CF03BFA8BF31188BFF36F8F032385
:101E8000184602DF2C4A2D492D4840F22A430CF017
:101E90002DFA8BF31188BFF36F8F0323184602DFEF
:101EA00017B13B7F9A0730D5E368CAF80060069304
:101EB000244B0022CDE90732234BCDE90222CDE9A4
:101EC0000423CDE9005298F800400134E4B24B46B7
:101ED0001146104688F80040FAF7C4F90BB0BDE887
:101EE000F08FC368D0F800901A68DFF864A0D56856
:101EF000D2E9011088422CBFC5EB0005C5EB0105F6
:101F000009EB050626F07F46CFE743F002033B7757
:101F1000F968BB69CAF8006038469847C4E700BF53
:101F2000305C00202C5C00202D5C00202E5C00200A
:101F30002F5C0020B91C010078150200280F020058
:101F4000100A0200091C0100491D0100315C00203B
:101F5000205500202DE9F041784FBB6888B083B14F
:101F60003B6873B1FF2306468DF80A3002E0037F19
:101F7000980709D00DF10A00FBF792F904460028F2
:101F8000F5D108B0BDE8F081E368B34258D00DF157
:101F90000A00FBF785F905460DF10A00002D00F057
:101FA000BD802B7F9907F4D1EB689E421ED0FBF7D2
:101FB00077F903460DF10A00002B00F0AF801A7F7D
:101FC00012F00308F3D1DA68B242F0D1AB420DD07F
:101FD0005B4A5C495C4840F2C5430CF087F988F3E2
:101FE0001188BFF36F8F0323184602DF237FE16858
:101FF00043F0020323772046A3699847FF238DF817
:102000000A3003E0037F13F0030507D00DF10A0047
:10201000FBF746F904460028F4D1B2E7C368B3429F
:102020000ED0474A4949484840F2D5430CF05EF982
:1020300085F31188BFF36F8F0323184602DFE6682C
:102040007B68396803AA30469847054600285AD06D
:10205000BB6839680020984715F10B0F13D08C35F9
:102060008FD0374A3A49384840F204530CF03EF9D1
:10207000002383F31188BFF36F8F0323184602DF19
:1020800008B0BDE8F081FF240DF10B008DF80B4086
:10209000FBF706F900282ED10123386800930021B0
:1020A000CDE90411069107903960039BD7E901013E
:1020B00004AAFBF7ADF8044600287FF462AF204A7B
:1020C0002449214840F202530CF010F984F311889E
:1020D000BFF36F8F0323184602DF52E743F002037A
:1020E0000377836998478DF80B400DF10B00FBF7E0
:1020F000D7F80028D0D0037F9A07F6D4C268396891
:102100009142F2D1EAE7237FA269E16843F002033A
:1021100023772046904708B0BDE8F0812246002191
:102120002046FFF753FE30F002033FF42AAF044A83
:102130000949054840F2BB4398E700BF24550020F9
:102140007815020064160200100A02007C160200D4
:10215000A8160200A0160200280F020010B51548AC
:102160000DF040FA10B3144B00249C6000F0B2FA5A
:1021700000281ADB214601202246F5F739FB2246CA
:102180000B200121F5F734FB224621461820F5F7F4
:102190002FFB0120F5F7FCFA0B20F5F7F9FA1820D0
:1021A000F5F7F6FA02F0F4FF204610BD6FF01200CA
:1021B00010BD00BF5C0302002455002008B500F0EC
:1021C00099FA002809DB0120F5F7F0FA0B20F5F762
:1021D000EDFA1820F5F7EAFA002008BD0A46014694
:1021E000094883681B680BB192B218470749084A2F
:1021F000084810B55B230CF079F807480CF076F826
:1022000003485B210CF069F85C030200E816020049
:10221000B4160200100A02000817020000207047DE
:1022200030B5254B83B0044670B31A68824225D07E
:10223000FF250DF107008DF80750FBF731F838B98D
:102240001AE0A1420AD00DF10700FBF729F898B176
:10225000037F9B07F7D4C168002CF2D1037F82690A
:1022600043F00203037790470DF107008DF8075004
:10227000FBF716F80028EBD103B030BD9D6865B1BF
:1022800001460020A847D3E79D68002DD0D01968EB
:102290000029CDD00020A847CAE7084A08490948C4
:1022A0004FF4C9730CF022F885F31188BFF36F8FD8
:1022B0000323184602DFBBE72455002078150200EF
:1022C00030170200100A02000020704738B504469B
:1022D000FAF7D8FF64B1054620B324680020FAF766
:1022E000F9FF2046FBF7AEF8044658B1002038BD90
:1022F0001B4DAC682CB32C680023AB602B60002C0A
:10230000EBD1EBE7174A1849184840F203230BF0CA
:10231000EDFF84F31188BFF36F8F0323184602DFAC
:10232000002038BD0F4A124910484FF4E6730BF0F5
:10233000DDFF85F31188BFF36F8F0323184602DF9B
:10234000CBE7084A0B49094840F2D1130BF0CEFF06
:1023500084F31188BFF36F8F0323184602DFCAE7A7
:1023600024550020781502005C170200100A0200B4
:102370003817020048170200054A136892681B1AB2
:1023800018BF0123B2FA82F00B704009704700BFFA
:1023900024550020D0E90132002A04DB9A4238BFDC
:1023A0001A4610467047C068984238BF18467047B2
:1023B00010B51446FAF74AF82146FAF749F80346E9
:1023C00010F4000004D103330E2B88BF184610BD53
:1023D000002010BD262810B504461CD0272812D096
:1023E000252808D00A281ED9272821D803304000E4
:1023F00002F01EFF02E0022002F01AFF2046BDE8B4
:10240000104002F01BBF502002F012FF2046BDE832
:10241000104002F013BF1A2002F00AFF2046BDE868
:10242000104002F00BBF0230400002F001FFE5E770
:10243000074A0849084840F275230BF057FF00236C
:1024400083F31188BFF36F8F0323184602DFD5E7AC
:1024500078150200980A0200100A020002F0B6BFC6
:1024600002F05ABF08B502F07BFFBDE8084003F058
:10247000D7B800BF08B502F073FF03F0D1F8BDE88C
:10248000084003F095B800BF08B502F069FF03F0FB
:10249000C7F803F0ABF8BDE8084003F089B800BF07
:1024A00008B50146184802F053FE02F08FFF60B1F4
:1024B00003F0A2F902F0A6FE00F044F900280EDBBA
:1024C000BDE808400020FFF701BF02F033FF03F032
:1024D00093F902F097FE00F035F90028F0DA0B4A84
:1024E0000B490C4840F2F1230BF000FF002383F36B
:1024F0001188BFF36F8F0323184602DF0020BDE869
:102500000840FFF7E3BE00BF451D0100781502003B
:1025100064170200100A02002DE9F04F87B01F4631
:10252000FF23CDE902019DF840B08DF817309246A7
:1025300003E0047F14F0030427D00DF11700FAF72D
:10254000AFFE05460028F4D15C4EB368002B67D17E
:10255000029B7360039BB360FB6833603846D047CF
:1025600010F18C0F054608BF002503E0037F13F030
:1025700003043DD00DF11700FAF792FE0246002841
:10258000F4D1284607B0BDE8F08F066802E0027F6C
:10259000930720D00DF11700FAF782FE804600283D
:1025A000F5D1464EB368002B3BD1002C39D1BBF19D
:1025B000000F5FD1BD42CBD0414A4249424840F270
:1025C00075330BF093FE8BF31188BFF36F8F0323EA
:1025D000184602DFBCE7D0F8009031464846F9F7CC
:1025E00037FF00F4000000281CBF4E464446D1E7E8
:1025F0002146FFF7EBFB30F00203C2D0304A3349EB
:10260000314840F295330BF071FE84F31188BFF32B
:102610006F8F0323184602DF284607B0BDE8F08F0E
:102620002C463A46DDE90201CDF800B05346FAF7F0
:10263000EFFD024648B3BBF1000F18D1002C37D094
:10264000254629462046FFF7C1FB30F002030ED095
:102650001B4A1E491C484FF454730BF047FE0023DD
:1026600083F31188BFF36F8F0323184602DF6FF0E7
:10267000760586E7DDE90201CDF800B053463A461B
:10268000FAF7C6FD04460028F1D10D4A10490E485C
:1026900040F23E330BF02AFE002282F31188BFF392
:1026A0006F8F0323184602DFBBF1000FC6D0DEE7B1
:1026B000002D14BF2C461446C3E700BF245500204C
:1026C0007815020078170200100A0200280F020095
:1026D0007017020010B5012003F01CFD044900230F
:1026E00001244B608C60CB60BDE81040F3F7FAB971
:1026F0003455002010B5012003F00CFD04490446B8
:10270000F3F7F4FA2046BDE81040F3F783BA00BFB0
:102710003455002008B50A4BBFF35B8F53E8002FF8
:10272000511C43E800100028F8D1BFF35B8F002A4A
:1027300001DD002008BD03F0F5FC002008BD00BF4E
:102740003055002008B50C4B1A68002A11DDBFF384
:102750005B8F53E8002F511E43E800100028F8D18A
:10276000BFF35B8F012A01DD002008BD03F0F0FC00
:10277000FAE76FF0770008BD30550020322070472F
:10278000014B33F810007047AC1702002DE9F041FF
:10279000C46823796FF300038CB023710F4605469C
:1027A00002F018FD002002F03DFD207C012100F028
:1027B000070002F029FD227C9200252102F01C0274
:1027C000082002F067FD237C23F018030120237406
:1027D000FAF7D4FC0646002800F0838006F12000BA
:1027E00002F08CFD4B4B0B930BA802F03BFD4A49CA
:1027F00040F25B6002F0F4FD2079C0F34100253027
:10280000FFF7E8FD4548214602F0A2FC23799B062C
:102810002DD5962002F014FF00231A4619461846BB
:1028200002F042FED4F800802E684046FFF7B2FD69
:1028300006446A6806F10E01002002F00DFF03F065
:102840002DF802F0A5FE2046FDF716FB811CC9B24B
:1028500040463246FFF7ACFD002851D157B1204623
:10286000FFF732FD68BB00200CB0BDE8F08102F03C
:102870007DFED7E7E369002BF1D02949079129496B
:10288000059140F2F31100930891CDE90377CDE96A
:1028900001770694334601223946F9F7E3FC10F03C
:1028A000FD0FDCD0204A214921484FF4FA730BF088
:1028B0001DFD87F31188BFF36F8F0323184602DFD6
:1028C000CDE7194A1B491A4840F20B230BF00EFDC5
:1028D000002383F31188BFF36F8F0323184602DFB1
:1028E000C1E7114A144912484FF4C5730BF0FEFCBE
:1028F00086F31188BFF36F8F0323184602DF6DE75D
:102900000E48214602F024FC02F014FD6FF08B000B
:10291000AAE700BFD6BE898E555555001930010073
:10292000CD2C0100012D0100BC170200280F020070
:10293000100A02005C0B020008180200D9290100ED
:102940000021FFF723BF00BF38B50446FFF79CFD09
:102950002379227C6FF3000322F0180223719B0677
:10296000227419D5962002F06BFE002318461A46F1
:10297000194602F099FD0120FAF700FC054698B1CE
:1029800005F1200002F0BAFC02F002FE21460E48DA
:10299000BDE8384002F0DCBB02F0E8FD0120FAF7A8
:1029A000EDFB05460028EBD1084A0949094840F2E9
:1029B0005F330BF09BFC85F31188BFF36F8F03230C
:1029C000184602DFDCE700BF19300100BC17020027
:1029D00008180200100A020038B50546FFF754FD3A
:1029E00002F0FAFD0120FAF71BFD20B12846BDE8F0
:1029F0003840FFF755BD0A4A0A4904464FF47B7335
:102A000009480BF073FC84F31188BFF36F8F032325
:102A1000184602DF2846BDE83840FFF741BD00BF39
:102A2000BC17020010180200100A020008B5FFF7D8
:102A30008BFF02F079FCBDE8084002F02FBF00BF19
:102A400070B50546FFF70EFD02F090FD0120FAF784
:102A500095FB044678B304F1200002F04FFC02F02D
:102A6000A1FCC0B902F028FF00210446084602F08C
:102A700055FC00210646084602F04CFC3444CB3499
:102A8000201A02F0C5FE02F083FD29461148BDE878
:102A9000704002F05DBB104A1049114840F21A33F1
:102AA0000BF024FC002383F31188BFF36F8F032303
:102AB000184602DFD6E7084A0A49094840F21633A9
:102AC0000BF014FC84F31188BFF36F8F03231846B7
:102AD00002DFC0E719300100BC170200181802001D
:102AE000100A02000818020030B5044685B0FFF74E
:102AF000CBFC0DF10F012046FFF73EFC08B105B0FD
:102B000030BD054602F068FD22790095C2F341030D
:102B1000013303F00303032B08BF002363F34202D6
:102B200022712B46012229462846F9F74DFC9DF8D3
:102B30000F304BB1A3895BBB237CDA0619D4204646
:102B4000FFF7AEFC05B030BD0120FAF769FC054681
:102B50000028EFD11A4A1B491B4840F23A430BF0B8
:102B6000C5FB85F31188BFF36F8F0323184602DF7F
:102B7000E0E76FF304132374FAF71AFB054678B104
:102B80000A2328682B71AC602946FAF731FBD6E797
:102B9000E389002BD0D1237943F080032371CBE765
:102BA000074A0A49084840F24A430BF09FFB85F365
:102BB0001188BFF36F8F0323184602DFE0E700BFE1
:102BC000BC17020010180200100A02002C180200A4
:102BD00010B581428B8909D09BB1CB898BB919483B
:102BE00002F0B6FA02F0A6FB002010BD33BB0B7951
:102BF000DA07F9D40B7CDB06F6D4134802F0A8FA06
:102C0000F0E7CC6914B16FF08B0010BD0F4B13606F
:102C1000FFF780FD002802DB6FF00A0010BD0C4AB0
:102C20000C490D484FF40D730BF060FB84F31188D1
:102C3000BFF36F8F0323184602DFEDE7CB89002B2C
:102C4000D5D1CCE7E92A0100892C01005D2C0100D7
:102C5000BC17020064170200100A020070B5C368B6
:102C600004461E68F9F7F2FB05463046FFF792FB73
:102C700000232D1AC4E90053238120460121BDE819
:102C80007040FFF783BD00BF10B50446FFF75CFE40
:102C900023792279C3F34103013303F00303032BA8
:102CA00008BF002363F34202227114BF03F1250021
:102CB0002520FFF78FFBF9F7C9FBC11C002002F0AC
:102CC0003FFDBDE8104002F0E9BD00BF00B970470C
:102CD00008B5084A0849094840F28F230BF006FB63
:102CE000002383F31188BFF36F8F0323184602DF9D
:102CF00008BD00BFBC17020028120200100A020023
:102D000008B50D4B03989860002211460120F8F792
:102D1000AFF900B908BD094A09490A484FF42273BE
:102D20000BF0E4FA002383F31188BFF36F8F0323C2
:102D3000184602DF08BD00BF6C070020BC17020068
:102D40005C0B0200100A020010B5E8B10C46FFF758
:102D5000F9FC002804DB2046BDE81040FFF7B6BAB6
:102D60000D4A0E490E484FF41E730BF0BFFA0023B4
:102D700083F31188BFF36F8F0323184602DF2046C9
:102D8000BDE81040FFF7A2BA064802F0E1F9BDE83D
:102D9000104002F0CFBA00BFBC1702006417020057
:102DA000100A0200E92A01002DE9F043054683B02C
:102DB00003200F4690461E46FAF7E0F9002876D029
:102DC0000446FAF7F5F94FF6FF73E3802B7C5807BA
:102DD00055D003F00703012B63D0042B64D0354A90
:102DE0003549364840F2FF530BF080FA002383F355
:102DF0001188BFF36F8F0323184602DF94F8202059
:102E000002F00F03042B43D0072B3AD1A56002F048
:102E1000EDFC206102F04AFD8146287C414600F02D
:102E2000070002F07BFA637EA9EB000068F3410320
:102E3000606163760095297C214B424601F00701D1
:102E400004F1200000F086FDA37E60F30003A3766A
:102E5000DB0716D52B7C43F010032B746FF00F05A6
:102E600097B97F20637E207666F30003206863763F
:102E70002146FAF7BDF9284603B0BDE8F0830523E3
:102E800023710025002FECD002F08CFBC0B2E9E7E3
:102E90002B7C1907F5D5052363F3030284F8202062
:102EA000EFE706232371A9E708232371A6E76FF054
:102EB0006805E0E7BC170200980A0200100A020049
:102EC00081370100002070470020704710B582B0A4
:102ED0000446FFF71FFC00281BDB154A154916485E
:102EE00000940023FAF7D8FA08B1773001D102B084
:102EF00010BD124A1249134883230BF0F7F900233F
:102F000083F31188BFF36F8F0323184602DF02B0EB
:102F100010BD0A4A0C490B4880230BF0E7F9002347
:102F200083F31188BFF36F8F0323184602DFD4E7C2
:102F300041290100492D0100D12B0100BC170200DD
:102F4000A80B0200100A02006417020070B50B4CB7
:102F50000546FFF799FAE5602E68F9F777FA054616
:102F60003046FFF717FA00232D1AC4E900532381D6
:102F700020460121BDE87040FFF708BC4455002001
:102F800003791B0703D5101E18BF012070470120CD
:102F9000704700BF70B51D4611B1DB78DC072ED538
:102FA0006B78072B28D9E97889071ED50D2B23D9F3
:102FB00006790AB133071FD52B78C6F38012B2EB1E
:102FC000D31F4FEAD3141DD0C6F3C106012E13D967
:102FD0009CB1EB7B03F0C003402B0DD1059B13B1DB
:102FE000059A01231370012407E0002AFBD0017920
:102FF000C1F3C004204670BD0024204670BD0C46BD
:10300000204670BD0622113005F10A010CF0B3FC18
:103010000028E8D0D8E700BF2DE9F04385B004468A
:1030200002F0CAF910F0FF0313D1FF228DF80D3022
:103030008DF80B308DF80E208DF80C20FFF724FA58
:10304000AD48214602F084F802F074F905B0BDE8FD
:10305000F08302F0D1F9054602F0D2FA8DF80B00A8
:1030600002F0D8FA0022FF238DF80D208DF80E30E3
:103070008DF80C0002F0A6FA064602F087FAEDB2CF
:103080000746FFF701FA002DDAD00120FAF776F8AB
:103090000546002800F0B48095F8203003F00F03B7
:1030A000072B05F1200800F09A8023799DF80B206A
:1030B0001B0735D495F82020002312F00F01F6B23B
:1030C0008DF80F302FD006292DD04520C840C007DD
:1030D00000F1C880012900F0A280072940F0E780B4
:1030E000237C5A07ACD00DF10F020192FF2200920F
:1030F0004346002201212046FFF74CFF00289FD0C5
:1031000095F82130002B9BD09DF80F303A46314680
:103110002046FFF749FE002892D0103090D195E765
:10312000002AC7D18CE795F82130052B88D9252BAB
:1031300086D8237903F02103202B18BF0023E5D183
:10314000962002F07DFA002002F064F93146002357
:103150003A462046FFF728FE064600287FF470AF67
:1031600002F054F90278032767F30302027095F81E
:1031700020200178C2F3801262F3C7110C22017083
:1031800042702279C9B2C2F3801262F386110246FC
:1031900002F8021BD4F81110C0F80210B4F8151090
:1031A0009180D5F822208260EA8C828102F0ACF80E
:1031B00002F0F8F800286CD102F070FB237943F09C
:1031C0000103237195F820301D0703D1237C43F0C0
:1031D000080323744948214601F0BAFF36E70DF190
:1031E0000E0301930DF10D0300930DF10B0203ABE0
:1031F0004146204600F0AAFE00287FF456AF59E76A
:103200003F4A4049404840F2C7230BF06FF885F32E
:103210001188BFF36F8F0323184602DF3CE795F850
:1032200021300C2B7FF40CAF94F80480C8F380138A
:10323000B3EBD21F4FEAD21920D0C8F3C108B8F1BE
:10324000010F7FF6FDAEB9F1000F3FF4F9AE95F82E
:103250002D3003F0C003402B7FF4F2AE01238DF834
:103260000F3051E795F82120052A7FF6E9AE252A8F
:103270007FF64CAF07293FF433AFE1E6062205F1B4
:10328000280104F111000CF076FB00283FF43CAF5C
:10329000D3E71B4A1D491C4840F22F530BF026F878
:1032A00086F31188BFF36F8F384602DF84E7042965
:1032B0007FF4C6AE95F82130052B7FF6C1AE252BE5
:1032C0003FF6BEAE2379DB077FF5BAAE02F09EF87B
:1032D00095F820300278C3F38013B3EBD21F7FF44C
:1032E000AFAE0830062205F122010CF044FB0028A5
:1032F0007FF4A6AE04E700BF2D2A0100412A010099
:10330000BC17020008180200100A02001818020078
:103310002DE9F041C46882B005460DF10301204655
:10332000FDF7B8F89DF80330002B00F08180237979
:10333000564A6FF3861323710026168001F04AFF68
:10334000304601F06FFF6079012100F0070001F0C5
:103350005BFF62799200FF2102F01C02082001F05D
:1033600099FF0120F9F70AFF0646002875D006F1FB
:10337000200001F0C3FF464B019301A801F072FF4A
:10338000444940F25B6002F02BF8207900F03F00E6
:10339000FFF720F82146404801F0DAFE962002F0BF
:1033A0004FF9627902F0070201231046002102F072
:1033B0007BF827682E683846FEF7ECFF06446A68FB
:1033C00006F10E01002002F047F905466079D4F8B5
:1033D000088000F00700012101F09EFF054460799C
:1033E00000F007000228454426D004280CBF4FF403
:1033F000BC73282301211D4401F090FF284402F0F2
:1034000007FA02F04BFA02F0C3F82046FDF738F84D
:10341000C11C3246C9B23846FEF7CAFF054658BB42
:103420002046FEF751FF48B9002002B0BDE8F08108
:10343000214601F07DFCBCE71823DBE7174A184959
:1034400018484FF418730AF051FF85F31188BFF341
:103450006F8F0323184602DFE6E7104A124911482E
:103460004FF4F5730AF042FF86F31188BFF36F8FB4
:103470000323184602DF7AE70C48214601F068FE74
:1034800001F058FF6FF08B00CFE700BF8A58002093
:10349000D6BE898E55555500193F010038180200D7
:1034A0005C0B0200100A020008180200B13401008F
:1034B00070B5044682B0FEF7E7FF4CB10DF107018D
:1034C0002046FCF7E7FF054610B19DF80730E3B151
:1034D0001F4B1B8823B12046FEF7E2FF02B070BDF0
:1034E0000220F9F79DFF05460028F4D1194A1A4930
:1034F0001A4840F2BF230AF0F9FE85F31188BFF3A2
:103500006F8F0323184602DFE5E7F9F751FE064601
:1035100078B1B37E3068B5600A2243F0020332719D
:10352000B3763146F9F764FE2046FEF7B9FF02B0E4
:1035300070BD084A0A49094840F2B2230AF0D6FE93
:1035400086F31188BFF36F8F0323184602DFE0E78D
:103550008A580020381802004C190200100A020094
:1035600008180200F8B50C46074615461E46FEF739
:1035700079FF01F0FBFF204601F0C0FE01F012FFD1
:1035800040BB02F099F97B790446012103F0070062
:1035900001F0C4FE7B79044403F00700022804F123
:1035A000A30415D004280CBF4FF4BC7328230121B9
:1035B0001C4401F0AFFE201A02F02AF902F06EF965
:1035C00001F0E6FF31462846BDE8F84001F0C0BDF5
:1035D0001823ECE7074A0849084840F243530AF029
:1035E00085FE002383F31188BFF36F8F03231846F2
:1035F00002DFC6E73818020018180200100A02009D
:1036000070B505460120AE68F9F7B8FD044640B133
:10361000B0680B4A2B4604F12001BDE87040FFF76B
:10362000A1BF084A0849094840F28F530AF05EFEDC
:1036300084F31188BFF36F8F0323184602DFE7E797
:10364000353F01003818020008180200100A020075
:1036500070B505460120F9F791FD044640B12B46AF
:1036600004F1200128460A4ABDE87040FFF77ABFFE
:10367000084A0949094840F281530AF037FE84F3A9
:103680001188BFF36F8F0323184602DFE7E700BFFF
:10369000193F01003818020008180200100A020041
:1036A00038B5002836D00C46FFF74CF8002809DB67
:1036B0000220F9F7B5FE0546C8B12046BDE83840FE
:1036C000FEF704BE174A1849184840F295230AF03D
:1036D0000DFE002383F31188BFF36F8F0323184679
:1036E00002DF0220F9F79CFE05460028E5D10D4ACD
:1036F0000F490E484FF426730AF0F8FD85F3118840
:10370000BFF36F8F0323184602DF2046BDE8384021
:10371000FEF7DCBD074801F01BFDBDE8384001F0B5
:1037200009BE00BF3818020064170200100A020028
:103730004C190200B1340100884210B5044608D08B
:103740002046FCF7AFFB00280CBF6FF08B00002079
:1037500010BD084A0849094840F273230AF0C6FD23
:10376000002383F31188BFF36F8F0323184602DF12
:10377000E6E700BF3818020088180200100A0200AD
:103780002DE9F84F8246FEF77FFEDAF80CB09BF881
:10379000028001254FEA581805FA08F5EDB28AF8BB
:1037A0000C509BF900209BF802409BF80030002A47
:1037B0004FEA04249BF8012004F4F85444EA02047C
:1037C000B9BF4FF49E774FF496721E222E2713F046
:1037D000400F14BF32264FF4FA7602FB04F4374B45
:1037E00004FB06F6A3FB0636354B4FF0000901211A
:1037F0002846A3F8009001F007FDAA0002F0FC02A1
:10380000FF21082001F046FD9BF8000000F03F007A
:10381000FEF7E0FD0AF1200001F070FD5146294855
:1038200001F096FC962001F00BFF2A460123494641
:10383000284601F039FEDAF81430012128461C44EC
:10384000FEF70EFEB60C241AA41BA4F11001484684
:1038500001F0A4FF0F3C844282460DD01A4A1B4956
:103860001B484FF4AE730AF041FD89F31188BFF392
:103870006F8F0323184602DF01212846FEF7F0FD73
:10388000564403463744012128461F4401F046FDB3
:10389000B8F1010F07440ED0B8F1020F0CBF4FF47E
:1038A000BC702820384401F0B3FF01F0F7FFBDE8F9
:1038B000F84F01F06DBE1820F4E700BF83DE1B4314
:1038C0008A580020353F010038180200981802007D
:1038D000100A020010B582B00446FEF71BFF002854
:1038E0001BDB154A1549164800940023F9F7D4FD4F
:1038F00008B1773001D102B010BD124A1249134805
:1039000072230AF0F3FC002383F31188BFF36F8F57
:103910000323184602DF02B010BD0A4A0C490B48C7
:103920006F230AF0E3FC002383F31188BFF36F8F4A
:103930000323184602DFD4E711330100A13601004A
:103940003937010038180200A80B0200100A0200E3
:10395000641702002DE9F04F0446007883B000F0B0
:103960000F0007280F46904601930DD0534A544943
:10397000544887230AF0BAFC002383F31188BFF36D
:103980006F8F0323184602DF6578002D7CD0A37863
:103990009B0679D0E378DE074CBF0A3404349807DD
:1039A00048BF063413F0040B1CBFA34601341907AB
:1039B00048BF0234DA0667D5A17862780B0203F4B7
:1039C000F853134360D05F294FEA51125CD894F941
:1039D00000102678002907F003010D4405F10905C0
:1039E000B4BF4FF496711E21C7F34000ED0001FBF8
:1039F00003F9C540494405F59670814244D37306E6
:103A000031494CBF32264FF4FA7606FB09F64FF0E7
:103A1000010AA1FB06160AFA02FAB60C5FFA8AFA44
:103A2000BBF1000F02D002F0DDF988BBAB46414686
:103A3000384601F073FC01210246504606F2BA26D0
:103A40009246FEF70DFD5E4456440644B1451BD830
:103A50000120F9F793FB064608B30C9BB360F460B2
:103A600001F024FF41460446384601F057FC641B30
:103A7000241A31460198746101F06AFB01F05AFC86
:103A8000012003B0BDE8F08F002003B0BDE8F08F47
:103A90009BF800B00BF01F0B05EBCB0BC7E7074AF9
:103AA0000A490848EA230AF021FC86F31188BFF38B
:103AB0006F8F0323184602DFCFE700BF38180200DC
:103AC000B8180200100A020083DE1B430818020027
:103AD0002DE9F04F85B005460E46914601F06CFC8D
:103AE000C0B268B9FEF7C6FC002E00F0D880C3480B
:103AF000002101F02DFB05B0BDE8F04F01F01ABC2C
:103B000001F07AFC044601F07BFD824601F082FD63
:103B100001F058FD074601F039FDE4B28046FEF79A
:103B2000A9FC002C00F0B8800320F9F727FB04461D
:103B3000002800F0B18090F8203003F00F03072B2D
:103B400040F0AA8090F82130002B00F0A58090F87A
:103B50002310C94311F0010108D15FFA8AF2FF2353
:103B60002846FFF70DFA002800F096800023FFB2E8
:103B70008DF80F3004F1200B002D00F0B1802B796F
:103B80009B0640F1AD80002E00F05081337913F098
:103B9000400240F03B8194F822107F2940F2A3803C
:103BA0000DF10F030193FF23009311465B46284656
:103BB000FFF7F0F9002800F095800420F9F7DEFA0D
:103BC000002894D0962001F03BFD484601F022FCED
:103BD00001F01CFC02784FF0030A6AF30302027042
:103BE00094F820200178C2F3801262F3C7110C22EE
:103BF000017042702A79C9B2C2F3801262F3861151
:103C0000024602F8021BD5F81110C0F80210B5F8F0
:103C100015109180626A8260228D828101F074FBAE
:103C200001F0C0FB002840F0508101F037FEF9F7A9
:103C3000BFFA09232371002E00F056817048A66058
:103C4000314601F085FA337943F04003337101F0D6
:103C5000CDFD206101F02AFE41460546484601F0AF
:103C60005DFB2D1A6561002F40F02B817F209DF8B0
:103C70000F30627EA17E207643F0040322F00D0215
:103C800003F00D0313436FF30001A1762068637600
:103C90002146F9F7ADFA7CE0002E7FF428AF2B7CAB
:103CA000DC067FF524AFF9F783FA0446002800F01C
:103CB000DB800A2320682371A5602146F9F798FA72
:103CC0002B7CD8067FF513AF6FF304134D482B748C
:103CD000294601F03DFA05B0BDE8F04F01F02ABBDE
:103CE000002E59D03379190611D4A96811B1087979
:103CF00002060CD40DF10F0300220193FF23009361
:103D000011465B462846FFF745F90028C4D0A66057
:103D10003379627EC3F3801363F3C302627633792F
:103D200043F080033371F9F743FA01F05FFD20613E
:103D300001F0BCFD41468246484601F0EFFA637E41
:103D4000AAEB000068F3410360616376002F49D15C
:103D50007F20637E9DF80F70207607F0050723F023
:103D600005033B4363764246274B00954946584638
:103D7000FFF7F0FDA37E092260F30003A37620681D
:103D800022712146F9F734FAA37EDF0740F19180D2
:103D900066B305B0BDE8F08FAA681AB113791B06A7
:103DA00011D400220DF10F030193FF23009311465C
:103DB0005B462846FFF7EEF800283FF470AFAB688B
:103DC000002B3FF46CAFA560AB68627E1B79C3F338
:103DD000801363F3C3026276AA68137943F0800309
:103DE0001371A0E701F0DEFBC0B2B2E72B7C43F019
:103DF00010032B7405B0BDE8F08F00BFB134010093
:103E0000513601004D2F010081370100A9680029BA
:103E10003DD0087910F0400235D194F822007F2877
:103E20003FF6BEAE1A067FF562AF70E7AA68002AB9
:103E300031D013795806B2D494F822307F2BADD903
:103E40000DF10F030193FF23009332465B46314689
:103E50002846FFF79FF800289ED00420F9F78EF936
:103E600000287FF4AFAE1AE7254A264926484FF4CA
:103E700058730AF03BFA84F31188BFF36F8F032362
:103E8000184602DF15E719067FF532AF3FE71B063C
:103E90007FF530AF3BE70DF10F030193FF23009354
:103EA00032465B4631462846FFF774F8002886D133
:103EB000F5E6164A138801331380002E3FF400AF55
:103EC00015E601F06FFBC0B2D1E60D4A10490E486D
:103ED00040F286430AF00AFA002383F31188BFF305
:103EE0006F8F504602DFA0E60A48A560214601F028
:103EF0002FF9AA68137943F040031371A7E600BFB6
:103F0000381802002C180200100A02008A580020FB
:103F1000181802000136010010B504460021FCF714
:103F2000B9FA6279214602F00702BDE81040FFF7B6
:103F3000CFBD00BF034680681A7B037CDB0602D539
:103F40000021FFF7C5BD8168FFF7C2BDC87800F04A
:103F5000010070472DE9F04F814685B0FEF794FAD5
:103F6000D9F80CB0D9F808A09BF8027001257F0998
:103F7000BD40EDB289F80C509BF900309BF802402F
:103F8000002B4FEA04249BF8013004F4F85444EA6F
:103F900003049BF80030B5BF4FF496721E224FF415
:103FA0009E784FF02E0813F0400F18BF3226534B67
:103FB00008BF4FF4FA7602FB04F40121284604FB03
:103FC00006F6A3FB063601F01FF9AA0002F0FC0278
:103FD000FF21082001F05EF99BF8000000F03F008F
:103FE000FEF7F8F909F1200001F088F9444851463C
:103FF00001F0AEF800210AF1400000F051FF017815
:1040000011F001034FEA964602464CD1DAF89410BB
:10401000039339B12B2208680A71F9F7DBF8039B87
:10402000CAF8943001F0A2FAD9F8143001212846D8
:104030001C44FEF715FAA41B241AA4F11001002059
:1040400001F0ACFB0F3C844281460ED02D4A2E4934
:104050002E4840F2E5230AF049F9002383F3118842
:10406000BFF36F8F0323184602DF01212846FEF7B6
:10407000F7F946440346B14401212846994401F02A
:104080004DF9012F81441FD0022F0CBF4FF4BC709B
:104090002820484401F0BCFB01F000FC05B0BDE85D
:1040A000F04F01F075BA4378C90803F01F0301D03F
:1040B0009942B7D95046039200F048FF039A28B1BD
:1040C00001238AF89830ADE71820E2E79BF802C098
:1040D000917892F800E09BF800304FEA5C1CCDE943
:1040E000000C03F03F0301F07F010332CEF34100E7
:1040F00000F002FF002895D0E2E700BF83DE1B43FB
:1041000045490100DC18020098180200100A02005C
:104110002DE9F04F90F8406006EB860300EBC303F7
:10412000904693F84220D40783B06CD540330F46B5
:10413000DB7890F898105FFA86F90446B600D2084A
:1041400003F01F0361BB0AB19A425CD9FDF7B6F9CF
:104150000546002861D006EB090304EBC30393F87E
:1041600042A001F045FE834601F03EFD27222A7160
:10417000019001F037FECAF3410A019B85F8200047
:1041800085F8238085F8243085F821B085F822A0B1
:10419000638AAC60013BEB84D7BB7F2028761CE0B0
:1041A0007ABBD4F8945075B3272300272B71FF23D3
:1041B00085F8207085F82330638A013BEB8401F099
:1041C00013FD7F23C5E9024785F8240085F8217097
:1041D00085F822702B76C4F894704E4404EBC60424
:1041E00028682946F8F7F6FF94F84330C3F3040231
:1041F0000132002062F3040384F8433003B0BDE8C9
:10420000F08F9A42CDD86FF03C0003B0BDE8F08F3C
:1042100001F0C8F9C0B22876DFE7074A0749084825
:1042200040F21F530AF062F885F31188BFF36F8FD5
:104230000323184602DF8EE7DC180200281902006B
:10424000100A02002DE9F04F83B00E469DF8308031
:104250009DF834909DF838A0002A61D009290546C0
:104260001F4667D00420F8F789FF044600285CD079
:10427000F8F79EFFA37E26716FF34103A560A37636
:10428000B9F1000F67D17F20207601F0AFFA2061ED
:1042900001F00CFB8346E87A394600F0070001F094
:1042A0003DF87B00627E03F0020343EA0A1322F02A
:1042B000320203F032031343ABEB0000637660611C
:1042C0002B7B627EC3F3400363F38612092E627672
:1042D00004F1200A43D0F8F76BFFE0600095E97A1B
:1042E0002A4B3A46504601F00701FFF733FBA37E05
:1042F00060F30003DA07A37640D52B7B43F0040379
:104300002B736FF00F0620682146F8F763FFB8F1B2
:10431000000F35D1F8F764FF304603B0BDE8F08FE9
:10432000B8F1000F01D009290DD10026304603B0A5
:10433000BDE8F08F0320F8F721FF0446002897D14D
:104340006FF00B06F2E701224946FFF7E1FE064651
:104350000028EAD1DEE701F025F9C0B294E7009524
:10436000E97A0A4B3A46504601F00701FFF7F2FAA4
:10437000A37E60F30003A376DB07C2D40026C2E766
:10438000002249462846FFF7C3FEC3E7553F010018
:10439000F8B506460C461746F9F734F8054670B3EB
:1043A000AB7904F0010444EA470423F0030304F06A
:1043B00003041C43194BAC711B78AB8003222A7099
:1043C000B3B1F37A03F00703022B16D0042B0CBF12
:1043D0004FF4BC7328232B6101F048FA044601F026
:1043E00057FA241AAC60726BEA6000237363B363FC
:1043F0003046BDE8F840FEF753B81823EBE7084A0B
:104400000849094840F2974309F070FF85F3118885
:10441000BFF36F8F0323184602DFC1E7325C002031
:10442000DC1802004C190200100A020038B50446DC
:10443000FEF72AF8237B5A070AD4164B1978002274
:10444000891A204618BF0121BDE83840FFF7A0BFF8
:104450006FF382032373F8F7ABFE054658B1AB7ECA
:104460002868AC600A2243F002032A71AB76294621
:10447000F8F7BEFEE1E7084A0849094840F2CB4395
:1044800009F034FF85F31188BFF36F8F03231846BB
:1044900002DFE4E7325C0020DC18020008180200AA
:1044A000100A02002DE9F04385B0054600F084FFB4
:1044B00010F0FF0409D1FDF7DDFF00222146284658
:1044C00005B0BDE8F043FFF763BF00F095FFC4B24D
:1044D00001F078F8064601F059F8114B4FF0010948
:1044E00083F80090074601F08BFC8046FDF7C2FF81
:1044F00001F0B0F901F0B4F9F6B201F0BDF901F044
:10450000C1F9CDE90086CDF808903B4622460D2141
:104510002846FFF797FE1030CFD105B0BDE8F083F5
:10452000325C00202DE9F041C468D4E90C230E462A
:10453000217B1344002262F382012173E16A22632A
:104540008B4228BF0B4663634A4B05461A7000F046
:1045500041FEE07A012100F0070000F055FEE27A0A
:10456000920002F01C02FF21082000F093FE201DA3
:1045700000F078FE2389A17A40F25B6043EA0141B2
:1045800000F02EFF3046FDF725FF0120F8F7F6FD7D
:104590000646002856D006F1200000F0AFFE27683E
:1045A0002E683846FDF7F6FE06446A6806F10E01ED
:1045B000002001F051F8804601F038F9636BE07A91
:1045C00003F12F02A36B00F00700012103EB42056A
:1045D00000F0A2FE45440544E07A00F007000228FE
:1045E0001FD004280CBF4FF4BC73282301211D44A5
:1045F00000F094FE284401F00BF901F04FF9204639
:10460000FCF788FC011D3246C9B23846FDF7D0FEE2
:10461000054630BB2046FDF757FE20B90020BDE817
:10462000F0811823E2E7144A1449154840F20B239D
:1046300009F05CFE85F31188BFF36F8F03231846E2
:1046400002DFEBE70C4A0F490D4840F2D51309F0A1
:104650004DFE86F31188BFF36F8F0323184602DFE8
:1046600099E70948214600F073FD00F063FE6FF002
:104670008B00D4E7325C0020DC1802005C0B0200E7
:10468000100A0200081802002D44010038B560B37A
:104690000D460446FEF756F8002816DBE26823892B
:1046A000D18901330B44D381F8F7ACFE044618B32B
:1046B000A379032123F0030300222170A280A371B8
:1046C0002846BDE83840FDF701BE134A1349144897
:1046D00040F26F2309F00AFE002383F31188BFF331
:1046E0006F8F0323184602DFD8E70E4800F030FD35
:1046F000BDE8384000F01EBE074A0B49084840F2AA
:10470000772309F0F3FD84F31188BFF36F8F032340
:10471000184602DFCCE700BFDC1802006417020075
:10472000100A02002D4401004C190200884206D0F4
:1047300010B50446FBF7B6FB18B1002010BD0020F1
:1047400070472046FBF7CAFE6FF08B0010BD00BF1C
:1047500010B50446FDF7DEFF00280CDBE268248973
:10476000936AD2E90B1004FB033303448B4228BF46
:104770000B46136310BD074A07490848812309F017
:10478000B5FD002383F31188BFF36F8F0323184611
:1047900002DFE3E7DC18020064170200100A0200DF
:1047A0002DE9F04184B0054600F006FE10F0FF044C
:1047B0001AD1FDF75FFED5F894306BB1494A4A49EA
:1047C0004A4840F2B23309F091FD84F31188BFF3F7
:1047D0006F8F0323184602DF00222146284604B0CB
:1047E000BDE8F041FFF7D4BD00F006FEC4B200F012
:1047F000E9FE064600F0CAFEEA7A3D4995F80CC08B
:10480000D1F84C34D1F84C14D20807460CF001080A
:104810002AD0DB0626D0100707D4C1F38111012965
:104820005CD0022957D0002952D0324B01221A7095
:1048300001F0E6FAFDF71EFE01F00CF801F010F8A9
:1048400001F01AF801F01EF8B8F1000F14BF0220B1
:1048500003202AD001222146284604B0BDE8F041B9
:10486000FFF796BD0F2AE0D8224B01221A7001F003
:10487000C7FA8046FDF7FEFD00F0ECFF00F0F0FF08
:10488000F6B200F0F9FF00F0FDFF01960026CDF82A
:1048900000803B4622460C2102962846FFF7D2FCB8
:1048A000103099D104B0BDE8F081F8F767FC0646F6
:1048B0000028CFD0F8F77CFC737E3068B5600C22FE
:1048C00043F03003327173763146F8F791FCC1E75B
:1048D000D107C9D5A9E75307C6D5A6E79207C3D51F
:1048E000A3E700BFDC18020034190200100A02001E
:1048F00000100040325C00200146408AB1F810C030
:1049000091F8222091F8233060449A4280B208D076
:10491000B1F824C0A0EB0C0C1CF4004F02D181F8BC
:1049200022301A4602EB420301EB43034FF0060C20
:10493000DB7E0CFB021203F03F03898A1632FCF780
:1049400095BE00BF2DE9F043C66B85B00446002E2E
:1049500000F0A58000F030FDC0B2002870D1FDF756
:1049600089FDF8F725FC0146002849D10D46884607
:104970000F465A4A5A495B4840F26C4309F0B6FC6C
:10498000002181F31188BFF36F8F0323184602DFE4
:104990008B7E08688C6043F002038B760A230B71D0
:1049A000F8F718FC002D00F08D8094F8403003EBF0
:1049B000830304EBC30393F84230D9072AD5D4F814
:1049C00094503DB3272300272B71FF2385F82070D7
:1049D00085F82330638A013BEB8401F005F97F23DE
:1049E00085F8240085F8217085F82270AC602B765C
:1049F000EF60C4F8947028682946F8F7EBFB09E0EB
:104A00008B7E08688C600A2243F002030A718B7661
:104A1000F8F7E0FBF8F7E4FB237B5A070AD56FF3BE
:104A20008203002201212046237305B0BDE8F04334
:104A3000FFF7AEBC304605B0BDE8F043FDF730BD32
:104A400000F0DAFCC5B200F0A1FD814600F0BAFD2D
:104A5000C7B201F0D5F98046FDF70CFD01220292A4
:104A6000CDE900874B462A4609212046FFF7EAFB9D
:104A700010F1100F2FD0ADB10028CDD0F8F798FB72
:104A8000014600283FF475AF8B7E08688C600A22CF
:104A900043F002030A718B76F8F79CFB85E7FDF77C
:104AA000F3FC5EE7F8F784FB014600283FF461AFB2
:104AB0008B7E08688C6043F002038B760A230B71AF
:104AC000F8F788FBB8F1000FA4D001223946204640
:104AD000FFF71EFB9EE705B0BDE8F083DC1802007F
:104AE00008180200100A02002DE9F041C468038989
:104AF000E589678A1D440022ADB282B00646258250
:104B0000E2812046FFF7F8FE0137BFB23D44804600
:104B1000014665823046FFF705FD18B1002002B05E
:104B2000BDE8F0810146054604F1400000F0B8F907
:104B3000037813F00107064618D084F898502046F1
:104B400000F004FAF0B1012384F8983073786FF321
:104B50000403737000F00AFD00F01AFD12482146AC
:104B600000F0F6FA002002B0BDE8F081D4F894100D
:104B70000029EFD02B2308680B71F8F72BFBC4F842
:104B80009470E7E7E27AB178357802F00702CDE970
:104B90000002434601F07F01C5F34100F21C00F022
:104BA000ABF90028D2D0CEE7A54401002DE9F041B1
:104BB000C4680389E589678A1D440022ADB282B0CA
:104BC00006462582E2812046FFF796FE0137BFB2F6
:104BD0003D448046014665823046FFF7A3FC18B18C
:104BE000002002B0BDE8F0810146054604F1400016
:104BF00000F056F9037813F00107064618D084F840
:104C00009850204600F0A2F900B3012384F89830B0
:104C100073786FF30403737000F0A8FC00F0B8FC25
:104C20001348214600F094FA002002B0BDE8F0815C
:104C3000D4F8941031B12B2308680B71F8F7CAFA35
:104C4000C4F89470002000F03DFEE5E7E27AB17808
:104C5000357802F00702CDE90002434601F07F01FA
:104C6000C5F34100F21C00F047F90028D0D0CCE792
:104C7000A14701000020704710B582B00446FFF73D
:104C800067FD0E4A0E490F4800940023F8F704FC14
:104C900008B1773001D102B010BD0B4A0B490C4866
:104CA0006B2309F023FB002383F31188BFF36F8F7D
:104CB0000323184602DF02B010BD00BFAD4B010058
:104CC0008D4601002D470100DC180200A80B0200F0
:104CD000100A020010B582B00446FFF739FD0E4AF3
:104CE0000E490F4800940023F8F7D6FB08B177303F
:104CF00001D102B010BD0B4A0B490C48762309F0D4
:104D0000F5FA002383F31188BFF36F8F032318464E
:104D100002DF02B010BD00BFE94A01008D4601006C
:104D20002D470100DC180200A80B0200100A020047
:104D3000F0B5404B0D4683B000221A70044600F0D7
:104D400049FA6879012100F0070000F05DFA6A79FC
:104D50009200FF2102F01C02082000F09BFA0120C3
:104D6000F8F70CFA0646002855D006F1200000F0AE
:104D7000C5FA201D00F076FA2389A17A40F25B6023
:104D800043EA014100F02CFB287900F03F00FDF7D9
:104D900021FB2948214600F0DBF9002104F1400005
:104DA00000F07EF8037813F0010706460FD0204686
:104DB00000F0CCF8D8B1012384F8983073786FF301
:104DC0000403737003B0BDE8F04000F0CFBBD4F82B
:104DD00094100029F6D02B2308680B71F8F7FAF924
:104DE000C4F8947003B0BDE8F04000F0BFBB6A792E
:104DF0002B79B178357802F00702CDE9000203F093
:104E00003F0301F07F01C5F34100F21C00F074F88C
:104E10000028D3D0CFE7094A09490A489F2309F05F
:104E200065FA86F31188BFF36F8F0323184602DFFC
:104E30009BE700BF325C002045490100DC180200FE
:104E400008180200100A020008B500F003FF002055
:104E500008BD00BF0020704700F068BF02784378AB
:104E60009A425FFA82FC11D080F801C00278944522
:104E700004D05A1C4370D3B2022B0BD04FF0020C5B
:104E8000282212FB03C20B70104470470133DBB2BF
:104E9000022BF3D1022200230B701044704700BF95
:104EA00000B5027890F801E096451CD0D3B25A1CA8
:104EB000D2B2022A14D04FF0280C4FF0020E1CFB85
:104EC00002EC027009B101220A7003EB830300EBCC
:104ED000C30360449A786FF300029A705DF804FB94
:104EE00094460022EDE702234FF0280C1CFB0E3CF9
:104EF00060445DF804FB00BF70B58446BCF1010F4F
:104F00000D469DF810009DF8141014461E4616D04C
:104F100000F02EFF00F080FE00F046FF20462946FC
:104F200000F068FE0120FCF7ADFA044650B15221B2
:104F3000283000F04FFF84F82560002070BD00F09D
:104F4000FBFEE7E76FF00B0070BD00BF70B50446D5
:104F5000D0F8940010B10025284670BD94F8985000
:104F6000002DF8D10220FCF78DFA064638B1FCF787
:104F7000A5FA0023C4F8946084F89830ECE7012087
:104F8000FCF780FA064610B16FF00B05EFE76FF003
:104F90006805E1E74FF080530246D3F8A4100131D1
:104FA00007D04FF08051D1F8A00010F0010009D1D6
:104FB0007047D3F8A8304FF6FF719BB28B42F0D107
:104FC00000207047D1F8A4301360D1F8A8301371D5
:104FD000C3F3072363F03F035371D1F890300133DB
:104FE0001CD0D1F89430013318D0D1F89830013367
:104FF00014D0D1F89C30013310D0D1F89030C2F8E1
:105000000630D1F89430C2F80A30D1F89830C2F89E
:105010000E30D1F89C30C2F8123008E00023C2F8FC
:105020000630C2F80A30C2F80E30C2F81230012041
:10503000704700BF00234FF08052036043608360DD
:10504000C360D2F88030013318D0D2F884300133F5
:1050500014D0D2F88830013310D0D2F88C3001331C
:105060000CD0D2F880300B60D2F884304B60D2F88C
:1050700088308B60D2F88C30CB60704700230B6097
:105080004B608B60CB607047054B4FF48032002142
:10509000C3F80815C3F84423C3F80423704700BFBE
:1050A00000B00040054B1878421C1A7018B9044B28
:1050B00001221A6070470120704700BF335C002056
:1050C00000B0004038B50E4D2C784CB1601EC0B217
:1050D000287018B90B4B01225A6038BD012038BD29
:1050E000094A0A490A48712309F000F984F3118832
:1050F000BFF36F8F0323184602DF2C78E6E700BF6B
:10510000335C002000B00040501902009C190200DE
:10511000100A0200014BD3F80405704700B00040AC
:10512000024B00F5A87043F82010704700B0004013
:10513000044BD3F8103123B1034A044B10681B68A9
:105140001847704700100040685600206C56002039
:1051500038B5044601200D46F2F728FB084B094AF2
:105160001C600949094B156010200222C1F8040394
:10517000C3F88021BDE838400120F2F709BB00BF29
:105180006C560020685600200010004000E100E04E
:105190004FF080434FF0FF320021C3F8002EC3F8D8
:1051A000042EC3F8081EC3F80C2EC3F8101EC3F853
:1051B000142EC3F8182EC3F81C2EC3F8202EC3F8E3
:1051C000242EC3F8282EC3F82C2EC3F8302EC3F893
:1051D000342E704708B50120F2F7E8FA074B002299
:1051E000C3F8182500F0E8FD054B4FF490514FF43B
:1051F0001052C3F80018C3F8042808BD001000407E
:1052000000F00140704700BF054B02280CBF04218D
:10521000032140F20122C3F81015C3F8502670474D
:1052200000100040014BC3F80C057047001000400F
:10523000014BC3F80805704700100040084B00F010
:105240007F00C3F85405D3F8182522F00072C3F884
:105250001825D3F8182542F00072C3F818257047B6
:10526000001000400A4A00210123C2F82C15C2F8A0
:105270003035C378C2F82435437890F802C00178FD
:105280001B0443EA0C6343EA0123C2F81C35704750
:1052900000100040C2F3820302F0030CA3F10203EA
:1052A000B3FA83F30CF1FF3CBCF1020F4FEA531346
:1052B00098BFC2F340124FEA036396BFD2040022A4
:1052C00043F48013134300F00F000A4A184340F4DC
:1052D0008070C2F81405D2F81805074B0340C2F8D5
:1052E0001835D2F81835194341F44031C2F8181571
:1052F000704700BF001000400000F8FE014BC3F8EB
:105300000405704700100040014BC3F804057047C6
:1053100000100040012070472920704702280CBF70
:1053200005200A20704700BF014B01225A607047D8
:1053300000100040084A094910B401234FF41064DA
:105340000020C2F808455360D360C1F800020B6129
:105350005DF8044B704700BF00F0014000100040B2
:105360000F4B0022C3F80021D3F80011C3F8042129
:10537000D3F80411C3F80C21D3F80C11C3F86C2135
:10538000D3F86C11C3F87021D3F87011C3F8282139
:10539000D3F82811C3F81021D3F81031704700BF9B
:1053A00000100040034BD3F80001003818BF012063
:1053B000704700BF00100040034BD3F86C01003869
:1053C00018BF0120704700BF00100040034BD3F806
:1053D0005005B0FA80F04009704700BF001000404F
:1053E000044B40F20312C3F83425C3F83805C3F860
:1053F0003C15704700100040034BD3F80004003800
:1054000018BF0120704700BF0010004000487047DF
:1054100064550020F0B41D4B1D4D1E4AC3F80022F8
:105420002A781D4E1D4C1E4FC6F8687502F10C03FC
:10543000DBB2D000DB00910003F1804300F180403B
:1054400003F5F83300F5F83001F18041C6F86C053A
:1054500001F5104104EB82041248C3F81045C3F86B
:105460001405D1F840352D2B8ABFD1F840350123E2
:105470002D3BC1F840350132074B4FF4106102F06B
:105480000102C3F804152A70F0BC704700100040F8
:10549000345C00200100100000F001404091004009
:1054A0006C110040041000402DE9F041284E294BBA
:1054B000294CC6F800322178284FDFF8A8E0DFF841
:1054C000A880CEF8688501F10C03DBB2DB00CD00CB
:1054D00003F1804303F5F83305F1804507EB8107BD
:1054E00005F5F835CEF86C554FEA810CC3F8107508
:1054F00049F63465C3F814654AF2B813022A18BF96
:105500001D460CF1804C42F2B84241F28833022829
:1055100018BF13460CF5104C114A2B44A2FB032371
:10552000DCF84025B2EB931F85BF9809DCF84035C5
:1055300001231B1ACCF8403501310A4B4FF410629D
:1055400001F00101C3F804252170BDE8F08100BF1E
:105550000010004001001000345C00204091004029
:10556000D34D621000F001406C1100400449054B1E
:105570000548C1F800024FF41062C3F808257047CF
:105580000010004000F001400100100000207047B2
:10559000034AD2F8003243F48873C2F800327047ED
:1055A00000100040014BD3F8480570470010004040
:1055B000034B0022C3F81C21D3F81C31704700BFF5
:1055C00000100040034BD3F81C01003818BF012025
:1055D000704700BF00100040034AD2F8403623F065
:1055E000FF03C2F84036704700100040034B002212
:1055F000C3F81421D3F81431704700BF00100040E5
:10560000034BD3F81401003818BF0120704700BFC6
:1056100000100040014BD3F8100470470010004008
:105620000449054B054A4FF48020C1F84803C3F8EC
:105630000825704700B0004000F00140C001700C28
:10564000034B044A1B7803F5A87342F82300704704
:10565000345C002000900040F0B4A2F574232F4D7C
:10566000A3F51073AB42044606D902F1E87202F5C5
:10567000D432013902F5A572294B2A482A4D2B4E06
:105680000127DF600027C3F80475A0FB020204278E
:10569000C3F81075900C0227C3F80875244AC3F8A4
:1056A0004005C5F848154FF48021C5F84413402142
:1056B000C2F84065C2F84435C2F804154CB34FF443
:1056C0008013C2F804351B4A012100240423D16051
:1056D000C2F80445C2F81035154BC2F808451160F0
:1056E0001549C3F850150C32C3F8542502F5AF32F2
:1056F000124CC3F8584502F5FC7201F5FF41C3F89E
:105700005C2558310832C3F86015C3F86425F0BC35
:1057100070474FF40013C2F80435D4E7BFBDF07FE3
:105720000080004083DE1B4300B0004048B10040D1
:1057300000F00140009000406C110040409100409A
:10574000134A30B40123134C53604FF48025D360C7
:10575000C2F84035104BC4F84815C4F844534021F2
:1057600004F5A474C3F84045C3F84425C3F80415F0
:1057700030B14FF48012C3F80425012030BC7047CB
:105780004FF40012C3F80425012030BC704700BF5D
:105790000080004000B0004000F0014070B4114BA8
:1057A000D8B14FF48012C3F804250F4B0A460026E7
:1057B000012502E0D3F840416CB9C1EB4201C3F8C6
:1057C0004061481CD3F84021C3F84005DD64D3F89C
:1057D0004C259142EED370BC70474FF40012C3F8D1
:1057E0000425E2E700F0014000800040014BD3F8BF
:1057F0004805704700B000400349044A01234B604C
:105800000B615360136170470080004000900040BE
:105810000449054BC1F844054FF08862C3F80425DC
:10582000704700BF0080004000F00140054B064873
:105830000649074AC3F84805C3F84C15C3F80425C0
:10584000704700BF00F00140001100404080004060
:1058500080000004014BD3F84405704700800040ED
:10586000014B1860704700BF60550020014B18685D
:10587000704700BF60550020014BD3F840057047CA
:1058800000800040014B1860704700BF5C5500204D
:10589000014B1868704700BF5C550020024B4FF069
:1058A0000062C3F80425704700F00140014BD3F8B3
:1058B0004805704700800040014BD3F84805704709
:1058C000008000400449054A42F61103002818BF31
:1058D0000B46C2F8043970471928202000100040F8
:1058E0000139012905D80B200AB1F1F751BFF1F7B1
:1058F0005DBF08B5074A084908482D2308F0F6FCA3
:10590000002383F31188BFF36F8F0323184602DF50
:1059100008BD00BFA8190200980A0200100A020080
:1059200029B10139012905D80B20F1F753BF1820FF
:10593000F1F750BF08B5084A08490948412308F063
:10594000D5FC002383F31188BFF36F8F0322104629
:1059500002DF184608BD00BFA8190200980A02001D
:10596000100A020088420FD0012807D002280DD16A
:10597000A1F10100B0FA80F040097047A1F10200E6
:10598000B0FA80F04009704701207047002070474E
:10599000012908B511D002290FD0A1B10D4A0E4935
:1059A0000E487B2308F0A2FC002383F31188BFF389
:1059B0006F8F0323184602DF08BD094B4FF40062C6
:1059C000C3F8002108BD064B4FF08072C3F80021D8
:1059D00008BD00BFA8190200980A0200100A0200C0
:1059E00000E100E0032810B5044604D8124B1C5D0A
:1059F0009CB1204610BD114A11491248292308F0D4
:105A000075FC002383F31188BFF36F8F03231846BF
:105A100002DF094B1C5D002CEBD1084A0A490948FA
:105A20002C2308F063FC84F31188BFF36F8F0323EA
:105A3000184602DF204610BD781A0200F81902004D
:105A4000481A0200100A0200681A0200013810B554
:105A50001C46042863D8DFE800F014221B29030049
:105A600004292CD0304A31493148B82308F03EFC93
:105A7000002383F31188BFF36F8F0323184602DFDF
:105A800010BD04292BD0284A284929484C23EDE78A
:105A900004291CD0244A254925487A23E6E703290E
:105AA00025D0214A214922486323DFE703292ED04C
:105AB000042924D01C4A1D491D48A023D6E71D4BAC
:105AC0009C60BDE8104002210320F5F7D1BA1A4BC3
:105AD0009C60BDE8104002210120F5F7C9BA174BC0
:105AE0009C60BDE8104002210020F5F7C1BA144BBC
:105AF00001219C60BDE810400846F5F7B9BA114B8A
:105B000002219C60BDE810400846F5F7B1BA0E4B83
:105B10009C60BDE8104001210220F5F7A9BA024AB5
:105B200002490348BE23A1E7F8190200980A0200BF
:105B3000100A02007C070020AC070020CC070020E0
:105B4000BC0700208C0700209C0700200146002095
:105B5000FFF7E6BA124B30B4012104460020596029
:105B6000C3F80445C3F80001C3F80401196005E057
:105B7000D3F8042132B9D3F804251AB1D3F800219F
:105B8000002AF5D05960D3F80421002AE7D1D3F8D0
:105B90000455002DE3D0C3F8042530BC704700BF86
:105BA00000E0004070B58CB00E461546014610224C
:105BB00068461C46F5F7C6F910220DEB0200314687
:105BC000F5F7C0F96846FFF7C5FF25B1102208A90F
:105BD0002846F5F7B7F92CB108AD0FCD206061600C
:105BE000A260E3600CB070BD014B1878704700BF35
:105BF000355C0020064B074A1B78C2F8283931B1C2
:105C0000014410F8013BC2F828398842F9D17047A5
:105C1000355C00200010004030B40C490C4C0023CF
:105C20004FF0004511F8012FFF2A08BF03F513724A
:105C300003F5137003F1010314BF44F8202044F866
:105C40002250082BEED130BC704700BFDC0700208B
:105C5000001000402DE9F0412D4B2E4993F800E053
:105C60002D4C00224FF0010C4FF0FF3640F2FF3573
:105C700011F8013FFF2B29D058092CD001280BD057
:105C800026492748274A4FF46C7308F02FFB254814
:105C90004FF46C7108F021FB03F01F0325FA03F0A9
:105CA000C707EDD5980000F1A040D0F8007A274052
:105CB00047F00307C0F8007A2EFA02F010F0010F47
:105CC00019481DD00CFA03F3C0F808350132082A30
:105CD000CED1BDE8F08126FA03F0C007D0D59F00F1
:105CE00007F1A0472EFA02F8D7F80007204040F04D
:105CF000030018F0010FC7F800074FF0A040E1D1F2
:105D000001320CFA03F3082AC0F80C35B0D1E0E7F1
:105D1000355C0020DC070020F0F8FCFFB01A020020
:105D2000100A02007C1A020000030050014B187890
:105D3000704700BFDC0700200B4B0C4AC3F810294A
:105D4000012909D00229084A0CBF4FF4702300230F
:105D5000C2F81439FFF7B6BD034A4FF48033C2F8D6
:105D60001439FFF7AFBD00BF0010004080320200C1
:105D70000B4B0C4AC3F81029012909D00229084A03
:105D80000CBF4FF4A0130023C2F81439FFF79ABDDB
:105D9000034A4FF4C023C2F81439FFF793BD00BF84
:105DA0000010004080310100024B0122C3F82C2971
:105DB000704700BF00100040054B00204FF42051F9
:105DC0000122C3F80009C3F80419C3F82C2970474D
:105DD00000100040024BC3F85009C3F85419704733
:105DE00000100040014BD3F85809704700100040E4
:105DF000024BD3F84C04C0B2704700BF0010004003
:105E0000034BD3F87001003818BF0120704700BF62
:105E10000010004037B50C460A490B4A411A40238E
:105E20000093491105462346084808F019FF011E52
:105E300005DA2846234603B0BDE83040184703B0D2
:105E400030BD00BFB4560020C9EC010014030200AD
:105E5000C9B2012908B509D908490948094A7A236C
:105E600008F044FA07487A2108F037FA03690C224F
:105E700001FB0233986C00F0070008BDD647020012
:105E8000B01D02009947020070B5C9B2012903692B
:105E90000BD918491848194A40F25D1308F026FA40
:105EA000164840F25D1108F018FAEFF3118520242E
:105EB00084F31288BFF36F8F0C2606FB0134A46CA9
:105EC00014F0C00408D0A24206D085F31188BFF3B5
:105ED0006F8F4FF0FF3070BD71430B4401229A6405
:105EE00085F31188BFF36F8F43680B445B68984755
:105EF0000020F0E7D6470200B01D020099470200DB
:105F000070B50D460649411A04464911054840221C
:105F1000FFF7BAFF2B4601462046BDE87040184700
:105F2000B456002014030200002270B5012104467B
:105F30001046F1F75DFC0F4801F07CFD0E4B9842D6
:105F400015D101F087FD26690C49304608F032FB77
:105F500000280BDB0125B5642469084904F1200001
:105F600008F028FB002801DB6565002070BD6FF09C
:105F70000400FBE73D6001000000AD0BD41A0200F5
:105F80007FB500220123CDE9022304ABCDE9043320
:105F9000094ACDF800D06B46CDF804D008F08DFE4C
:105FA000002805DB4FF480420023684603F070FFB1
:105FB00007B05DF804FB00BFE1EC010010B5EFF3A2
:105FC0001184202383F31288BFF36F8F074A13686D
:105FD00023F00201DB07116002D4012001F0D2FDA1
:105FE00084F31188BFF36F8F10BD00BF0C570020E2
:105FF00030B4104B0C2202FB003301460020D3E9E1
:1060000010521864EFF31180202484F31288BFF338
:106010006F8F9C6C04F0C00444F002049C6480F315
:106020001188BFF36F8F1DB12B46034830BC184752
:1060300030BC7047B456002014030200012808B594
:1060400006D0042808D098B90F4B9B6C5B0719D178
:10605000BDE80840FFF7CCBF0C490D4A0D4840F29F
:106060006E2308F043F940F26E21094808F035F933
:106070000649074A074840F2722308F037F940F210
:106080007221F2E708BD00BFB4560020F94F0200AC
:1060900099470200B01D020010B4EFF311822023D3
:1060A00083F31288BFF36F8F1848016841F0020430
:1060B0000460C80708D482F31188BFF36F8F0120F2
:1060C0005DF8044B01F0ECBC4FF08041D1F80C04BA
:1060D000D1F80C14C907EED5EFF3118083F31288C1
:1060E000BFF36F8F0A498B6C03F0C00343F00203C8
:1060F0008B6480F31188BFF36F8F82F31188BFF335
:106100006F8F00205DF8044BFFF772BF0C57002023
:10611000B4560020024BC0B203EB4010704700BFE2
:10612000B4560020094BBFF35B8F53E8002F42F0B9
:10613000010143E800100028F7D1BFF35B8F9307FC
:1061400002D4012001F0ACBC704700BF0C57002006
:1061500010B5EFF31184202383F31288BFF36F8F00
:10616000074A136823F001019B07116002D4012044
:1061700001F008FD84F31188BFF36F8F10BD00BFDD
:106180000C5700202DE9F0414449BFF35B8F0646D0
:10619000012251E8003F41E800200028F9D1BFF377
:1061A0005B8FA3B93E493F484B60CB608A60EFF7F5
:1061B00099FC00280BDA3C493C4A3D484FF40C73EB
:1061C00008F094F84FF40C71384808F086F876B36C
:1061D000731E012B58D8012E07D14FF08043D3F8FE
:1061E0001C3403F00303012B21D009F0A8FA054663
:1061F000F8B9304B1B78E3B14FF080430222C3F86B
:1062000008230746DFF8B4804FF08044D4F8182400
:10621000D4F81834D20315D503F00303012B01D0B1
:10622000012E0FD155B387F31188BFF36F8FBDE8EF
:10623000F081EFF31187202383F31288BFF36F8F70
:106240000125DFE7ADB1384608F077FBD4F8183503
:10625000002BDBD1D4F80421002AD7D0C4F80431B4
:10626000D4F804310123C4F81835C8F88031A3608C
:10627000CCE70021212005F059FAE7E74FF08043F1
:106280000222C3F80423D2E70B49084A084840F227
:10629000422308F02BF840F2422195E7B056002047
:1062A000A0560020D45600203B2D02009947020042
:1062B000B01D0200585C0020F94F020000E100E030
:1062C00008B5074809F08EF938B10648F1F722FE03
:1062D0000448EEF7D1FE002008BD6FF01200FBE786
:1062E0008C030200E96201000A2838B5074D044614
:1062F00004D1AB680D215B6828469847AB6803481A
:106300005B68E1B29847204638BD00BF8C030200AD
:10631000EFF31182202383F31288BFF36F8F0A4BB0
:10632000D3F8001161B10021D3F80805C3F80011BA
:10633000D3F80031C0B282F31188BFF36F8F70477A
:106340006FF00A00F7E700BF00D00040F0B5034649
:1063500010469C7893F803C0EFF31182202585F353
:106360001288BFF36F8F1F7893F801E0E41B04EAF3
:106370000C04A04288BFA0B23E180CEA06063D46B7
:106380001E7082F31188BFF36F8F0A188A4216D1EC
:1063900077450CD1EFF31182202181F31288BFF3EE
:1063A0006F8F1978597082F31188BFF36F8F1B7943
:1063B000241AA34222BF064B01221A60F0BD5E19C7
:1063C0000135767901F8016B05EA0C05DEE700BFBF
:1063D00000D000402DE9F0472D4D0069A8420E463F
:1063E00014460BD02B492C482C4A40F2031307F0DB
:1063F0007DFF2A4840F2031107F06FFFDB4313F0E3
:10640000010504D03030FFF7A1FFBDE8F0879AB353
:10641000EFF31188202383F31288BFF36F8F0D20D1
:10642000F1F7D8F907460D20F1F7C0F988F3118884
:10643000BFF36F8FDFF868A0DFF86880CAF80051FB
:10644000DAF800314FF400590123CAF8003025462C
:10645000C8F88091DAF8003183B1FFF759FF031EC5
:10646000C8F88091F6DB013DADB27355002DF1D136
:1064700017B10D20F1F78CF92046C6E7EFF3118034
:10648000202383F31288BFF36F8F08F056FAE1E7F9
:106490001057002055480200B01D0200234802009A
:1064A00000D0004000E100E02DE9F041194B076900
:1064B0009F420D46144605D107F1450864B92046B0
:1064C000BDE8F08114491548154AE52307F00EFF91
:1064D0001348E52107F001FF4FF0FF334FF0FF3283
:1064E000384603F0D5FC224629464046FFF72EFFEA
:1064F0000646384603F088FC3EB94FF0FF324FF0B5
:10650000FF33084803F0C4FCE6E7A41BA4B23544FB
:10651000D4E700BF1057002055480200B01D02000C
:10652000234802002857002038B5214B04699C42BB
:106530000BD020492048214A40F2471307F0D6FEED
:106540001E4840F2471107F0C8FE012211462046BE
:1065500009F0C2F80122002104F1180009F0BCF88A
:1065600040F20743A4F848304FF0706323630C23D4
:1065700084F834300025124B84F84550A4F8465076
:10658000D3F8042542F00102C3F804250121C3F821
:106590000051D3F80021C3F804132A4619600D20D6
:1065A000F1F726F90D20F1F7F3F8284638BD00BFC2
:1065B0001057002055480200B01D02002348020079
:1065C00000D0004010B5FFF7A3FE002820DB174BDA
:1065D00093F8322093F8314093F83310141B31EACA
:1065E0000404C0B20DD193F8472093F8464093F8C5
:1065F0004810141B31EA04040BD10D4B01225A60E0
:106600000EE09C180132114084F8350083F83210F6
:1066100010BD9C180132114084F84A0083F84710DD
:106620000448BDE8104003F0EFBB00BF1057002046
:1066300000D0004028570020024B0B60012313605C
:10664000704700BF6457002000487047381B0200A5
:1066500007B50346054A00910548012108F07FF877
:106660006FF0150003B05DF804FB00BF9448020012
:10667000EC05020010B5012211460748074C09F04D
:106680002BF8FBF779FA08F0F9FE206008F0F2FE2B
:106690006060002010BD00BF6C57002064570020D0
:1066A00038B5037B04460BB1FBF77CFA0125A368E0
:1066B000032B06D8124AD2F80034DB07FBD50020A2
:1066C00038BD23686068196801F078FF6368043397
:1066D0006360236804332360A368043BA360237BC7
:1066E0000135002BE3D02846ECF7A6FB0028DED0CE
:1066F000034AD2F80034D907FBD50120E0E700BFF8
:1067000000E00140F0B589B00E46154608F0B2FE33
:1067100029460746304608F01EFB60B3B6FBF7F388
:1067200007FB136323B9B5FBF7F407FB14545CB103
:106730001F4A009533461F48012108F010F86FF0FA
:106740001504204609B0F0BDAF42FAD84FF0FF3330
:106750004FF0FF32184803F09BFBFBF71FFA04AB26
:10676000014660B91022184609F023F9CDE9056504
:1067700008F0CDFA16E0114A00953346DBE7102207
:106780002146184609F015F901228DF81C200C4A03
:10679000CDE902200B48CDE90565FBF7F7F902A822
:1067A000ECF7B6FA0446044803F02EFBC9E700BF35
:1067B000B1480200EC0502006C570020944802002A
:1067C0000FED0100645E010070B50D4688B01946FA
:1067D000284616461C4608F0BEFA58B91D4A0094D1
:1067E0002B461D48012107F0BAFF6FF01504204623
:1067F00008B070BD45EA04039B0703D0174A009414
:106800002B46EEE7002CF2D04FF0FF334FF0FF3273
:10681000134803F03DFBFBF7C1F90346CDE90465DE
:1068200004A806948BB101238DF81C300D4BCDE9E3
:10683000023041F64C50FBF7A9F902A8ECF768FAD0
:106840000446074803F0E0FAD1E78DF81C30FFF763
:1068500027FFF5E794480200EC050200D04802004B
:106860006C570020A166010010B5036961B9204989
:10687000204A21483E2307F039FD204807F036FD25
:106880003E211C4807F029FD486850B91C49194AA7
:1068900019483F2307F02AFD1A4807F027FD3F213A
:1068A000EFE75868F8B1884219D19C6808685860C9
:1068B000A14200D19860002008602AB15A680A609D
:1068C0009A68596002B99960002010E0814206D1AF
:1068D0000868206098688142EDD19C60EBE704462F
:1068E00000680028F2D1002AE8D16FF0150010BD31
:1068F0004E49020012490200B01D02005749020031
:10690000664902007849020038B545682B69B3B181
:106910001035284601F09CFC044680B90146284603
:1069200001F05CFC084B98420BD1084922462846EE
:1069300001F022FC224605210620F0F759FF002035
:1069400038BD6FF00400FBE70000AD0B2D6C0100BB
:1069500008B503685909024614D0012906D103F08D
:106960001F0340F2FF31D940C80713D40B490C482C
:106970000C4A4FF46C7307F0B9FC0A484FF46C7181
:1069800007F0ABFC4FF0FF31D940C907EED54FF00F
:10699000A04000E00448136008BD00BFC2490200E7
:1069A000B01D02008F49020000030050F0B540689E
:1069B000057B01F01F0444EA4514056987B0002DEA
:1069C0005CD0B2F5001F00F1100506D12146284623
:1069D00008F034FD002007B0F0BD01AE0027B2F58D
:1069E000800F0197776034D1B3F1007F14BF052386
:1069F00004238DF804300023CDE9046303938368F6
:106A0000CB40D90717D4B2F1A07F14D168460094C7
:106A1000FFF79EFF009B03F5E07350F82330DB0780
:106A200009D46A462146284601F0ACFB164B984231
:106A30001AD0CDF808D003AA2146284601F06CFAF6
:106A4000124B98421DD101222146284601F016FC26
:106A5000C0E7B3F1C06F05D0B3F1007F14BF0123CD
:106A60000223C6E70323C4E76946284601F000FC79
:106A7000064B9842DDD06FF00B00ACE76FF085005D
:106A8000A9E76FF01500A6E70400AD0B0000AD0B01
:106A90002DE9F043466840F20635337BD00687B0D7
:106AA00001F01F0702EA050547EA431754BFC2F386
:106AB00040130323B5F5837F14468DF8033045D08A
:106AC0000FD8062D18D007D8B5B1022D40D06FF0E1
:106AD000150007B0BDE8F083B5F5807FF7D101253B
:106AE0000AE040F20222954234D0B5F5407F33D01F
:106AF000B5F5007FEBD102250123220303FA01F152
:106B00002CD57368C3F8081533696BBB03A80397CA
:106B1000FFF71EFF039B00EB830084F48033C3F375
:106B20000043C4F34044D0F8002744EA43049DF8EE
:106B3000033022F4E16244EA830422F0070244EACB
:106B400005231343C0F800370020C2E70725D3E729
:106B50000425D1E70525CFE70325CDE7630344BF2F
:106B60007368C3F80C15CFE710360DF102023946F1
:106B7000304601F007FB14F4403F804617D13946F8
:106B8000304608F059FC254B9845DDD19DF80210A0
:106B9000304601F067FB4045D6D021492148224AC2
:106BA000EC2307F0A3FB2048EC2107F096FB01AB98
:106BB0004FF0000903AA39463046CDE90439CDE942
:106BC0000199CDF80C9001F0A7F9144B98427FF48D
:106BD0007EAF14F4003315D09DF803308DF80E30DD
:106BE00084F48034C4F300444B4603AA394630464B
:106BF0008DF80C508DF80D4001F042FA074B984289
:106C0000C1D064E7CDE9043303AA0DF1030339468B
:106C10003046039301F080F9F0E700BF0000AD0BB0
:106C2000114A0200B01D0200E5490200420970B598
:106C3000034602D0012A1ED070BD144E326951683D
:106C40000029F9D003F01F0301250C689D4000299D
:106C5000F2D08A682A4012D04B6873B90C490D4AA9
:106C60000D48612307F042FB0C4807F03FFB094841
:106C7000612107F032FB0A4EE0E7304698471CB12D
:106C8000236821461C46E2E72346FAE74403020054
:106C9000854F020012490200B01D0200784902002F
:106CA0002C03020002780B69012A08D0022A08D0BE
:106CB0004AB9064A5A6303F11C0003F0A5B8044A16
:106CC000F8E7044AF6E7044AF4E700BF0000AD0B1A
:106CD0000100AE0B0200AE0B0100AD0B2DE9F04F31
:106CE000D0F81090D0F8048085B005460C461746C1
:106CF000029309F1040A4FF0FF324FF0FF33504680
:106D000003F0C6F809F11C0B00230022584603F0DB
:106D1000BFF8404601F03EFE7B1E00260393B742BB
:106D200001D8002322E0039B217AB34283BF237D55
:106D300083F00403C3F3800300230193029B0093B9
:106D4000D4E90023284600F093F8034670B94FF4C5
:106D500080420023584603F09BF898B1404601F06A
:106D60003FFE284600F072F86FF00403404602939D
:106D700001F036FE504603F047F8029B184605B076
:106D8000BDE8F08FD9F83430034A934204F10C0483
:106D9000EAD10136C3E700BF0000AD0B80B500AFFC
:106DA00088B06A46094BC2E905304FF400739383FB
:106DB000074B42F8103F074800234FF4E251EFF72A
:106DC000ADFB6FF00F00BD4680BD00BF5F4A020003
:106DD000030000010406020010B504464068234683
:106DE000826900F1080101F073FD054B984204D05F
:106DF0002068BDE81040FFF7D1BF002010BD00BFE4
:106E00000000AD0B08B5CA07436800690AD4C1F396
:106E10004202012A09D0022A0FD00A4A0A48012157
:106E200007F08AFC6FF0150006E01B684FF0CC728B
:106E3000C3F824250160002008BD1B684FF0CD6217
:106E4000F6E700BF7F4A02000406020008B5436867
:106E50001B68D3F80805D3F80C1502F0E5F8034BCE
:106E6000984214BF6FF00F00002008BD0000AD0B6A
:106E70002DE9F04186B00C4647689DF834801546F0
:106E8000002112220DF106001E4608F092FDBDF809
:106E900030208DF8052004F0010314F008028DF86D
:106EA00004300296049509D0124A1348012107F0D4
:106EB00043FC6FF0850006B0BDE8F081A10705D462
:106EC000B8F1000F11D1002BF3D1202201A93846CF
:106ED00001F000FE094B984209D00B3398420CBFD9
:106EE0006FF00F006FF00400E5E74022EEE70020AE
:106EF000E1E700BF914A0200040602000000AD0B6A
:106F000008B503685909024614D0012906D103F0D7
:106F10001F0340F2FF31D940C80713D40B490C4876
:106F20000C4A4FF46C7307F0E1F90A484FF46C71A6
:106F300007F0D3F94FF0FF31D940C907EED54FF034
:106F4000A04000E00448136008BD00BFC249020031
:106F5000B01D02008F490200000300502DE9F04FE0
:106F6000DFF860B185B01546824600EB810840F23B
:106F7000FF19D04503D1002005B0BDE8F08FDAF845
:106F800000305A04C3F3C321C3F3080400F1918015
:106F90004B4A1B0E575C4C4508BF4FF0FF34192B72
:106FA00000F28A80DFE803F00D141A1D20261D88E8
:106FB0008888883663888888888888888888667CF6
:106FC0007F82C5F80C45631C5ED10AF1040AD0E744
:106FD000C5F81445661CF8D000265FE0C5F80845E2
:106FE000F1E7C5F81045F5E7601CC5F80845ECD099
:106FF000002604E0611CC5F80C45E6D0012603A874
:107000000394FFF77DFF039B012101FA03F3C0F80E
:107010000C3508E0C5F80845002FDBD1631CD4D03F
:10702000002631460627DAF80030019303F40040C9
:10703000002818BF002103A8009118BF012603945F
:10704000FFF75EFF039C019B009900EB8400C3F3F4
:10705000412CD0F800473B0243EA8C030B4304EA7F
:107060000B04234343EA4603C0F80037ADE7C5F8F5
:107070000C45D1E7C5F86045621CDAF80030A4D0B1
:10708000C3F30043002BB9D003A80394FFF738FFE4
:10709000039B012606FA03F3C0F808353146C2E720
:1070A000C5F86445E8E7C5F86845E5E7C5F86C4507
:1070B000E2E76FF015005FE76FF085005CE700BF67
:1070C000B74A0200F0F8FCFFF8B50022054601219E
:1070D0000220F0F78DFB0220F0F75AFB6B6818686E
:1070E0001A69C0F82425997D5A7D0A43198B1B7DA6
:1070F0000B431343C0F86C356E68D6E9004313F0B8
:1071000001032BD02F6907F10C0008F0F6F8244B8F
:1071100098423DD1387B04F10C0204F5907108F0DF
:10712000E2F8387B012707FA00F000F009FC082399
:10713000C4F80035F369C4F844350023C4F8483571
:10714000A760D4F85831002BFBD00023C4F80035D9
:1071500028461449BDE8F84007F0A1BB0822C4F84E
:107160000025F269C4F84425C4F848350123A3601A
:10717000D4F82031002BFBD00023C4F82031D4F800
:1071800020310123E3604FF48073C4F80433D8E75F
:10719000054A0648012107F0CFFA6FF00400F8BD58
:1071A0000000AD0B83F10100BF4A0200640602003B
:1071B0002DE9F041044647680D4608F0C0FA4FF04B
:1071C000200888B91F4B1B7873B16426606807F0EC
:1071D0003BFFF0B9012008F084F8013EF6D1002110
:1071E000212004F0A3FAF0E7EFF311810E4688F3B3
:1071F0001288BFF36F8F606807F026FFA8B981F38C
:107200001188BFF36F8FEFE781F31188BFF36F8FA2
:10721000E5E7EFF311810E4688F31288BFF36F8F15
:10722000606807F011FF0028EED0FB691D70F96956
:107230000122204607F0ECFE86F31188BFF36F8F22
:10724000BDE8F081585C002070B40E49D1E90034EB
:10725000D01AC31844F1000422F07F46C1E900347B
:10726000A6F50013B3F5400F09D2074B1B681A0AA5
:107270001B069C19054B42F10005C3E9004570BC93
:1072800004F0E6BD10210020A457002018210020A2
:107290000D4B1868010A0006BFF35F8F0B4BD3F844
:1072A0000435181841F10001B3F5801F0AD2084BCC
:1072B000D3E90023904271EB030303D210F18070F5
:1072C00041F10001704700BFA457002000100140A9
:1072D000182100202DE9F7432F4CD4F804339907E7
:1072E0000BD5D4F8043143B12C4A0023C4F804313F
:1072F000D4F80431136801331360D4F80433DA038B
:1073000029D5BFF35B8F264B53E8002F22F00101F4
:1073100043E800100028F7D1BFF35B8FD30702D4F6
:10732000D4F84031BBB10025C4F84051D4F8403105
:10733000FFF7AEFFEFF31182202383F31288BFF330
:107340006F8F184BD3E90267B042B94106D282F37E
:107350001188BFF36F8F03B0BDE8F0834FF0FF38A3
:107360004FF0FF39C3E90289D3E900101D604FF4E3
:107370008033C4F84833C4F84051D4F8403182F324
:107380001188BFF36F8F0029E5D0009032463B464D
:1073900028468847DFE700BF00100140A4570020BF
:1073A0009C570020002100202DE9F84F4B4DBFF3E2
:1073B0005B8F06460F4655E8008F28F0010345E82D
:1073C0000032002AF7D1BFF35B8F454C4FF4803970
:1073D000C4F80893BFF35F8FBFF36F8FFFF758FFB9
:1073E000B04271EB070308F0010840D23D4B301A60
:1073F00067EB0101984271F100014CD23A4BD3E99D
:1074000002239F4208BF96423ED04FF0000CC4F8C2
:107410004893C4F840C126F07F40D4F84031DFF8EB
:10742000D8A0834603216FF0020E2BF07F43C4F8EF
:107430004035C4F84493D4F80425AEEB02035B4412
:1074400023F07F4353451FD9D4F840315BB1D4F8C2
:107450000425131A23F07F43B3F5000F14D9C4F8A1
:1074600040C1D4F8403101EB020B0131DDE71F4B85
:10747000BFF35B8F53E8001F41F0010143E80012A6
:10748000002AF7D1BFF35B8F174B194A1A60C3E983
:10749000026700225A60B8F1000F1CD0BFF35B8F67
:1074A00055E8003F43F0010345E80032002AF7D1D8
:1074B000BFF35B8F4FF48033C4F804330B4BBFF33F
:1074C0005B8F1B68BFF35B8FDB0742BF094B4FF439
:1074D0000032C3F80021BDE8F88F00BFA05700209C
:1074E0000010014001008000002100209C57002076
:1074F0004972010000E100E0FDFF7F0070B5194C0A
:10750000194BC4F80833C4F84833184B00254FF022
:10751000FF304FF0FF31C4F80855C3E902014FF4C2
:107520008033C4F80433124B02264FF40032C4F8FF
:1075300004630121C3F8802111202A46F0F758F98D
:107540001120F0F725F901230A4AA36000212360E6
:1075500009481360FFF728FF3046FEF713FE284660
:1075600070BD00BF0010014003000F00002100208B
:1075700000E100E0A0570020FFFF7F00431C10B592
:107580000F4C05D08442A8BF0446012CB8BF01248B
:10759000FFF77EFE0B4AD2E90031C01AB0F5000FAA
:1075A000074A0AD22044904228BF1046C018BDE8BE
:1075B000104041F10001FFF7F7BE1046F6E700BFAB
:1075C000FFFF7F001021002008B5FFF761FE024B8E
:1075D0001B68C01A08BD00BF1021002010B5084C60
:1075E000012363601120F0F7E1F8064BC4F808337B
:1075F000C4F84833044B4FF40032C3F8802110BD67
:107600000010014003000F0000E100E037B5034621
:107610000D461C69406894F825303BBB0B7B022B60
:1076200027D10B68FBB994F824204B68C2B9144ADF
:10763000591E914217D823620DF1070101F03EFC5B
:10764000104B984218D0AB689DF807000BB144F876
:10765000203094F82430013384F8243003B030BD56
:10766000226A9A42E8D06FF01500F7E76FF00F003A
:10767000F4E76FF08500F1E76FF00B00EEE700BF75
:10768000FEFFCF070200AD0B30B585B00469456839
:1076900000230193CA070393236A02935CBF01236B
:1076A00001938B0758BF019B01A958BF43F0080302
:1076B000284658BF019301F0ABFB074B984208D115
:1076C000284601F0CFFB012384F82530002005B0C7
:1076D00030BD6FF00F00FAE70000AD0B10B50022CF
:1076E000446801211020F0F783F800231946054A69
:1076F000204601F073FB044B984214BF6FF00F005B
:10770000002010BD0D7701000000AD0B2DE9F04108
:107710000B4E0C4F0C464FF001080CB9BDE8F08140
:1077200094FAA4F5B5FA85F556F8253013B1294633
:107730003846984708FA05F524EA0504EDE700BF46
:10774000A8570020A4030200024AD2F80034002BFC
:10775000FBD0704700E0014010B54FF08053D3F8E4
:1077600030210D2A55D14FF080410022C1F80C2163
:10777000C1F81021C1F838254B4AD3F80404C2F8E7
:107780002005D3F80804C2F82405D3F80C04C2F885
:107790002805D3F81004C2F82C05D3F81404C2F855
:1077A0003005D3F81804C2F83405D3F81C04C2F825
:1077B0004005D3F82004C2F84405D3F82404C2F8E5
:1077C0004805D3F82804C2F84C05D3F82C04C2F8B5
:1077D0005005D3F83004C2F85405D3F83404C2F885
:1077E0006005D3F83804C2F86405D3F83C04C2F845
:1077F0006805D3F84004C2F86C05D3F84434C2F8E5
:107800007035D1F80034DB0744BF6FF00103C1F8D5
:107810000034264AD2F8883043F47003C2F8883026
:10782000BFF34F8FBFF36F8F4FF08053D3F83021EA
:107830000D2A0AD1D3F834313BB14FF01023D3F8DD
:1078400008224FF08043C3F858254FF01023D3F897
:107850000022002A03DBD3F80432002B22DA144979
:1078600001234FF01020C1F804351224FFF76CFFFC
:10787000C0F80042FFF768FFC0F80442FFF764FF5A
:107880000023C1F80435FFF75FFFBFF34F8F0749AF
:10789000084BCA6802F4E0621343CB60BFF34F8F1A
:1078A00000BFFDE710BD00BF00C0004000ED00E0DC
:1078B00000E001400400FA0530B50468CCB1BFF324
:1078C0005B8FB4FA84F3C3F11F03DBB201229A4049
:1078D00024EA020250E8005FA54204D140E8002CEF
:1078E000BCF1000FF6D1BFF35B8FE6D102480B70FD
:1078F00030BD0248FCE700BF0000AD0B0200AD0B3D
:1079000010B50368CB40DB0714D401238B40026819
:10791000BFF35B8F43EA020150E8004F944204D169
:1079200040E8001CBCF1000FF6D1BFF35B8FEED135
:10793000014810BD0148FCE70000AD0B0400AD0B91
:10794000014BC3F80405704700F00140F7B54FF054
:107950008043044658B1012828D032493248334A7E
:10796000DC2306F0C3FC3148DC2106F0B6FC022221
:10797000C3F808230122DA60C3F80401D3F8043104
:10798000064601238DF8073042F210754FF080470C
:10799000ECB1012C30D023492348254A4FF47473AD
:1079A00006F0A4FC22484FF47471DEE70022C3F80D
:1079B00008035860C3F80021D3F800310DF1070621
:1079C000DFE783B1012007F08CFC013D0BD0D7F835
:1079D000183403F48033002EF3D0D7F8182402F0C3
:1079E00003023260A3B903B0F0BD002BFBD001202D
:1079F00007F077FC013DF6D0D7F80C3403F4803360
:107A0000002EF2D0D7F80C2402F001023270E9E720
:107A10009DF807000128E6D107F063FC013DB7D1CE
:107A2000E1E700BFF94F0200B01D0200174B020052
:107A3000544B0200044B1A7922B9012218601A71C2
:107A40000248704702487047D05700200000AD0B35
:107A50000C00AD0B08B50E4B1A795AB90D490E48FA
:107A60000E4A4FF4987306F041FC0C484FF498719D
:107A700006F033FC1B682BB10020EFF7ABFE08B912
:107A8000EFF786FE4FF080430022C3F8182508BDAB
:107A9000D0570020884B0200B01D0200174B020097
:107AA00038B5334C23795BB93249334A334840F215
:107AB0007F1306F01BFC40F27F112F4806F00DFCEF
:107AC00058B101284AD02E492B4A2C4840F2C31302
:107AD00006F00CFC40F2C311EFE74FF08043D3F8FF
:107AE0001814D3F81824C80320D502F00303012B7F
:107AF00004D013B10020FFF729FF00234FF080428C
:107B00000220C2F8183508224FF4827303F1804333
:107B10000021196002F180421D680125156022686C
:107B200002B34FF08043C3F804030CE0D3F81424ED
:107B3000D107E2D5D3F81C249207DBD422681AB10E
:107B40000222C3F8042338BDD3F80421002AFBD055
:107B50000022C3F80421D3F80431F4E700224FF4E3
:107B60008073D3E71A68002AFCD019601B68EAE723
:107B7000D0570020884B0200174B0200B01D0200B6
:107B8000F94F020008B5094B1B795BB90849094850
:107B9000094A40F2DD1306F0A9FB074840F2DD1167
:107BA00006F09BFBBDE80840FFF7D0BED057002091
:107BB000884B0200B01D0200174B020010B54FF0B9
:107BC0008043D3F8002152B10020C3F80001D3F85C
:107BD00000210122C3F80823104B1B6898474FF07F
:107BE0008043D3F8042172B10022C3F80421D3F8F2
:107BF0000421D3F81824D3F81824920704D10122C1
:107C0000C3F818259A6010BD0222C3F80823034B5D
:107C1000BDE810401B680120184700BFD057002066
:107C2000034A430900F01F00D35C1844C0B27047F8
:107C3000984C020008B502680146104607F05FFB49
:107C400058B91149114A12484FF46C7306F04EFBB3
:107C50004FF46C710D4806F040FB02F01F0352090F
:107C60000B600BD0012A0CD00A49084A084840F2A0
:107C7000B93306F03BFB40F2B931EBE74FF0A040DF
:107C800008BD0548FCE700BFC24902008F49020059
:107C9000B01D0200F94F020000030050072808B58C
:107CA0000BD908490848094A40F2AA3306F01EFBDE
:107CB000064840F2AA3106F010FB800000F5807003
:107CC00008BD00BFDB4B0200B01D0200A64B020046
:107CD00070B50546FFF7A4FF0C4C08300E4634F88B
:107CE0001030DA0508D5C3F3432304EBC30228465A
:107CF00054F8333052689847A3682BB1E268314694
:107D00002846BDE87040184770BD00BF68080020D5
:107D100008B5FFF785FF034B083033F81000400B20
:107D200008BD00BF6808002008B5FFF779FF034BC6
:107D3000083033F81000C0F3400008BD6808002088
:107D400008B5FFF76DFF044B083033F8100010F052
:107D50001C0018BF012008BD6808002008B5FFF707
:107D60005FFF034B083033F81000C0F3401008BD2C
:107D700068080020034611F0010010B5CCB20DD107
:107D8000A207C4F3400012D5094AD2F82005586072
:107D9000C2F82005003818BF012008E04FF0A041CC
:107DA000D1F820251A60C1F82025002AE8D010BD9E
:107DB0000003005010B5FFF733FF184A083032F8BF
:107DC0001030D9051DD5C3F3432123F4F85322F80D
:107DD000103002F10E04002034F8023F13F4807FCB
:107DE00003D0C3F3432399420BD001302A28F3D1A7
:107DF00000230B4842F83130FFF782FD094B9842CF
:107E000000D110BD08490948094A4FF4DC7306F057
:107E10006DFA07484FF4DC7106F05FFA680800203D
:107E2000D40800200000AD0B114A0200B01D020072
:107E3000E54B02002DE9F843002407460E4625468F
:107E40004FF00108A146B5420DD1124BD3F87C2169
:107E500032B10022C3F87C21D3F87C3144F00044D5
:107E60002046BDE8F883E8B2FFF718FFA0F580725E
:107E7000920808FA02F2174209D000F1804303F594
:107E8000C043196819B1C3F800901B681443013549
:107E9000D9E700BF00600040F7B506460846FFF787
:107EA000BFFE194F00F108050C4637F81530DB0707
:107EB00027D5304607F09CFA2046FFF74FFF40B128
:107EC0002046FFF725FF316800F5A270002341F836
:107ED00020302046FFF76EFF002301A827F8153059
:107EE0000194FFF7A7FE019B00EB8300074BD0F83E
:107EF0000027134043F00203C0F80037044803B0E2
:107F0000F0BD0448FBE700BF68080020F0F8FCFF64
:107F10000000AD0B0400AD0B2DE9FF411646804675
:107F20000846FFF77DFE37680D460446E7B1084670
:107F300007F053FA08BBCDE900008DF80E008DF86C
:107F40000F003B460DF10F020DF10E01284607F020
:107F5000E8F9474A04F1080132F8113023F002032E
:107F600043F0010322F81130736863B328461F7889
:107F70005968FFF7D9FE10B1D1B13E4826E03C4A1E
:107F800004F1080032F8103023F02003DB04DB0C8E
:107F900022F8103061B1032FEFD87168496891F869
:107FA00000C0D8F80010A7B90CF5A27C41F82C70DD
:107FB0002F4A04F1080132F8113023F01C0343EA80
:107FC000870322F81130B3684BBB2B4804B0BDE8DF
:107FD000F08101EB8C0143EA4C33D1F810E52EF02F
:107FE000030EC1F810E5D8F8001001EB8C0E43F039
:107FF0002003DEF8101522F8103021F44F3121F45F
:108000004071CEF810152902DEF8108501F47C517C
:1080100041EA074141EA0801CEF81015C8E7D3E963
:1080200000672846FFF7C6FE002ECED0104DD5E9DA
:108030000023964203D19F4201D1002209E00F485C
:108040000DF10F01FFF738FC0B4B9842BED19DF8A4
:108050000F2045F8326005EBC20308345F6035F845
:10806000143043EA422343F4807325F81430ACE71C
:10807000680800200400AD0B0000AD0BD408002000
:108080002DE9FF410C468046204611461E46FFF76B
:10809000C7FD054621B32046FFF746FE18B9204626
:1080A000FFF75CFE10BB2046FFF74AFE10B14B788D
:1080B000012B1BD001238DF80F300023CDE90013D5
:1080C0004A1C8B1C20460DF10F0107F02AF9274AA4
:1080D00005F1080132F8113043F0030322F81130A2
:1080E000002E41D02046FFF71FFE18B9204804B0EB
:1080F000BDE8F08196F800C0D8F800301B4F0CF5B1
:10810000A272002143F8221005F1080237F812107C
:1081100021F02001C904C90C27F8121075781DB38D
:10812000D8F80000B67800EB8C002D04D0F810359C
:1081300023F4991323F4F853C0F81035230203F401
:108140007C5305F440353605D0F810E52B4306F492
:10815000801641EA4C31334341F0200143EA0E03DB
:1081600027F81210C0F810350248C0E76808002050
:108170000400AD0B0000AD0B014BC3E902127047C8
:108180006808002010B514465AB90E490E480F4A27
:1081900040F20D3306F0AAF80C4840F20D3106F01B
:1081A0009CF80846FFF7DAFD50B10846FFF738FDA6
:1081B000074B083033F8103006485B0B237010BDB6
:1081C0000548FCE7834C0200B01D0200E54B0200AD
:1081D000680800200000AD0B0400AD0B2DE9F04154
:1081E000184D95F8744006464CBB5422214605F1C3
:1081F000100007F0DEFB36686F6EA046A7420FD175
:108200000023C6F87C3146F30730D6F87C31EFF70F
:10821000BFFA01230C4885F87430EB66BDE8F081A5
:10822000E0B2FFF73BFDA0F580739B081F2B08BF52
:1082300046F8008004F1010408BF3358DEE7034824
:10824000ECE700BF680800200000AD0B0C00AD0B90
:10825000034B93F87400003818BF0120704700BF2B
:10826000680800200148FFF74BBB00BFD008002082
:108270000148FFF721BB00BFD00800202DE9F341E2
:10828000054608460C461646FFF75AFD58B93549CB
:10829000354A364840F2FA3306F028F840F2FA310F
:1082A000314806F01AF82B68D3F80423002AA4BF3B
:1082B0004FF00042C3F804230846FFF74FFD18B300
:1082C0000846FFF731FD0746F0B90846FFF720FDE5
:1082D0000446FFF7E3FCD5F8008048F8007058F832
:1082E00000302B6822B203EB8203D3F8102542F052
:1082F0000102C3F8102526B12A680123A340C2F861
:10830000043302B0BDE8F0814EB91949164A174846
:1083100040F20E4305F0EAFF40F20E41C0E720466E
:10832000FFF77EFC134B083033F81030C3F38203A1
:10833000042B12D0052B12D001A80194FFF77AFC70
:10834000019BD0F81015D94001F0010102312046FF
:1083500002B0BDE8F04107F031B80321F7E7022190
:10836000F5E700BF624C0200E54B0200B01D0200C1
:108370008D4C0200680800202DE9F04F694BDFF8B2
:10838000B081D3F80403D8F86410C0B289B040F0CB
:108390000040FFF74FFD051E2FDAC24600235AF8B2
:1083A000701F06A8CDE90633FFF7E4FC5E4B01938E
:1083B0000DF118094FF0000B019A12F8013B0192E0
:1083C000DA0803F007031AF8022022FA03F3DA07A7
:1083D0001CD409F10409BBF1000F14D0D8F86410C3
:1083E0004FF00040FFF726FDD8F8701006A8FFF701
:1083F000C1FC0028DAD125F000450124002D79D1F7
:1084000009B0BDE8F08F4FF0010BD5E7474B5B4457
:108410000293D9F800100029DBD0029B91FAA1F158
:108420001C78B1FA81F141EA44142046FFF7F8FBC9
:108430000830059438F81070C808BB0819F80020F7
:10844000039301F00701012303FA01F122EA01027B
:1084500009F8002005A8FFF7EDFB059A039B02F53C
:10846000E072C7F3820650F822205B073746C2F35A
:10847000014224D539462046D6B2FFF729FC05A88B
:108480000594FFF7D7FB059B03F5E07350F8233005
:10849000C3F301439E4207D10021204606F08EFF20
:1084A0003146204606F08AFF05A80594FFF7C2FB77
:1084B000059B012202FA03F3C0F82035A9E7022A3E
:1084C0000CD10321204606F079FF06F00503012BAD
:1084D000EAD139462046FFF7FBFBE5E702212046BB
:1084E000039206F06BFF032EF3D0039A032ADBD12D
:1084F000022EEDE795FAA5F3B3FA83F304FA03F23B
:108500009B0003F1804303F5C04325EA0205D3F83D
:108510001005D3F81015C0F30520C1F30141FFF792
:10852000D7FB6BE700600040A84C0200A84C02009B
:1085300068080020044AD2F80034DB07FBD501604C
:10854000BFF35F8F704700BF00E0014008B54FF0F8
:1085500080531A6959694A43904207D21A69B0FB9D
:10856000F2F302FB13036BB10E4819E00E490F48FA
:108570000F4A40F2071305F0B9FE0D4840F207110B
:1085800005F0ABFE0B4B0222C3F80425C3F8080527
:10859000D3F80024D207FBD500220748C3F80425EE
:1085A00008BD00BF0A00AD0B064D0200B01D020061
:1085B000AA4C020000E001400000AD0BF8B50D46EA
:1085C0000121044606F03CFF58B91249124A1348EB
:1085D00040F2951305F08AFE40F295110E4805F021
:1085E0007CFE14F0030709D00D490B4A0B484FF4E9
:1085F000CB7305F07BFE4FF4CB71EFE7094E0123FF
:10860000C6F8043529462046FFF794FFC6F80475DE
:10861000F8BD00BF204D0200AA4C0200B01D0200B0
:108620003A4D020000E0014001460148FFF744B91D
:10863000E008002038B544090DD0012C21D015499F
:108640001548164A4FF46C7305F050FE13484FF46A
:108650006C7105F042FE4FF0FF34C440E507EED5E3
:108660004FF0A04404EB80001B02D0F800570C4CE4
:1086700043EA82022C4042EA41012143C0F800173C
:1086800038BD00F01F0040F2FF34C440E407D6D5E7
:10869000044CE7E7C2490200B01D02008F49020006
:1086A000F0F8FCFF00030050CB7B10B433B9D1E9E4
:1086B00000420368C3F80845C3F80C2503688A68BC
:1086C000C3F8242503793C225343064AD35833B1D7
:1086D00000685DF8044B40F30730EFF759B85DF8D8
:1086E000044B7047D857002013B53B4B0193002330
:1086F000C0F80431D0F80421C0F82431D0F8242186
:10870000C0F81C31D0F81C21C0F80831D0F808217D
:10871000C0F800324B6381F82F300123036291F8D7
:108720002D209A4218BF83604B6B8A6A934204469D
:108730000ED24A6AD35CC0F81C350B6803B340F212
:1087400086238B608B682548C4F8043302B010BDC3
:1087500091F82C3013B10123C361EEE70B6A13F0DB
:10876000400F4FF0010316BFC361436181F82D3004
:10877000E3E7204606F086FE28B1019B013B01930A
:10878000019B002BF5DC91F82F305BB91348019B5E
:10879000002BDBDC0023C4F8003505231048C4F8A7
:1087A0000035D3E7D4F8C434C4F8C4348BB10D4ACF
:1087B0000B4813F0010F18BF104613F0020F02F11F
:1087C000010218BF104613F0040F074B18BF1846DC
:1087D000DDE70348DBE700BFA08601000000AD0B2A
:1087E0000100AD0B0000AE0B0200AE0B13B5334B16
:1087F00001930023C0F80431D0F80421C0F82431DB
:10880000D0F82421C0F81C31D0F81C21C0F8083160
:10881000D0F808214B6381F82F308B6A012B044676
:1088200017D10B6A5B0614D40223C4F8003201236B
:10883000236291F82D20022A18BF23600B688BB1A8
:1088400040F286238B608B681D48C4F8043302B065
:1088500010BD0123E9E7204606F014FE28B1019B74
:10886000013B0193019B002BF5DC91F82F305BB9A4
:108870001348019B002BEADC0023C4F800350523D4
:108880001048C4F80035E2E7D4F8C434C4F8C4345E
:108890008BB10D4A0B4813F0010F18BF104613F0AF
:1088A000020F02F1010218BF104613F0040F074B2C
:1088B00018BF1846DDE70348DBE700BFA0860100CC
:1088C0000000AD0B0100AD0B0000AE0B0200AE0BC3
:1088D0002DE9F84307460C4649B92749274A284855
:1088E000B52305F003FDB521244805F0F6FC90F80A
:1088F0000490244E3C2000FB09F0351895F82E100A
:10890000002936D13250A9606B6085F82D1085F8AA
:10891000311085F83010637B85F8383094F80E807C
:1089200085F83980B8F1000F16D1D4E900039842D8
:1089300007D11549114A1248E82305F0D7FCE82170
:10894000D2E7062303224146FFF774FE6068062340
:1089500003224146FFF76EFE38462146FFF7A4FE8C
:108960003C2303FB09660948012386F82E30BDE845
:10897000F8830748FBE700BF9E4D0200634D0200ED
:10898000B01D0200D8570020A74D02000000AD0B1B
:108990000C00AD0B08B50E4B02793C2101FB0233F4
:1089A00093F82E20012A0BD00A490B480B4A40F2BB
:1089B000311305F09BFC094840F2311105F08DFCA4
:1089C00002680521C2F80015022283F82E2008BD96
:1089D000D8570020C64D0200B01D0200634D0200B2
:1089E00008B5134B02793C2101FB023393F82E208A
:1089F0005AB910491048114A4FF49F7305F076FC9C
:108A00000E484FF49F7105F068FC02680C49C2F8EB
:108A10000813D2F8001221F00301C2F8001200215D
:108A2000C2F80015012283F82E2083F8301008BD0B
:108A3000D8570020F04D0200B01D0200634D020027
:108A400086420400F8B507791E4D3C237B43EA18A3
:108A5000044692F82E205AB91B491C481C4A4FF470
:108A6000887305F043FC1A484FF4887105F035FC13
:108A7000EB5823B1006840F30730EEF797FE20462D
:108A8000FFF7AEFF3C2303FB075393F8392092B95D
:108A900093F838607EB923683246D3F8080501217F
:108AA0003346FFF7C7FD23683246D3F80C05012192
:108AB0003346FFF7BFFD3C2303FB0755002385F832
:108AC0002E30F8BDD8570020F04D0200B01D020036
:108AD000634D02002DE9F047574F05793C2303FB16
:108AE00005730C4693F82E30022B94460BD0534955
:108AF000534A544840F2AE2305F0F8FB40F2AE2151
:108B00004F4805F0EAFBCB685BB94B684BB14E4967
:108B10004B4A4C4840F2AF2305F0E8FB40F2AF214E
:108B2000EEE723695BB9A3684BB14849444A45481D
:108B30004FF42C7305F0DAFB4FF42C71E0E73C2383
:108B40006B43FB58C3B92378022B09D140493C4AF7
:108B50003C4840F2B32305F0C9FB40F2B321CFE714
:108B6000032B09D13B49364A36484FF42D7305F0A3
:108B7000BDFB4FF42D71C3E73C2303FB0573D0F815
:108B8000009093F82D30012B04D12378012B06D1CE
:108B9000314811E0022B02D12378012BF8D13C2679
:108BA0002E4BC9F8083306FB057696F830302BB10A
:108BB000B3682B48C9F80433BDE8F0878CF0040390
:108BC000C3F3800386F83030C6F820C0A046B8E86A
:108BD0000F0006F10C0EAEE80F00D8F80030CEF80A
:108BE00000306368B362E36873626378C9F88835FC
:108BF0002378C5EB051A012B07EB8A0A17D09BB91E
:108C0000CCF3401C3C2303FB05735146484683F8D4
:108C10002CC0FFF769FD3C235D437A197B59002B7B
:108C2000CAD182F83030C7E74FF0010CEAE751466D
:108C30004846FFF7DBFDEEE7D85700201C4E020048
:108C4000634D0200B01D0200454E0200934E02002B
:108C5000E54E0200344F02000500AD0B86420400D1
:108C60000B00AD0BF0B5394C236887B05BB93849C0
:108C70003848394A4FF4367305F038FB36484FF41C
:108C8000367105F02AFB3548214606F0FBFB00282B
:108C900059D194F82F70FFB9227B931E012B1BD85A
:108CA000606AA369984217D1E36963626369A3624A
:108CB000236A2A4884F82D70C3F34013032A84F8EA
:108CC0002C3004D107B0BDE8F040FFF70DBD07B070
:108CD000BDE8F040FFF78ABD214E0FCE01AD0FC5B4
:108CE00033682B6047B31D4AD2F8C434C2F8C43489
:108CF00013F0020106D001238DF80030002384F820
:108D0000303007E013F0040209D002238DF8003060
:108D100084F83010D4E900316846984713E013F026
:108D2000010305D003238DF8003084F83020F1E7EB
:108D300004228DF80020E2E7236A8DF800705B07BB
:108D400084F83070E6D507B0F0BD00BFD8570020DA
:108D5000834F0200B01D0200634D0200003000404E
:108D6000E457002070B504464868460C0D46C00321
:108D70004FF47A7200233146E7F7A6FEB6F57A7F04
:108D800009D312491248134A432305F0AFFA114898
:108D9000432105F0A2FA23682A68C3F80C25C3F81A
:108DA000040522790C4B0C2101FB02335B6863B193
:108DB00024680023C4F8003144F30730D4F80031AC
:108DC000EEF7E6FC0123C4F8043370BDCC4F02007B
:108DD000B01D0200914F020014580020F8B504792C
:108DE000084E0C277C433719C7E90123335D33B99B
:108DF0000123335509B1FFF7B5FF0348F8BD034818
:108E0000FCE700BF145800200000AD0B0C00AD0BB8
:108E100008B549B90C490D480D4AA62305F066FA74
:108E20000B48A62105F059FA03790C225343094A4D
:108E3000D35C2BB1022B05D0FFF794FF064808BD89
:108E40000648FCE70648FAE79E4D0200B01D020006
:108E5000914F0200145800200000AD0B0500AD0B2F
:108E60000B00AD0B08B503790F4A0C214B43D11809
:108E7000497849B90D490E4A0E48D82305F036FA0B
:108E8000D8210B4805F029FAD15C012907D00A49FD
:108E9000074A0848D92305F029FAD921F1E70068E3
:108EA00001600221D15408BD14580020E44F020093
:108EB000914F0200B01D0200C64D020038B5037983
:108EC00049B91A491A4A1B48EE2305F00FFAEE2158
:108ED000174805F002FA0C24174A6343D418D35CF0
:108EE000012B07D01549124A1248EF2305F0FEF96D
:108EF000EF21EDE7EFF31185202282F31288BFF313
:108F00006F8F6278072A0FD80A70511C6170016850
:108F1000D1F80805934003430948C1F8083585F3A3
:108F20001188BFF36F8F38BD0648F8E7FB4F02008A
:108F3000914F0200B01D020014580020C64D0200DF
:108F40000000AD0B0200AD0B08B503790C225343B2
:108F50000B4AD35C022B0BD00A490B480B4A40F258
:108F6000151305F0C3F9094840F2151105F0B5F9DC
:108F70000368074A01F5C07143F8212008BD00BF0E
:108F80001458002008500200B01D0200914F02004A
:108F90003546526E10B40B4BD3F80414D3F80021AD
:108FA0006AB10022C3F80021D3F80031064BD3E99F
:108FB00001424FF4807023465DF8044B18475DF87A
:108FC000044B7047000001401458002008B50368A6
:108FD0005909024614D0012906D103F01F0340F2BB
:108FE000FF31D940C80713D40B490C480C4A4FF441
:108FF0006C7305F07BF90A484FF46C7105F06DF95C
:109000004FF0FF31D940C907EED54FF0A04000E046
:109010000448136008BD00BFC2490200B01D020031
:109020008F49020000030050F7B50C46064606F0D3
:10903000C1FA204606F0BEFA01A80196FFF7C6FF66
:10904000019B2E4F019400EB830040F20D65D0F898
:1090500000373B402B43C0F8003701A8FFF7B6FFAD
:10906000019B00EB8300D0F800373B402B43C0F856
:109070000037042006F035F90925012701A80194DD
:10908000FFF7A4FF019AD0F81035D340DB0715D4C1
:1090900001A80196FFF79AFF019B07FA03F3C0F8B6
:1090A0000C35042006F01DF9304606F083FA013D28
:1090B000042006F016F915F0FF05DFD101A8019490
:1090C000FFF784FF019A01239340C0F80C35042078
:1090D00006F007F9204606F06DFA042006F001F9C3
:1090E00001A80194FFF772FF019AD0F810350448E7
:1090F000D34003F00103C01A03B0F0BDF0F8FCFF49
:109100000100AD0B08B5124BA8220021184606F04D
:1091100050FC032202610F4942610F4A8161C26122
:109120004FF480620262002282624262C262016681
:109130000A49416610218166094902670346C266F1
:10914000426711F8010D98540132102AF9D108BD77
:10915000100400204A5002001000002000000020EF
:10916000635002002DE9F84FDFF87C80182606FBDB
:10917000008E00FB06664644DEF82440DEF828C078
:109180007368A44507468946154603EB040022D8B8
:10919000DEF820B0ABEB040A0AF1FF339A4203D8A1
:1091A00006F0F9FB2C440FE063449A4219D852466A
:1091B0002C4406F0F0FBB4EB0B0405D0706822469B
:1091C00009EB0A0106F0E7FB182303FB07830120E4
:1091D0005C62BDE8F88F0CF1FF3CACEB040C9445ED
:1091E000DED20020F5E700BF10040020034B182258
:1091F00002FB00339A6A586A801A704710040020F4
:1092000003484FF0FF324FF0FF3300F059BB00BF6F
:109210006C0B0020014800F023BC00BF6C0B002049
:1092200008B50A4A0A4B93420ED90A490A4A0B4822
:10923000182305F05BF80A4805F058F8064818218D
:1092400005F04BF81833EEE7FCD308BD0404020028
:10925000140302008750020064500200B01D020097
:10926000042B020010B50446ECF7F0FF0348044A53
:10927000012105F061FA204606F0BFF93C06020024
:109280009F5002002DE9F843044600AF0D46EFF36E
:109290001188202383F31288BFF36F8F0428304A8C
:1092A00098BF304B9668117C94BF53F820302E4BFA
:1092B000E9468AB06A462D48C2E9073140F20133D7
:1092C00093842B4BC2E9050442F8103F2948002340
:1092D0004FF43151EDF722F9CD4645B1EB69C3F3B7
:1092E000080323B1244A2348012105F025FA2EB1B1
:1092F000304606F02AFA08B1037803B91F48E94658
:109300008AB06A461E4BD061C2E9053640F201338D
:1093100013841C4B42F8103F164800234FF41151A0
:10932000EDF7FCF82946CD462046FFF79BFF042CBD
:109330000CD11549154A1648872304F0D7FF154864
:1093400004F0D4FF1148872104F0C7FF88F3118887
:10935000BFF36F8F3046EEF773F9BD46BDE8F88373
:1093600020580020B41C0200AE500200BC50020085
:10937000050000013C060200E4500200883C0200A7
:1093800005510200040000013F5102001D5102007E
:10939000B01D02005C51020038B5094B53F8204063
:1093A000013053F82050A54200D838BD636823B17E
:1093B000204606F02AF90834F5E723689847FAE7CB
:1093C000C81C020070B5394B394C3A4D012286B0A9
:1093D00003201A70FFF7E0FFEDF71CFD06F031F9EE
:1093E0000420FFF7D9FFAC42264628D93249334A38
:1093F0003348452304F07AFF324804F077FF4521D3
:109400002E4804F06AFF54F80C3C059354F8103CC5
:10941000049354F8143C039354F8183C029354F802
:109420001C3C019354F8203C009354E90A2354E96E
:109430000C0101F0F7F854F8303C5E65D3E7AE421A
:1094400004F13004DFD301F03BFF194C1E4EAC4257
:109450001FD91949194A1A48692304F047FF1948C6
:1094600004F044FF6921CBE7D4E90A23B3F1FF3FBD
:1094700008BFB2F1FF3F05D052EA0301206803D1D3
:1094800006F065F93034E2E73146183002F0CCFBE3
:10949000F8E7E9D301F082FFEAF756FF0B4A137BA6
:1094A00023F00103137306B070BD00BF585C0020A9
:1094B0008405020084050200FC510200DB51020019
:1094C000B01D0200042B0200B3F701001822002097
:1094D00008B50348034A0021121A06F0AEF808BD89
:1094E000680C00205C5C002070B5174E174D1849C1
:1094F00086B0F82303FB0066164B059301220F2369
:10950000CDE903320023CDE90133182303FB0055D5
:1095100004464FF4C07000FB04110F4B00954FF44C
:10952000A072304601F07EF8737B0C4AEE6023F0A7
:10953000040373734FF4086304FB033313442C7464
:109540006B6006B070BD00BF2021002020580020B5
:10955000807F0020295202007998010000770020C6
:10956000BFB50020FFF718FF2E4B83F308882E4D60
:109570002E4E6B692E4F43F400736B610024E02381
:1095800085F82230EC772C766C76AC7685F8204026
:109590006B6A43F4E0236B6285F82340EDF7B6FF76
:1095A000EEF768FA4FF0FF33AB62EB62214DEEF756
:1095B00077FBEEF783FAECF79BFD40F201132846A8
:1095C000AB81C5E9264402F049FFB560FFF728FEEC
:1095D0000120FFF7E1FE0220174DFFF7DDFE01F04D
:1095E00059FF164BB5610593012315490094CDE948
:1095F00003434FF444623B46CDE90144284601F061
:1096000011F86A7B064622F0040228466A7301F0CC
:10961000B5FA2046FFF768FF3A4631462846EEF78E
:10962000FFF900BF807F002000ED00E020580020FF
:10963000C593010028240020182200202E52020089
:109640000081002038B50D4C0D4DAC4213D90D49A9
:109650000D4A0E48192304F049FE0D4804F046FE59
:109660000948192104F039FED4E90112204605F019
:10967000E9FF1834E9E7F7D3002038BD180B0020C4
:10968000300B00205852020036520200B01D02007A
:10969000042B02002DE9F04F89B09046DDE912233A
:1096A000064606A899460591174606F0AAF8DDE990
:1096B0000634CDE9023406F11404EFF311852023BA
:1096C00083F31288BFF36F8F204602F021FA60B94E
:1096D000364A37493748882304F008FE2146364881
:1096E00004F004FE8821314833E0204602F034FAC9
:1096F000EFF30583FBB906F10C0A4FF0200B059937
:1097000042463046EAF72EFF034620B32046029336
:1097100002F00CFA029B00283FD1244A2749254831
:1097200040F2311304F0E2FD2146254804F0DEFD4D
:1097300040F23111D7E757EA0903DCD02149224A28
:109740001C484B2304F0D2FD204804F0CFFD1E48F6
:109750004B2104F0C2FD57EA0907D7D0DDE9022307
:1097600006A806F072F8DDE906232946CDE90023B4
:10977000174620465246994601F03EFBEFF311850D
:109780008BF31288BFF36F8F204602F0C1F90028D7
:109790009ED0204602F0E0F9B1E785F31188BFF3CF
:1097A0006F8F184609B0BDE8F08F00BF792802001E
:1097B000A6280200B01D0200BB280200D12802002A
:1097C000E828020071520200365202003F390200BE
:1097D000F8B505460E4600F11404EFF31187202377
:1097E00083F31288BFF36F8F204602F091F968B9B6
:1097F0001B4A1C491C48882304F078FD21461B485D
:1098000004F074FD8821164804F067FD204602F03C
:10981000A3F928463146EAF747FE05F10C0005F0AA
:10982000D6FF28B139462046BDE8F84001F09CBC7F
:10983000204602F07BF968B9094A0D490A4840F20E
:10984000311304F053FD21460A4804F04FFD40F265
:109850003111D8E787F31188BFF36F8FF8BD00BFD0
:1098600079280200A6280200B01D0200BB280200D1
:10987000D1280200E828020008B50D4B9B6893F937
:109880000E30002B09DB2024EFF3118384F31288C0
:10989000BFF36F8F05F044F8F6E706490648074A1C
:1098A0001B2304F023FD05481B2104F016FD00BF17
:1098B00020580020D8520200B01D0200B75202000A
:1098C0002DE9F341044617461E46EFF3058565B1C1
:1098D0005849594A59486F2304F008FD584804F084
:1098E00005FD55486F2104F0F8FCEFF311882023A3
:1098F00083F31288BFF36F8F524802F009F960B901
:10990000514A52494D48882304F0F0FC4D495048D3
:1099100004F0ECFC88214C48E5E74A4802F01CF9C9
:10992000E3684C4A9BB1A0689168884229D057EA05
:1099300006032ED1434802F0F9F8A0B188F311884C
:10994000BFF36F8F6FF00F0002B0BDE8F081916838
:1099500091F90E103B4821610133E3609368A360E5
:1099600002F0E4F878B9384A3B49344840F2311300
:1099700004F0BCFC3349394804F0B8FC40F2311122
:10998000C9E72169E6E788F31188BFF36F8F0020EC
:10999000DAE791F90E1090F90E309942A8BF1946F6
:1099A0006FF07E029142B8BF11468B4202DD05F096
:1099B00052FE0546CDE9007622482246414601F096
:1099C0001BFA0028E3D0EFF31186202383F31288DB
:1099D000BFF36F8F1B4802F09BF8002890D0194806
:1099E00002F0BAF8A068C0B1236821699C420AD08D
:1099F0004BB193F90E309942A8BF19466FF07E0320
:109A00009942B8BF194605F026FE30B10D483146DF
:109A100001F0AAFB6FF00A0096E7002DF6D1094885
:109A200002F084F800289ED086F31188BFF36F8F70
:109A3000F0E700BF2253020000530200B01D0200F5
:109A4000345302004858002079280200A62802005A
:109A5000BB28020020580020D1280200E82802007C
:109A600070B50446EFF3058666B13949394A3A487C
:109A7000D72304F03BFC394804F038FCD7213548A3
:109A800004F02BFC8368002B5BD0354A926893422C
:109A90005AD1C3683BB933492E4A2F48EF2304F00B
:109AA00025FCEF21EBE7012B03D0013BC360002035
:109AB00070BDEFF31185202383F31288BFF36F8FFE
:109AC000294802F025F860B9284A29492248882304
:109AD00004F00CFC2449274804F008FC88212348A2
:109AE000CEE7214802F038F82169A06805F0B3FDFF
:109AF000204601F055FAA06058B190F90E2022617D
:109B0000C0F8AC6001F03AF81748294601F02CFB88
:109B1000CDE7E060144802F009F868B9134A164925
:109B20000D4840F2311304F0E1FB0F49134804F0F3
:109B3000DDFB40F23111D2E785F31188BFF36F8F5F
:109B4000B5E76FF01500B3E74FF0FF30B0E700BFA7
:109B50002253020000530200B01D020034530200E1
:109B6000205800205953020048580020792802004C
:109B7000A6280200BB280200D1280200E828020023
:109B80002DE9F04704469DF820A00E4690469946E0
:109B900000F10805EFF31187202383F31288BFF348
:109BA0006F8F284601F0B4FF68B93D4A3D493E48F1
:109BB000882304F09BFB29463C4804F097FB88214E
:109BC000374804F08AFB284601F0C6FFBAF1000FBF
:109BD00000D0666804F10C0001F0E2F960B10023E6
:109BE000C0F8AC30C0F8148000F0C8FF28463946F1
:109BF00001F0BAFA00201EE0B9F1000F2DD00821C3
:109C000002F032FCC8B9284601F090FF68B9244A36
:109C10002749254840F2311304F068FB29462548BE
:109C200004F064FB40F23111CAE787F31188BFF3F7
:109C30006F8F6FF00B00BDE8F0870122C0F8048041
:109C40000260016801F003015EB922680A43026004
:109C5000626820606AB960600BE0C8F80090404616
:109C6000EFE73268032A10D80160616839B9C4E9A6
:109C70000000042104F1140002F00EFBB6E70A68AC
:109C800002F0030202430A60E5E722F003020A43FE
:109C90000260326802F0030240EA02033360E8E740
:109CA00079280200A6280200B01D0200BB2802008D
:109CB000D1280200E828020070B5044600F108052A
:109CC000EFF31186202383F31288BFF36F8F2846AA
:109CD00001F01EFF68B9134A13491448882304F0A1
:109CE00005FB1348294604F001FB0E48882104F0C7
:109CF000F4FA284601F030FF04F10C0001F050F9AD
:109D000028B10022C0F8AC20426100F037FF04F116
:109D10001400082102F0C0FA31462846BDE8704020
:109D200001F022BA79280200A6280200B01D020024
:109D3000BB2802002DE9F743064690461F4600F176
:109D40000805EFF31189202383F31288BFF36F8F87
:109D5000284601F0DDFE68B9244A254925488823B4
:109D600004F0C4FA2946244804F0C0FA88211F48A8
:109D700004F0B3FA284601F0EFFE3468F4B123682A
:109D8000726823F0030394422046336008BF736077
:109D9000012105F06FFC0446284601F0C7FEE8B932
:109DA000124A1649134840F2311304F09FFA29462B
:109DB000134804F09BFA40F23111D8E758EA070340
:109DC000EAD0CDE9008706F10C024946284601F0A9
:109DD00013F838B90B4B9B685C6903E089F3118871
:109DE000BFF36F8F204603B0BDE8F08379280200EF
:109DF000A6280200B01D0200BB280200D1280200E4
:109E0000E82802002058002038B50446EFF31185F9
:109E1000202383F31288BFF36F8F184801F078FE78
:109E200068B9174A17491848882304F05FFA13499C
:109E3000164804F05BFA1248882104F04EFA0F48E5
:109E400001F08AFE204601F0ABF850B10022C0F8C4
:109E5000AC2000F093FE29460848BDE8384001F0E8
:109E600083B9D4E902329A4218BF0133A3600221B8
:109E700004F1100002F010FAEDE700BF4C5800208A
:109E800079280200A6280200B01D0200BB280200AB
:109E9000F7B5044616461D46EFF305837BB152EA3B
:109EA00005030CD02D492E4A2E48882304F01EFAB3
:109EB0002D4804F01BFA2A48882104F00EFAEFF32B
:109EC0001187202383F31288BFF36F8F274801F097
:109ED0001FFE60B9264A27492248882304F006FA63
:109EE0002249254804F002FA88212148E5E71F4865
:109EF00001F032FEA368D3B1013B1C48A36001F01E
:109F000015FE68B91A4A1D49164840F2311304F08B
:109F1000EDF916491A4804F0E9F940F23111E4E785
:109F200087F31188BFF36F8F002003B0F0BD56EAAE
:109F300005030BD10D4801F0F9FD0028E2D087F3AD
:109F40001188BFF36F8F6FF00F00EEE7CDE900656A
:109F500022463946054800F04FFFE6E790530200DD
:109F600070530200B01D02003F3902004C5800201F
:109F700079280200A6280200BB280200D12802008E
:109F8000E82802001FB5094A92E8030002AB83E803
:109F900003004FF404620093054906484FF0FF3375
:109FA00000F046FA002005B05DF804FBE40602006C
:109FB000808D0020102300202DE9F0436D4E6E4F60
:109FC00085B00546EFF31188202383F31288BFF391
:109FD0006F8F304601F09CFD68B9684A684969484E
:109FE000882304F083F96349674804F07FF98821E6
:109FF000624804F072F9304601F0AEFDD5F8F84041
:10A00000ACB9022105F5887005F076FB002837D140
:10A01000002302934FF0FF324FF0FF33CDE90023CE
:10A02000414605F58072304601F088FCCAE7D5F854
:10A03000FC202368C5F8F830944208BFC5F8FC300E
:10A04000D5F8103143F00203C5F81031E368D4F8B5
:10A05000049023F0040343F00103E360304601F071
:10A0600065FDB8B9454A4949464840F2311304F004
:10A070003DF94049464804F039F940F23111B7E75B
:10A0800005F5847400220121204601F0F9FB002827
:10A09000F8D1BDE788F31188BFF36F8FB9F1000FD6
:10A0A0000AD13C4937483C4A40F2AF2304F01EF93C
:10A0B000394840F2AF219CE72046C847EFF31188AA
:10A0C000202383F31288BFF36F8F304601F020FD09
:10A0D000002882D0304601F03FFDE368D90623F026
:10A0E000010231D4E260E3689A0716D5386823F09C
:10A0F0000203E36088B10368002170B142689442B2
:10A1000030D1036841BB7A683B60824200D17B60FA
:10A11000002340F8083BFFF777FED5F8103123F015
:10A120000203C5F810313046C3F3002401F0FEFCF1
:10A13000002897D088F31188BFF36F8F002C7FF42D
:10A1400041AF01F0AFF93DE723F01103E36004F103
:10A150001000FFF759FEC6E70B607B68834208BF1B
:10A160007960D5E723B11A68014618461346C4E75B
:10A170001A46F9E758580020505800207928020064
:10A18000A6280200B01D0200BB280200D128020050
:10A19000E828020029540200E7530200F8B5C3681A
:10A1A0009A0704460F46C3F3400639D45B0725D40B
:10A1B0000B680BB983680B60E368DD0721D5A368E2
:10A1C0005BB928492848294A4FF4AF7304F08EF848
:10A1D00026484FF4AF7104F080F83B6002263D68DA
:10A1E000002D3CD0224B9B68AB420CD0D5F81031EF
:10A1F000D807C3F3800216D46FF0120600233B6029
:10A2000027E00126EBE705F09AFAD5F8103100288F
:10A21000EED1D907C3F3C002EED552B15B0708D423
:10A220006FF00F06EAE7002AFAD1C3F3C003002B50
:10A23000F6D100232360D5F8FC3063B9C5E93E446C
:10A24000284605F064FAE36843F00403E3603B68E2
:10A25000A3603046F8BD1C60C5F8FC40F0E76FF025
:10A260001506CBE708540200B01D0200E7530200B8
:10A270002058002073B50446EFF31185202383F3A3
:10A280001288BFF36F8F1E4801F042FC68B91D4A67
:10A290001D491E48882304F029F819491C4804F078
:10A2A00025F88821174804F018F8154801F054FCE7
:10A2B00000230321201F0193A4F1100605F01CFACE
:10A2C00028B1A369019301A93046FFF767FF0C4845
:10A2D00001F02CFC68B90B4A0E490C4840F23113CE
:10A2E00004F004F806490C4804F000F840F231117B
:10A2F000D8E785F31188BFF36F8F02B070BD00BF40
:10A300005858002079280200A6280200B01D02003B
:10A31000BB280200D1280200E828020037B50C460D
:10A32000019059B92849294A29484FF4C27303F0CA
:10A33000DDFF4FF4C271254803F0CFFF4B684BB9E6
:10A340002449224A224840F2851303F0CFFF40F20D
:10A350008511F0E7EFF31185202383F31288BFF313
:10A360006F8F1D4801F0D4FB60B91C4A1C49184886
:10A37000882303F0BBFF18491A4803F0B7FF882170
:10A380001648D9E7144801F0E7FB204601A9FFF77A
:10A3900005FF0446104801F0C9FB68B90F4A12498D
:10A3A0000B4840F2311303F0A1FF0B490F4803F0B3
:10A3B0009DFF40F23111E3E785F31188BFF36F8F02
:10A3C000204603B030BD00BF81540200E7530200B5
:10A3D000B01D0200235402005858002079280200C2
:10A3E000A6280200BB280200D1280200E8280200AB
:10A3F0000146014805F093B91023002008B558B96B
:10A4000008490948094A4FF4347303F06FFF0748BD
:10A410004FF4347103F061FF4FF48C72002105F0AA
:10A42000C8FA08BD0E540200B01D0200E753020036
:10A43000F0B589B004460E9D58B92E492E4A2F48D2
:10A4400040F2DF2303F052FF40F2DF212A4803F0FD
:10A4500044FF49B92A49284A28484FF4387303F081
:10A4600045FF4FF43871F1E7D0F8100110F001000A
:10A4700009D02449204A214840F2E12303F036FF65
:10A4800040F2E121E2E7C4E93E0004F58070C4E94E
:10A49000400004F58470C4E942004DB328790028D7
:10A4A00040F2011008BF0120C4F8100100204FF055
:10A4B000FF364FF0FF37CDE90330CDE90100CDE99C
:10A4C0000667114B0094204600F022F955B1296827
:10A4D00011B1204600F096F86B791BB1237B43F055
:10A4E00001032373204609B0BDE8F04005F02FB901
:10A4F0000120D9E740540200E7530200B01D0200DA
:10A50000465402004C540200B99F0100F7B51646AC
:10A5100001901D460C4659B92D492E482E4A40F24D
:10A52000D53303F0E3FE2C4840F2D53103F0D5FEDD
:10A53000EFF31187202383F31288BFF36F8F27482F
:10A5400001F0E6FA60B9264A26492248882303F03A
:10A55000CDFE2249244803F0C9FE88212048E5E7C2
:10A560001E4801F0F9FAE36813F01E0F27D155EAEF
:10A57000060216D1204601A9FFF710FE044617482F
:10A5800001F0D4FAE8B9164A1849124840F23113DA
:10A5900003F0ACFE1149164803F0A8FE40F2311159
:10A5A000DCE743F00803E360019BA36204F11000C1
:10A5B000104932462B4601F037FB0124DFE7002427
:10A5C000DDE787F31188BFF36F8F204603B0F0BD3E
:10A5D00080540200B01D0200E753020058580020CA
:10A5E00079280200A6280200BB280200D128020018
:10A5F000E828020075A2010001460148FFF786BF66
:10A600001023002010B5044608B9054B9C681F2292
:10A6100004F1710005F00DFB002084F8900010BDDE
:10A6200020580020F0B585B004460D9D0F9E0F2DDB
:10A6300048D13148834249D1073222F00702BF3264
:10A640000E9F277304F1580022F07F02C4E9160020
:10A65000042700203F2AC4E90600A0606773A573A1
:10A66000E07301F1400EA2F1400C05D880F311888F
:10A67000BFF36F8F384602DF8D1800270C9AC4F89D
:10A68000A070C4E926EC02920B9A01920A9A0092F9
:10A6900020462A46EDF70EF9676584F8707046B3D8
:10A6A0001F22314604F1710005F0C3FA84F890705E
:10A6B000124B9B680BB1D3F8A430C4F8A4302846E1
:10A6C00005B0F0BD05F110001E28B5D90C4A0D49A2
:10A6D0000D4840F2112303F009FE0C4829466FF0A3
:10A6E0000F030E2203F002FE054840F2112103F091
:10A6F000F4FD84F87160DBE77998010020580020B0
:10A7000095540200B8540200B01D020038550200F2
:10A71000F0B587B0DDE912760446EFF3058575B133
:10A7200019491A4A1A4840F29E2303F0DFFD1948DE
:10A7300003F0DCFD154840F29E2103F0CEFD0595A7
:10A74000109D04950F9D03950E9D02950D9D0195FD
:10A750000C9D0095FFF766FFB6F1FF3F08BFB7F10C
:10A76000FF3F05D056EA070305D1204600F042FD21
:10A77000204607B0F0BD08493A46334604F11800B8
:10A7800001F052FAF4E700BF225302009554020090
:10A79000B01D020069550200B3F7010038B5144D31
:10A7A0002B4653F81C4F9C4200D004B9EC68AB68B0
:10A7B000A8B963B90F49104A1048C82303F096FDA1
:10A7C0000F4803F093FD0C48C82103F086FD5A7B27
:10A7D000D20604D1A26912B9DA897F2A05D89C422F
:10A7E00002D0204601F008F92346AB6138BD00BF16
:10A7F00020580020BA5502008E550200B01D0200FC
:10A800003F39020008B590F90D20437B002A01462C
:10A8100011DA03F07F0343730B4B984209D10B49C4
:10A820000B480C4A802303F061FD0A48802103F0A5
:10A8300054FD04F08EFF084B9868431A5842584163
:10A84000BDE80840FFF7AABF202100200356020000
:10A85000B01D0200E15502002058002008B58368B1
:10A860005BB90A490A480B4A40F2362303F03EFD21
:10A87000084840F2362103F030FD04F06AFF437BC4
:10A8800023F0020343730023836008BD24560200B3
:10A89000B01D0200E155020070B590F90D30427B09
:10A8A000002B38DBD30636D18369002B33D162F01D
:10A8B0007F024273184A904209D118491848194A30
:10A8C000792303F013FD1748792103F006FD16499B
:10A8D0000A4652F81C4F944218BF23460C6A23B90B
:10A8E000C0E90024206008620CE090F90E5093F952
:10A8F0000E60B5420BD0AE4209DD5A68C0E90032A5
:10A9000010605860BDE870400020FFF747BFA342C9
:10A91000E6D01B68E3E770BD20210020035602004B
:10A92000B01D0200E1550200205800202DE9F84337
:10A93000171E427B0E4614BF082110211142044607
:10A940000FD141EA0203D20928D14373082937D035
:10A950000120FFF723FFBFF35F8F637B23F06003CA
:10A9600063734E4B9B68A3427FD1EFF30583002BAB
:10A970007BD14B4801F0DAF8002865D1494A4A49B1
:10A980004A4840F26B1303F0B1FC4549484803F0D4
:10A99000ADFC40F26B11434803F09FFC03F07F03D2
:10A9A0004373444B984208D14349444A3F4880236B
:10A9B00003F09CFC80214148EEE704F0CAFEC5E7A5
:10A9C000A36813B12046FFF749FF04F1180001F016
:10A9D000F1F9A56D04F15808A84511D04FF0000910
:10A9E00075B12846FFF73AFF05F1180001F0E2F9CA
:10A9F000C5F8AC902846FFF74FFFA56DA845EFD1ED
:10AA0000DFF89880D8F808309C4206D00120FFF784
:10AA1000C5FE2046ECF7E0FF9DE7EFF30583002B32
:10AA2000F4D00120264DFFF7B9FE2046ECF7D4FF05
:10AA300040F20113AB8128460023C5E9263301F01B
:10AA40000DFDC8F8085086E73046ECF70FFE17B347
:10AA50001C491A4A154840F2ED1303F047FC1A4806
:10AA600003F044FC40F2ED11A5E70D4801F05EF85B
:10AA700068B90C4A0C490D4840F2311303F036FC1A
:10AA800007490B4803F032FC40F2311183E786F3AB
:10AA90001188BFF36F8FBDE8F88300BF20580020F6
:10AAA0005C58002079280200D1280200B01D020065
:10AAB000E82802002021002003560200E155020090
:10AAC000282400203B5602004656020070B590F93B
:10AAD0000D20437B244C002A014610DA03F07F034B
:10AAE000A042437309D12149214A2248802303F01F
:10AAF000FDFB80211E4803F0F0FB04F02AFE4B7B97
:10AB0000A14263F07F034B7307D11849184A1948D3
:10AB1000792303F0EBFB7921ECE7174A1046146A1E
:10AB200050F81C3F834208BF002323B9C1E9000449
:10AB3000216011620CE091F90E5093F90E60B5425C
:10AB40000ED0AE420CDD5868C1E90030016059609A
:10AB50009068431A5842BDE870405841FFF71EBE46
:10AB60009C42E3D01B68E0E720210020035602004E
:10AB7000E1550200B01D02002058002038B50446FF
:10AB8000EFF31185202383F31288BFF36F8F1748EB
:10AB900000F0BEFF68B9164A16491748882303F02B
:10ABA000A5FB1249154803F0A1FB8821104803F0CA
:10ABB00094FB0E4800F0D0FF2046FFF76DFE0B48D7
:10ABC00000F0B4FF68B90A4A0D490B4840F231134E
:10ABD00003F08CFB05490B4803F088FB40F2311170
:10ABE000E4E785F31188BFF36F8F38BD5C58002010
:10ABF00079280200A6280200B01D0200BB2802002E
:10AC0000D1280200E828020038B50446183001F0C7
:10AC1000D1F8EFF31185202383F31288BFF36F8FF0
:10AC20001A4800F075FF68B9194A1A491A4888236A
:10AC300003F05CFB1549194803F058FB88211448C0
:10AC400003F04BFB114800F087FF627B12F010020B
:10AC500016D00E4800F06AFF68B90D4A10490E4838
:10AC600040F2311303F042FB08490E4803F03EFB6B
:10AC700040F23111E3E785F31188BFF36F8F38BDE0
:10AC800029462046BDE83840FFF750BE5C580020FA
:10AC900079280200A6280200B01D0200BB2802008D
:10ACA000D1280200E828020038B50446EFF31185E8
:10ACB000202383F31288BFF36F8F184800F028FF1A
:10ACC00068B9174A17491848882303F00FFB13493E
:10ACD000164803F00BFB8821114803F0FEFA0F48D9
:10ACE00000F03AFFA36813B12046FFF7B7FD0B4809
:10ACF00000F01CFF68B90A4A0D490B4840F23113B5
:10AD000003F0F4FA05490B4803F0F0FA40F2311170
:10AD1000E2E785F31188BFF36F8F38BD5C580020E0
:10AD200079280200A6280200B01D0200BB280200FC
:10AD3000D1280200E828020070B504460D46EFF362
:10AD40001186202383F31288BFF36F8F234800F00E
:10AD5000DFFE68B9224A23492348882303F0C6FA54
:10AD60001E49224803F0C2FA88211D4803F0B5FAB3
:10AD70001A4800F0F1FE94F87010627B002384F80A
:10AD8000703091B18DB1154800F0D0FE08BB144A67
:10AD90001749154840F2311303F0A8FA0F49154836
:10ADA00003F0A4FA40F23111DFE712F0280FEAD1E4
:10ADB000A36813B12046FFF751FD637B35B903F05B
:10ADC000FB0363732046FFF767FDDCE703F0EB034B
:10ADD000F7E786F31188BFF36F8F70BD5C580020D2
:10ADE00079280200A6280200B01D0200BB2802003C
:10ADF000D1280200E82802002DE9F047DFF800A181
:10AE0000344D354B1746A842DAF808201A60DDE9C0
:10AE1000089804460E460BD130493148314A40F279
:10AE2000AB2303F063FA2F4840F2AB2103F055FA4D
:10AE3000EFF31183202383F31288BFF36F8F28462B
:10AE400000F066FE60B9284A28492548882303F0A7
:10AE50004DFA2946264803F049FA88212248E5E7B9
:10AE6000284600F079FEDAF808503946284604F002
:10AE700078FCB8F1FF3F08BFB9F1FF3F06D01D498C
:10AE80004A46434605F1180000F0CEFE204600F089
:10AE90004DFE68B91849144A114840F26B1303F08B
:10AEA00025FA2146154803F021FA40F26B11D5E747
:10AEB000084800F03BFE40B90F490B4A084840F2F1
:10AEC0006B1303F013FA0349ECE73046BDE8F04793
:10AED000ECF7CCBB5C58002060580020685602009C
:10AEE000B01D0200E155020079280200A6280200E8
:10AEF000BB280200B3F70100D1280200E8280200B5
:10AF00002058002070B50546EFF31186202383F307
:10AF10001288BFF36F8F1B4800F0FAFD68B91A4A18
:10AF20001A491B48882303F0E1F91649194803F030
:10AF3000DDF98821144803F0D0F9124800F00CFE26
:10AF40002C68A54215D014B12046FFF787FC0D48A8
:10AF500000F0ECFD78B90C4A0F490D4840F231136E
:10AF600003F0C4F907490D4803F0C0F940F231116C
:10AF7000E0E70024EBE786F31188BFF36F8F2046EC
:10AF800070BD00BF5C58002079280200A62802008E
:10AF9000B01D0200BB280200D1280200E8280200F0
:10AFA00070B50546EFF31186202383F31288BFF3B3
:10AFB0006F8F1D4800F0ACFD68B91C4A1C491D4844
:10AFC000882303F093F918491B4803F08FF988216F
:10AFD000164803F082F9144800F0BEFD2C68A54223
:10AFE00019D034B12046FFF739FC04F1180000F005
:10AFF000E1FE0D4800F09AFD78B90C4A0F490D4862
:10B0000040F2311303F072F907490D4803F06EF96D
:10B0100040F23111DCE70024EBE786F31188BFF33F
:10B020006F8F204670BD00BF5C5800207928020059
:10B03000A6280200B01D0200BB280200D128020091
:10B04000E82802002DE9F04104460E46EFF311888E
:10B05000202383F31288BFF36F8F384800F058FD28
:10B06000074660B9364A37493748882303F03EF926
:10B070003249364803F03AF98821314815E02F4823
:10B0800000F06AFD637BDA0611D1A5697DB903F092
:10B090007F0363732E4B9C421ED12E492A482E4AB1
:10B0A000802303F023F92C48802103F016F9A673BE
:10B0B0000027224800F03AFD002837D1204A2749CE
:10B0C000214840F2311303F011F91C49244803F0E0
:10B0D0000DF940F23111D0E7204604F03AFB637BD2
:10B0E000204A63F07F03637371B21346A17353F870
:10B0F0001C0F984218BF0546106A25B9C4E90030F4
:10B10000046014620AE095F90E60B1420AD08E42E2
:10B1100008DD6B68C4E900531C606C600120FFF718
:10B120003DFBC6E7A842E9D02D68E6E788F3118821
:10B13000BFF36F8F3846BDE8F08100BF5C58002038
:10B1400079280200A6280200B01D0200BB280200D8
:10B150002021002003560200E1550200D128020000
:10B16000E82802002058002070B504460D46F9B9C1
:10B17000EFF30586E6B91A4B9A699B689A4217D095
:10B1800000F0D4FC78B9174A1749184840F26B13FD
:10B1900003F0ACF82146164803F0A8F840F26B1112
:10B1A000104803F09AF83046BDE87040ECF75EBAFC
:10B1B000204600F0BBFC68B90A4A0B490B4840F234
:10B1C000311303F093F82146094803F08FF840F259
:10B1D0003111E5E785F31188BFF36F8F70BD00BFB4
:10B1E0002058002079280200D1280200B01D02005A
:10B1F000E828020038B50446EFF31185202383F3D5
:10B200001288BFF36F8F1D4800F082FC68B91C4A9A
:10B210001C491D48882303F069F818491B4803F0AE
:10B2200065F88821164803F058F8144800F094FC9B
:10B23000637B5A0716D4114800F078FC68B9104AAD
:10B240001349114840F2311303F050F80B491148EB
:10B2500003F04CF840F23111E4E785F31188BFF3B5
:10B260006F8F38BD23F0040320466373FFF714FB90
:10B2700029460248BDE83840FFF776BF5C580020F9
:10B2800079280200A6280200B01D0200BB28020097
:10B29000D1280200E8280200034648B9EFF30582EE
:10B2A00032B9064A91699268914201D0ECF7DEB951
:10B2B00083F31188BFF36F8F704700BF20580020C1
:10B2C00010B5EFF31184202383F31288BFF36F8F3F
:10B2D000264800F01DFC60B9254A264926488823E7
:10B2E00003F004F82149254803F000F8882120489C
:10B2F00010E01E4800F030FCEFF3058363B12049F5
:10B30000204A1D488A2302F0F1FF1F4802F0EEFF99
:10B310008A211C4802F0E1FF1C4B9A68D37B012B69
:10B320000AD11B49174A14488B2302F0DFFF164845
:10B3300002F0DCFF8B21ECE7013BD3730B4800F0FC
:10B34000F5FB68B90A4A13490B4840F2311302F081
:10B35000CDFF0649104802F0C9FF40F23111C6E79F
:10B3600084F31188BFF36F8F10BD00BF5C580020BD
:10B3700079280200A6280200B01D0200BB280200A6
:10B3800022530200A15602003F390200205800203B
:10B39000CC560200D1280200E828020038B5EFF3AD
:10B3A0001185202484F31288BFF36F8F2D4800F09D
:10B3B000AFFB60B92C4A2D492D48882302F096FF37
:10B3C00028492C4802F092FF8821274813E025489D
:10B3D00000F0C2FB284B9A68D37B73B92749284AEF
:10B3E00023484FF4537302F081FF264802F07EFF9A
:10B3F0004FF45371224802F070FFEFF3058060B103
:10B4000021491F4A1A4840F24D3302F06FFF1D4890
:10B4100002F06CFF40F24D31ECE70133D373FFF7DC
:10B42000BDF9104800F082FB68B90F4A174910486F
:10B4300040F2311302F05AFF0A49154802F056FF54
:10B4400040F23111C1E785F31188BFF36F8FEFF33D
:10B45000118084F31288BFF36F8FBDE83840FFF787
:10B460001BBF00BF5C58002079280200A6280200FC
:10B47000B01D0200BB28020020580020FD5602002B
:10B48000E15502003F39020022530200D128020098
:10B49000E8280200024B03F11C02C3E907227047AF
:10B4A00020580020F8B5EFF305836BB14149424ABB
:10B4B000424840F25C4302F019FF414802F016FF97
:10B4C00040F25C413C4816E0EFF31185202383F302
:10B4D0001288BFF36F8F3B4800F01AFB68B93A4AF5
:10B4E0003A493648882302F001FF3649384802F0CD
:10B4F000FDFE8821344802F0F0FE3248354C00F061
:10B500002BFB35498868437BA04203F07F034373DC
:10B5100007D13249284A2948802302F0E7FE8021DA
:10B52000D0E704F016F98B685A7BA34262F07F02E1
:10B530005A7307D12949204A2048792302F0D6FEC0
:10B540007921BFE708460C6A50F81C2F824208BFD9
:10B55000002222B9C3E9000423600B620CE093F9D6
:10B560000E6092F90E70BE421BD0B74219DD5168D1
:10B57000C3E900210B6053600120FFF70FF9114868
:10B5800000F0D4FA88B9104A15490C4840F26B1300
:10B5900002F0ACFE0B49134802F0A8FE40F26B111A
:10B5A000A8E7A242D6D01268D3E72846BDE8F84003
:10B5B000ECF75CB822530200E1550200B01D020016
:10B5C0003F3902005C58002079280200A6280200BA
:10B5D000BB28020020210020205800200356020032
:10B5E000D1280200E82802002DE9F04105460E4668
:10B5F000EFF305836BB13F493F4A404840F2774340
:10B6000002F074FE3E4802F071FE40F277413A4883
:10B6100024E050EA010303D1FFF744FF002067E074
:10B62000821C71F1FF331BDB04F0E5F82C18EFF3FB
:10B630001188202383F31288BFF36F8F314800F005
:10B6400067FA88B9304A31492C48882302F04EFE07
:10B650002C492F4802F04AFE88212B4802F03DFE7B
:10B660006FF00104241AE2E72A4F264800F074FA2A
:10B67000294BB8681860FFF7C5F8B86827492A460B
:10B680003346183000F0D0FABA681E48537B43F0B6
:10B690001003537300F04AFA68B91B4A204917484F
:10B6A00040F26B1302F022FE16491E4802F01EFE05
:10B6B00040F26B11D1E74046EBF7D8FFBB685B7BEC
:10B6C000DB060CD518490C4A0C4840F2934302F0B3
:10B6D0000DFE0B4802F00AFE40F2934197E704F09A
:10B6E0008AF8201A63EB0303012873F1000395DB4A
:10B6F000BDE8F08122530200E1550200B01D0200B6
:10B700003F3902005C58002079280200A628020078
:10B71000BB2802002058002060580020B3F7010029
:10B72000D1280200E82802002E57020010B5EFF3DE
:10B73000058474B11349144A144840F2A14302F03D
:10B74000D5FD134802F0D2FD0F4840F2A14102F0AE
:10B75000C4FDB1F1FF3F08BFB0F1FF3F06D10D4B73
:10B760009868FFF751FA4FF0FF3010BDFFF73CFF2C
:10B770004FF47A7247F6FF73C0FB0234D80B40EAED
:10B780004440F2E722530200E1550200B01D0200DE
:10B790003F39020020580020014B9868704700BFD5
:10B7A0002058002038B50446EFF31185202383F399
:10B7B0001288BFF36F8F284800F0AAF968B9274AAA
:10B7C00027492848882302F091FD2349264802F0A2
:10B7D0008DFD8821214802F080FD1F4800F0BCF952
:10B7E000237BDA0724D51C4800F0A0F968B91B4A6E
:10B7F0001E491C4840F2311302F078FD16491C48DE
:10B8000002F074FD40F23111E4E785F31188BFF3D3
:10B810006F8F184A1849134840F2965302F066FD9C
:10B820001648214602F062FD124840F29651D2E7D6
:10B83000637B1B0709D5084800F078F90028D6D0AB
:10B8400085F31188BFF36F8F38BD2946204601224A
:10B85000BDE83840FFF76AB85C580020792802003C
:10B86000A6280200B01D0200BB280200D128020059
:10B87000E8280200E1550200F94F02006E5702006D
:10B880002DE9F843064688461746EFF31189202331
:10B8900083F31288BFF36F8F214800F039F9054612
:10B8A00068B9204A20492148882302F01FFD1C491D
:10B8B0001F4802F01BFD88211A4802F00EFD1848AF
:10B8C00000F04AF93468A6421FD004B32046C4F8F9
:10B8D000AC806761FEF7C2FF04F1180000F06AFA5D
:10B8E0002046FEF7D9FF0E4800F020F988B90D4A2E
:10B8F00010490E4840F2311302F0F8FC08490E4896
:10B9000002F0F4FC40F23111D6E70025EBE72546C2
:10B91000E9E789F31188BFF36F8F2846BDE8F88304
:10B920005C58002079280200A6280200B01D020001
:10B93000BB280200D1280200E8280200D3B5DDE9C7
:10B940000667089CCDE90067FFF756FA1CB1034B68
:10B950009B685B69236002B0D0BD00BF2058002007
:10B9600008B568B10F4B98420AD303F11802904210
:10B9700006D2C01A1822B0FBF2F302FB13034BB13C
:10B9800009490A480A4A382302F0B0FC084838211D
:10B9900002F0A3FC074BC0105843074B01221A5476
:10B9A00008BD00BF20250020B5570200B01D0200D1
:10B9B0008D570200ABAAAAAA595C0020C3897F2B2D
:10B9C00012D80A4B1B6863B1094B90F90E201B6813
:10B9D0009A4209DB437BDB0606D1064BC31A18BF2C
:10B9E000012303F0010070470023FAE768580020A4
:10B9F000645800202021002070B50E4B0E4C1E7C98
:10BA000006EB460304EBC3040546204600F0D2F9DA
:10BA10000A4B002228469A55FFF7D0FF48B1084B41
:10BA200008491A68013A2046D317BDE8704000F073
:10BA3000FBB870BD2058002020250020595C002054
:10BA40006858002061B9010038B5EFF31185202353
:10BA500083F31288BFF36F8F234800F059F868B959
:10BA6000224A23492348882302F040FC1E492248E9
:10BA700002F03CFC88211D4802F02FFC1A4800F01F
:10BA80006BF81E4B1E4A9C681068A04213D1FFF74A
:10BA9000B3FF154800F04AF808BB144A1949154885
:10BAA00040F2311302F022FC0F49174802F01EFC4D
:10BAB00040F23111DFE700211B7C1160134AD35C97
:10BAC000002BE6D02046FFF779FF0028E1D0637B0A
:10BAD000DB0602D12046FEF7F9FF2046D7E785F3C3
:10BAE0001188BFF36F8F38BD5C58002079280200A1
:10BAF000A6280200B01D0200BB280200205800202A
:10BB000060580020D1280200E8280200595C00207B
:10BB1000006838B1044B1B7C00F00300C01A18BF4A
:10BB20000120704701207047205800200023026840
:10BB30000360EFF30581074B19B19968497BC90789
:10BB400006D4197C98680843831A584258417047B4
:10BB50000120704720580020024B1A7C9B68134339
:10BB6000036070472058002008B50648064A074978
:10BB7000121A03F064FDBDE80840054A054906486D
:10BB800003F05DBDC0040020680C00209C5D020035
:10BB900000000000945D0200C0040020034B1B68FD
:10BBA0000BB9FBF711BD0020704700BF6C58002097
:10BBB00030B570B10B4B5B6898420AD0036843B153
:10BBC000D3E90421D0E90445121941EB0501C3E989
:10BBD0000421D0E9003213605A600023C0E9003329
:10BBE00030BD00BFE408002010B50E4B1C689C421D
:10BBF00004D1FFF7D3FF6FF0004010BDFFF7CEFF79
:10BC0000002CF8D0D4E904321B1A62EBE072B3F1D5
:10BC1000004F72F10001EEDA002AACBF1846002096
:10BC2000EBE700BFE4080020B3F1FF3F08BFB2F12B
:10BC3000FF3F2DE9F047044692461D4600F09D80E7
:10BC4000066866B14E494F4A4F486E2302F04EFBDC
:10BC50004E4802F04BFB4B486E2102F03EFB8160E8
:10BC6000EFF31187202383F31288BFF36F8F4848C7
:10BC7000FFF74EFF60B9474A47494348882302F01F
:10BC800035FB4349454802F031FB88214148E4E750
:10BC90003F48FFF761FFBAF1FF3F75F1FF3323DA49
:10BCA0003F49D1E900206FF001039B1A4FF0FF32AA
:10BCB00062EB0000B3EB0A0360EB0500012B70F1AF
:10BCC000000201DA01233046C4E90430354B1A681A
:10BCD000D3F804C09A4218BF164686B9C4E9003C9E
:10BCE000CCF800405C601CE0FFF758FF1AF1010837
:10BCF00045F1000518EB000345EBE070E4E7D6E9F9
:10BD00000415D4E904208A4270EB050E28DA891A5A
:10BD1000726865EB0005C6E90415C4E900621460A9
:10BD200074601A689A4209D0944207D11E4B1C686D
:10BD300024B9FFF759FF2146FBF720FC1448FFF711
:10BD4000F5FEB0B9134A19490F4840F2311302F019
:10BD5000CDFA0F49164802F0C9FA40F2311195E7C1
:10BD6000521A60EB05006645C4E90420B6D0366877
:10BD7000B3E787F31188BFF36F8FBDE8F08700BF8B
:10BD80008A59020066590200B01D02003F390200C4
:10BD90007058002079280200A6280200BB28020063
:10BDA00038250020E40800206C580020D12802002B
:10BDB000E828020038B50446EFF31185202383F309
:10BDC0001288BFF36F8F1B48FFF7A2FE68B91A4AAB
:10BDD0001A491B48882302F089FA1649194802F0CB
:10BDE00085FA8821144802F078FA1248FFF7B4FE69
:10BDF0002368ABB12046FFF7DBFE00240D48FFF7B8
:10BE000095FE80B90C4A10490D4840F2311302F0FA
:10BE10006DFA08490D4802F069FA40F23111E1E784
:10BE20006FF01504EAE785F31188BFF36F8F2046A2
:10BE300038BD00BF7058002079280200A6280200F3
:10BE4000B01D0200BB280200D1280200E828020031
:10BE50002DE9F84F0446EFF31187202383F312886E
:10BE6000BFF36F8F4748FFF753FE68B9464A47490B
:10BE70004748882302F03AFA4249464802F036FA27
:10BE80008821414802F029FADFF81891DFF818817B
:10BE90003C48414EFFF760FEC8F80040D9F800402A
:10BEA0004FF0000A4C4508BF00244FF0000BD6E9C4
:10BEB000002CD8F80030002C49D0D4E90451D81710
:10BEC000AB4270EB010E05DAED1A61EB0001C4E93B
:10BED00004513CE0AA184CEBE5732046C4E904ABDE
:10BEE000C6E90023FFF764FE2648FFF71FFE68B986
:10BEF000254A2A49264840F2311302F0F7F9214930
:10BF0000274802F0F3F940F23111BAE787F31188BC
:10BF1000BFF36F8FA36820469847EFF31187202364
:10BF200083F31288BFF36F8F1648FFF7F1FD0028E7
:10BF30009CD01448FFF710FED8F80030D9F8004024
:10BF40005B1B4C45C8F80030B1D1D6E9002C9A18DB
:10BF50004CEBE3730024C6E90023C8F80040FFF768
:10BF600043FE2146FBF70AFB0648FFF7DFFD0028EA
:10BF7000BED087F31188BFF36F8FBDE8F84FFFF78E
:10BF800063BD00BF7058002079280200A628020077
:10BF9000B01D0200BB28020038250020D128020075
:10BFA000E8280200E40800206C58002070B5EFF388
:10BFB0001186202383F31288BFF36F8F1A48FFF78F
:10BFC000A7FD68B9194A1A491A48882302F08EF960
:10BFD0001549194802F08AF98821144802F07DF9C0
:10BFE0001148FFF7B9FDFFF7D9FD144AD2E9004522
:10BFF000041945EBE0750C48FFF798FD68B90B4A4A
:10C000000F490C4840F2311302F070F906490D480F
:10C0100002F06CF940F23111DFE786F31188BFF3CB
:10C020006F8F2046294670BD705800207928020085
:10C03000A6280200B01D0200BB28020038250020FF
:10C04000D1280200E8280200F8B50446EFF3118772
:10C05000202383F31288BFF36F8F4F48FFF758FDFB
:10C0600068B94E4A4E494F48882302F03FF94A4981
:10C070004D4802F03BF98821484802F02EF9464825
:10C08000FFF76AFD226892B14348FFF74FFD002891
:10C090007DD1424A4549434840F2311302F026F926
:10C0A0003D49434802F022F940F23111E4E7D4E976
:10C0B0000A36581C46F10001022871F1000127D30D
:10C0C000012B76F10001BCBF012316465D1E46F12F
:10C0D000FF3603F094FB013041F10001401946EBBB
:10C0E0000101012871F100014CDB03F088FB0130F4
:10C0F00041F100016FF00102401946EB0103121AF1
:10C100004FF0FF3161EB03032A492046FFF78CFD16
:10C11000236B01332363236AD3B11F48FFF706FD66
:10C120000028B6D087F31188BFF36F8F236A2046AB
:10C130009847EFF31187202383F31288BFF36F8FA3
:10C140001548FFF7E5FC00288BD01348FFF704FDE6
:10C1500054F8185FA54297D0002D95D02846FEF7D9
:10C16000A3FD00230C48C5F8AC30FFF7DFFC002826
:10C170008FD087F31188BFF36F8F2846BDE8F84052
:10C18000FEF7FCBC6FF001024FF0FF33BCE787F312
:10C190001188BFF36F8FF8BD745800207928020012
:10C1A000A6280200B01D0200BB280200D128020010
:10C1B000E828020049C001002DE9F843064614466C
:10C1C0001D4691469846EFF31187202383F312888A
:10C1D000BFF36F8F2848FFF79BFC68B9274A2849AF
:10C1E0002848882302F082F82349274802F07EF885
:10C1F0008821224802F071F81F48FFF7ADFCB5F125
:10C20000FF3F08BFB4F1FF3F11D11B48FFF78EFC81
:10C2100060BB1A4A1D491B4840F2311302F066F810
:10C2200015491B4802F062F840F23111E1E7631C46
:10C2300075F1FF330ADB012C75F100032246BCBF08
:10C240000122002512F1FF3945F1FF383046FFF792
:10C25000B1FDDDE90823C6E90A23002333630D4954
:10C260004A4643463046FFF7DFFCCEE787F31188A6
:10C27000BFF36F8FBDE8F88374580020792802005F
:10C28000A6280200B01D0200BB280200D12802002F
:10C29000E828020049C0010070B504460D46EFF3DE
:10C2A0001186202383F31288BFF36F8F1C48FFF79A
:10C2B0002FFC68B91B4A1C491C48882302F016F859
:10C2C00017491B4802F012F88821164802F005F8B9
:10C2D0001348FFF741FC2068844209D0D0E90032BE
:10C2E00013605A600023C0E90033294603F0F6FAD0
:10C2F0000B48FFF71BFC68B90A4A0E490B4840F28D
:10C30000311301F0F3FF06490B4801F0EFFF40F253
:10C310003111DAE786F31188BFF36F8F70BD00BF6C
:10C320007858002079280200A6280200B01D0200DB
:10C33000BB280200D1280200E828020070B504469C
:10C340000D46EFF31186202383F31288BFF36F8F1E
:10C350002148FFF7DDFB68B9204A2149214888239D
:10C3600001F0C4FF1C49204801F0C0FF88211B4890
:10C3700001F0B3FF1848FFF7EFFB2068E5600121EB
:10C380008442A16011D11448FFF7D0FBE8B9134AE9
:10C390001649144840F2311301F0A8FF0E49144821
:10C3A00001F0A4FF40F23111E1E7D0E9003213605F
:10C3B0005A600023C0E9003303F090FA3146044686
:10C3C0000548FEF7D1FE204670BD86F31188BFF305
:10C3D0006F8F0024F7E700BF78580020792802000B
:10C3E000A6280200B01D0200BB280200D1280200CE
:10C3F000E828020004322DE9734306460D4620D298
:10C400004FF000084FF00009CDE9008941F0040128
:10C41000FDF740F90446A0B144F8046B95B16B1EDA
:10C420001C420FD0094A0A490A48252301F05EFF41
:10C43000094821462A4601F059FF0448252101F008
:10C440004CFF0024204602B0BDE87083A55A0200CC
:10C45000C95A0200B01D0200FB5A0200014BC0F88D
:10C46000A4307047180B002038B504460D4603F081
:10C4700066F928B9064B9B68D3F8A4300BB938BDD0
:10C48000044B2A4621461846BDE83840FFF7B2BFA4
:10C4900020580020180B0020024B0146186800F0BD
:10C4A0004DB800BFEC08002038B50546002941D042
:10C4B00051F8043C0C1F002BB8BFE41800F040FCFE
:10C4C0001D4A136833B9636014602846BDE83840DC
:10C4D00000F03CBCA34208D9206821188B4201BF60
:10C4E00019685B6809182160EDE71A465B680BB1B3
:10C4F000A342FAD911685018A0420BD12068014418
:10C50000501883421160E0D118685B68536008449A
:10C510001060DAE702D90C232B60D6E720682118D7
:10C520008B4204BF19685B68636004BF091821600F
:10C530005460CAE738BD00BF80580020F8B5CD1C54
:10C5400025F0030508350C2D38BF0C25002D0646B7
:10C5500001DBA94203D90C2333600020F8BD00F0B1
:10C56000EFFB21490A6814469CB9204F3B6823B968
:10C570002146304600F09CFB38602946304600F0EA
:10C5800097FB431C23D10C233360304600F0DEFBC5
:10C59000E3E723685B1B17D40B2B03D923601C44F0
:10C5A000256004E06368A2420CBF0B605360304614
:10C5B00000F0CCFB04F10B00231D20F00700C21A91
:10C5C0001CBF1B1AA350C9E722466468CCE7C41CF1
:10C5D00024F00304A042E3D0211A304600F068FBA7
:10C5E0000130DDD1CFE700BF805800207C5800200B
:10C5F0002DE9F04F8DB00C46DDF8588016461F46E9
:10C60000054600F099FB036804931846E4F780FAA6
:10C6100000230A93D8F800300590073323F007036E
:10C6200003F1080294F818A0D4F800B0C8F800206C
:10C63000D3E9008929F000430793CDF81880C4E9B5
:10C640001289DDE90601A04B4FF0FF32E4F7FEF955
:10C6500070BBDDE906019C4B4FF0FF32E4F7D8F9DF
:10C6600030BB0022002340464946E4F7C7F910B129
:10C670002D2384F84330954A954BBAF1470F94BF68
:10C6800090469846032323612BF0040323604FF068
:10C690000009009733460BAA2146284603F042FAC8
:10C6A000013040F096804FF0FF300DB0BDE8F08FC4
:10C6B00042464B4640464946E4F7C8F940B14B462E
:10C6C000002BBCBF2D2384F84330824A824BD4E731
:10C6D00063685A1C26D1062363604BF480620023F2
:10C6E000226003930AABCDE901A309AB0093616813
:10C6F00049EC108B0DF12303284603F070F9BAF1D1
:10C70000670F0999804615D1CB1C3BDB63689942C2
:10C7100038DC0A9B994255DB23682161D80745D54F
:10C720004B1C42E00AF0DF02472AD6D1002BD4D1BD
:10C730000123D1E7BAF1470F07D1C81C25DB636895
:10C740008B4222DB4FF0670AE3E7BAF1650F1FD88F
:10C750000139524604F15000099103F0A9F90A9AEF
:10C760001318012A8146236102DC2268D20701D511
:10C77000013323619DF82330002B8AD02D2384F8C8
:10C78000433086E74FF0650AE2E74FF0450ADFE7FE
:10C79000BAF1660FBDD1002963680BDD216113B9C1
:10C7A0002268D00702D501330B442361A1654FF005
:10C7B0000009DFE713B92268D20701D50233F4E795
:10C7C0000123F2E70029D4BFC1F102020122134480
:10C7D000EBE723685A0507D42369424631462846C9
:10C7E000B84701302BD15EE7BAF1650F40F2DC802B
:10C7F000D4E9120100220023E4F7F6F8002833D030
:10C80000364A012331462846B84701303FF44BAF42
:10C81000DDE90938434502DB2368D8070FD5DDE998
:10C82000042331462846B84701303FF43CAF4FF06F
:10C83000000908F1FF3804F11A0AC84509DC236829
:10C840009B0700F10281E0680B9B9842B8BF184635
:10C850002BE70123524631462846B84701303FF4C2
:10C8600022AF09F10109E8E7099B002B38DC1B4ADC
:10C87000012331462846B84701303FF414AFDDE9C3
:10C88000093959EA030302D12368D907D7D5DDE96D
:10C89000042331462846B84701303FF404AF4FF037
:10C8A000000A04F11A0B099B5B42534501DC4B461D
:10C8B00093E701235A4631462846B84701303FF4F2
:10C8C000F2AE0AF1010AEEE7FFFFEF7F245C0200FF
:10C8D000932D0200285C02002C5C0200F94F02003C
:10C8E000A36DDDF828A05345A8BF5346002B9946F9
:10C8F00036DC4FF0000B29EAE97904F11A02A36D46
:10C900000693A3EB09035B4531DC099B9A453ADCAE
:10C910002368DA0737D4099BAAEB0309069BAAEB25
:10C9200003039945A8BF9946B9F1000F33DC4FF0D6
:10C93000000829EAE97904F11A0B099BAAEB030321
:10C94000A3EB090343457FF77AAF01235A463146EB
:10C950002846B84701303FF4A6AE08F10108ECE7DD
:10C96000424631462846B8470130C2D19BE60123F2
:10C97000314628460692B84701303FF494AE069AF5
:10C980000BF1010BBBE7DDE9042331462846B8472C
:10C990000130C0D187E6069A4B46424431462846CC
:10C9A000B8470130C3D17EE6DDF828A0BAF1010F07
:10C9B00001DCDB0736D50123424631462846B8471D
:10C9C00001303FF470AEDDE9042331462846B84714
:10C9D00001303FF468AED4E91201002200230AF1CD
:10C9E000FF3AE4F701F8C0B9534608F101023146B5
:10C9F0002846B84701300CD155E601235A46314646
:10CA00002846B84701303FF44EAE08F10108D04542
:10CA1000F3DB4B4604F15002E0E64FF0000804F16E
:10CA20001A0BF4E701234246E1E701234A46314667
:10CA30002846B84701303FF436AE08F10108E368F4
:10CA40000B995B1A4345F0DCFDE64FF0000804F15A
:10CA50001909F4E72DE9FF470F7E0C9D782F9146C9
:10CA600080460C469A4601F1430207D8622F0AD845
:10CA7000002F00F0E080582F00F0BB8004F1420648
:10CA800084F842703AE0A7F16303152BF6D801A1B0
:10CA900051F823F0EDCA010001CB01007DCA01006D
:10CAA0007DCA01007DCA01007DCA010001CB0100E1
:10CAB0007DCA01007DCA01007DCA01007DCA010056
:10CAC0001DCC010091CB0100D3CB01007DCA010038
:10CAD0007DCA01003FCC01007DCA010091CB01005D
:10CAE0007DCA01007DCA0100DBCB01002B681A1D45
:10CAF0001B682A6004F1420684F842300123ABE04F
:10CB0000236829681F0601F10400286001D50D681B
:10CB100003E05E06FBD5B1F900506168002D7ADABA
:10CB20002D20002984F84300A1602DDA5E486D4273
:10CB30000A231646B5FBF3F103FB1157C75D06F850
:10CB4000017D2F46BB420D46F4D9082B0BD123683B
:10CB5000DF0708D5236961689942DEBF302306F8F4
:10CB6000013C06F1FF36921B2261CDF800A04B4636
:10CB700003AA2146404602F0D5FF013071D14FF0A3
:10CB8000FF3004B0BDE8F08723F004032360CDE755
:10CB90002B682068191D2960050601D51D6802E073
:10CBA0004106FBD51D8840486F2F14BF0A23082378
:10CBB000002184F843106668A660002EB9DB216866
:10CBC00021F004012160002DB3D1002EB1D1164611
:10CBD000BBE7236843F0200323603448782784F8B8
:10CBE0004570296823680E1D2E601E0603D50D684A
:10CBF00004E02D48F3E75D06F9D50D88D90744BF59
:10CC000043F0200323600DB11023D1E7236823F004
:10CC100020032360F8E724480A23CCE72B68266822
:10CC20006169181D286035061B6801D5196002E08E
:10CC30007006FBD5198000232361164695E72B6803
:10CC40001A1D2A601E68626800213046E3F758FA10
:10CC500008B1801B606063682361002384F843305F
:10CC600083E72369324649464046D047013086D0A3
:10CC700023689B0714D4E068039B9842B8BF18460A
:10CC80007FE70123324649464046D04701303FF412
:10CC900076AF0135E36803995B1AAB42F1DCEAE752
:10CCA000002504F11906F5E7305C0200415C020042
:10CCB00038B5064D0023044608462B60EBF75CF9B7
:10CCC000431C02D12B6803B1236038BD8458002077
:10CCD0000CB430B5174B0C1E1D689DB008DA8B23C1
:10CCE0002B604FF0FF301DB0BDE8304002B0704700
:10CCF0004FF40273ADF8143014BF04F1FF33234630
:10CD0000049307934FF6FF7302900690ADF8163028
:10CD1000209A21AB02A92846019300F037FB431C5F
:10CD2000BCBF8B232B60002CDDD0029B00221A702D
:10CD3000D9E700BFEC08002000487047400A0020F7
:10CD40000148EBF75DB900BF300B00200148EBF75D
:10CD500073B900BF300B002070B5466A04460D461B
:10CD600076B91020FFF798FB0246606220B9184B95
:10CD70001848662100F006FCC0E901660660C6603E
:10CD8000666AF36883B1636ADB6853F82500B8B953
:10CD9000012101FA05F6721D9200204602F011FEF3
:10CDA00060B1C0E901560EE021220421204602F0C4
:10CDB00008FE636AF060DB68002BE4D1002070BDE0
:10CDC000026843F825200023C0E90333F7E700BFDA
:10CDD0005F5C0200E35C020070B5466A05460C46E3
:10CDE00076B91020FFF758FB0246686220B9094B5C
:10CDF00009488A2100F0C6FBC0E901660660C660EA
:10CE00003CB16B6A6268DB6853F82210216043F81A
:10CE1000224070BD5F5C0200E35C02002DE9F0413E
:10CE20000D6907460C461E4601F1140C0020DCF883
:10CE3000003099B202FB01611E0C0B0C02FB0633A1
:10CE400089B2013001EB034185424CF8041B4FEAE3
:10CE50001346ECDC0EB3A368AB4219DC61683846BC
:10CE60000131FFF779FF804628B902460C4B0D4887
:10CE7000B52100F087FB2269023204F10C01920017
:10CE80000C3002F088FD21463846FFF7A5FF4446E6
:10CE900004EB850301355E6125612046BDE8F08124
:10CEA000D25C0200E35C020010B50C460121FFF7E2
:10CEB00053FF024628B9054B05484FF4A07100F016
:10CEC00061FB01234461036110BD00BFD25C02001D
:10CED000E35C02002DE9F04F14460A6923699A4287
:10CEE000A8BF23460F46A4BF0C461F46D4F810A087
:10CEF000D7F81090A36861680AEB0906B34285B0C1
:10CF0000B8BF0131FFF728FF30B90246444B45480E
:10CF100040F25D1100F036FB00F1140505EB8608C8
:10CF20002B460022434521D307F1140104F11402DA
:10CF300002EB8A0201EB89030293131B153B23F0DA
:10CF40000303043304F11507BA4238BF04230193E5
:10CF5000029B03918B420CD8002E03DD58F8043D50
:10CF6000002B5BD0066105B0BDE8F08F43F8042BC1
:10CF7000D8E7B1F800A0BAF1000F24D004F1140EE4
:10CF8000A9464FF0000C5EF8047BD9F800301FFA78
:10CF900087FB9BB20AFB0B334FEA174BD9F80070A3
:10CFA00063444FEA174C0AFB0BC707EB13479BB2CE
:10CFB00043EA0743724549F8043B4FEA174CE2D86D
:10CFC000019B45F803C0039BB3F802900431B9F10B
:10CFD000000F21D02B6804F1140CAE464FF0000A6C
:10CFE000BCF800B0BEF8027009FB0B7757449BB247
:10CFF00043EA07434EF8043B5CF8043B4FEA134A0C
:10D00000BEF8003009FB0A3303EB174362454FEAD1
:10D01000134AE5D8019FEB51043599E7013E9BE7A0
:10D02000D25C0200E35C02002DE9F843154612F0E1
:10D03000030207460E4607D0254C013A002354F858
:10D040002220FFF7EBFE0646AD103DD07C6A7CB98E
:10D050001020FFF721FA0246786228B91D4B1E48BE
:10D060004FF4D77100F08EFAC0E901440460C46047
:10D07000D7F82480D8F808404CB940F271213846DE
:10D08000FFF712FF0023C8F80800044603604FF0C2
:10D090000009EB070AD5314622463846FFF71AFF4A
:10D0A000314680463846FFF797FE46466D100BD056
:10D0B000206838B9224621463846FFF70BFF20602A
:10D0C000C0F800900446E4E73046BDE8F88300BFAE
:10D0D000E41C02005F5C0200E35C02002DE9F04703
:10D0E0000C464968236903EB6218A368074691461A
:10D0F0004FEA621A08F10106B3420BDB3846FFF72C
:10D100002BFE054648B90246284B294840F2D91162
:10D1100000F038FA01315B00EEE7002300F1140162
:10D1200000F110021846534533DB20692AEAEA7AF7
:10D1300004F1140319F01F0901EB8A0103EB800CC1
:10D140002BD0C9F1200E8A460022186800FA09F097
:10D1500010434AF8040B53F8042B9C4522FA0EF2B4
:10D16000F3D8ACEB0403153B23F00303043304F1C1
:10D170001500844538BF0423CA500AB108F10206DD
:10D18000013E38462E612146FFF726FE2846BDE8BF
:10D19000F08742F8040F0133C5E7043953F8042B34
:10D1A00041F8042F9C45F9D8EAE700BFD25C0200A1
:10D1B000E35C02002DE9F74F8946064611464846D2
:10D1C000144602F02CFE051E12D129463046FFF708
:10D1D000C3FD024628B93F4B40F232213E4800F0E1
:10D1E000D1F90123C0E90435104603B0BDE8F08F42
:10D1F000BCBF4B46A1463046D9F80410BABF1C4606
:10D2000001250025FFF7A8FD024618B9314B4FF460
:10D210001071E3E7D9F810702669C56009F11003B1
:10D2200009F1140504F1140E00F1140B05EB870845
:10D230000EEB86060193D9464FF0000C019B5EF879
:10D24000040B53F804AF01931FFA8AF3194683B213
:10D25000CB1A000C6344C0EB1A4000EB23409BB296
:10D2600043EA0043764549F8043B4FEA204CE5D8B1
:10D27000331B153B23F0030315340433A64238BF98
:10D2800004231D445B441E462C4644450ED308F13E
:10D290000301491B21F00301033DA84538BF0021CC
:10D2A0000B4453F8041D91B117619DE754F8041B1A
:10D2B000E646080C1CFA81FC714400EB2C4089B254
:10D2C00041EA004146F8041B4FEA204CDDE7013FEC
:10D2D000E7E700BFD25C0200E35C02002DE9F74300
:10D2E0000F46012159EC108B1646FFF735FD044619
:10D2F00030B90246234B244840F20A3100F042F98B
:10D30000C9F30A55C9F313030DB143F48013019314
:10D31000B8F1000323D06846009302F053FDDDE925
:10D320000012D0B1C0F1200302FA03F30B43C24054
:10D3300063610192019BA361002B0CBF01220222B9
:10D340002261A5B1A5F2334505443D60C0F1350029
:10D350003060204603B0BDE8F0836161EAE701A8D0
:10D3600002F030FD019B636120300122E8E704EB0D
:10D370008203A0F232403860186902F001FDC0EB70
:10D380004210E5E7D25C0200E35C02002DE9F04FB9
:10D3900098468B891B069DB007460D46144610D54E
:10D3A0000B6973B94021FFF7C9F82860286130B9CB
:10D3B0000C233B604FF0FF301DB0BDE8F08F4023E1
:10D3C0006B610023099320238DF82930CDF80C8060
:10D3D0003023DFF89C818DF82A304FF00109234675
:10D3E0009A4613F8012B0AB1252AF9D1BAEB040B9E
:10D3F0000BD05B4622462946384602F02BFD013011
:10D4000000F0A780099A5A4409929AF80030002B3C
:10D4100000F09F8000234FF0FF32CDE905230AF191
:10D42000010A049307938DF853301A93544605224A
:10D4300014F8011B4E48E2F763FE049AD8B9D006EF
:10D4400044BF20238DF85330110744BF2B238DF8A0
:10D4500053309AF800302A2B15D0079A54460020F2
:10D460004FF00A0C214611F8013B303B092B4BD9F8
:10D47000B0B1079214E0A0EB080309FA03F31343D9
:10D480000493A246D2E7039B191D1B680391002B4E
:10D49000BBBF5B4242F0020207930793B8BF0492FE
:10D4A00023782E2B0AD163782A2B32D1039B1A1DA5
:10D4B0001B68039243EAE37302340593DFF8C0A0CC
:10D4C000217803225046E2F71BFE38B1049BA0EB03
:10D4D0000A004022824013430134049314F8011BD4
:10D4E00024488DF828100622E2F70AFE002836D0DC
:10D4F000214B1BBB039B073323F007030833039324
:10D50000099B334409936AE70CFB02320C46012065
:10D51000A8E700230134059319464FF00A0C204672
:10D5200010F8012B303A092A03D9002BC6D00591F7
:10D53000C4E70CFB012104460123F0E703AB009391
:10D540002A460E4B04A93846FFF752F8421C0646FD
:10D55000D6D1AB895B063FF52DAF09982CE703AB1D
:10D5600000932A46054B04A93846FFF773FAEDE706
:10D57000405D02004A5D0200F1C5010055FE010058
:10D58000465D02001FB514461A46094B1B68054646
:10D59000D86854B9074B1C46CDE9013400912B469D
:10D5A000054900F00DF8EAF75FFD044BF4E700BF12
:10D5B000EC080020413902005E5D0200515D02006E
:10D5C0000EB403B5014603AB054853F8042B0068BD
:10D5D000019300F007F802B05DF804EB03B0704768
:10D5E000EC0800202DE9F04F0D469DB014469846FA
:10D5F000064618B183690BB900F05CFA874B9D426F
:10D600001BD175686B6ED90705D4AB899A0502D416
:10D61000A86DEAF7F5FCAB891B0701D52B69EBB9BF
:10D620002946304600F05CF9C0B16B6EDC070ED5C0
:10D630004FF0FF301DB0BDE8F08F794B9D4201D116
:10D64000B568DFE7774B9D4208BFF568DAE7AB893D
:10D650009805EDD4A86DEAF7EFFCE9E700230993FC
:10D6600020238DF82930CDF80C803023DFF8B881E5
:10D670008DF82A304FF0010923469A4613F8012B02
:10D680000AB1252AF9D1BAEB040B0BD05B4622462E
:10D690002946304602F0A1FC013000F0A680099A2C
:10D6A0005A4409929AF80030002B00F09E80002323
:10D6B0004FF0FF32CDE905230AF1010A04930793E5
:10D6C0008DF853301A935446574814F8011B05221D
:10D6D000E2F716FD049BD0B9D90644BF20228DF88D
:10D6E00053201A0744BF2B228DF853209AF80020AC
:10D6F0002A2A14D0079A544600204FF00A0C2146DB
:10D7000011F8013B303B092B4AD970B914E0A0EB6A
:10D71000080009FA00F018430490A246D3E7039AE0
:10D72000111D12680391002A01DB079204E05242A6
:10D7300043F002030792049323782E2B0AD16378D7
:10D740002A2B32D1039B1A1D1B68039243EAE37311
:10D7500002340593DFF8E0A0217803225046E2F777
:10D76000CFFC38B1049BA0EB0A0040228240134357
:10D770000134049314F8011B2C488DF8281006225C
:10D78000E2F7BEFC00283FD0294B1BBB039B0733AD
:10D7900023F0070308330393099B3B4409936BE78A
:10D7A0000CFB02320C460120A9E70023013405934B
:10D7B00019464FF00A0C204610F8012B303A092A7E
:10D7C00003D9002BC6D00591C4E70CFB0121044608
:10D7D0000123F0E703AB00932A46164B04A9304619
:10D7E000FEF706FF0746781CD6D16B6ED90705D425
:10D7F000AB899A0502D4A86DEAF71EFCAB895B06DB
:10D800003FF516AF099815E703AB00932A46094B7D
:10D8100004A93046FFF71EF9E4E700BF301D0200FF
:10D82000101D0200F01C0200405D02004A5D020073
:10D83000F1C50100DBFF0100465D0200F8B50E46B0
:10D840001446054618B183690BB900F033F9214B32
:10D850009C4210D16C68A369A360A3891A0701D503
:10D86000236993B92146284600F03AF868B14FF091
:10D87000FF373846F8BD184B9C4201D1AC68EAE747
:10D88000164B9C4208BFEC68E5E723692068C01A84
:10D890006369F6B28342374605DC2146284600F02C
:10D8A0008BF80028E3D1A368013BA36023685A1CCE
:10D8B00022601E7063690130834204D0A389DB07B4
:10D8C000D7D50A2ED5D12146284600F075F8002874
:10D8D000CFD0CCE7301D0200101D0200F01C02006A
:10D8E000314B70B51D6806460C4625B1AB6913B9BE
:10D8F000284600F0DFF82D4B9C420ED16C68B4F93D
:10D900000C301A072CD4DD0611D40922326043F002
:10D910004003A3814FF0FF303DE0254B9C4201D1F5
:10D92000AC68ECE7234B9C4208BFEC68E7E758077C
:10D9300012D5616B41B104F14403994202D03046E3
:10D94000FEF7B2FD00236363A38923F02403A381C0
:10D950000023636023692360A38943F00803A38144
:10D9600023694BB9A38903F42073B3F5007F03D077
:10D970002146304600F01CF9B4F90C3013F00102D6
:10D980000AD00022A26062695242A261226942B9B1
:10D9900013F08000BBD170BD990758BF6269A260C7
:10D9A000F4E70020F7E700BFEC080020301D02007C
:10D9B000101D0200F01C020038B50B6905460C462C
:10D9C00013B90025284638BD18B183690BB900F09A
:10D9D00071F8144B9C421BD16C68B4F90C30002BCD
:10D9E000EFD0626ED00704D4990502D4A06DEAF797
:10D9F00007FB2846214602F00FFB636EDA07054657
:10DA0000E0D4A3899B05DDD4A06DEAF715FBD9E727
:10DA1000054B9C4201D1AC68DFE7044B9C4208BF38
:10DA2000EC68DAE7301D0200101D0200F01C020055
:10DA3000002310B50446C0E90033C0E90433836015
:10DA400081814366C2818361194608225C3001F0FE
:10DA5000B0FF054B6362054BA362054BE362054BC8
:10DA60002462236310BD00BFE70102000902020027
:10DA70004102020065020200014902F067BB00BFDB
:10DA8000B9D901000148EAF7BBBA00BF440B002036
:10DA90000148EAF7D1BA00BF440B00200148EAF779
:10DAA000AFBA00BF580B00200148EAF7C5BA00BF63
:10DAB000580B002010B50446FFF7F0FFA3691BB117
:10DAC000BDE81040FFF7F0BFC4E912332365134BE4
:10DAD000134A1B68A262A34204BF0123A36120462C
:10DAE00000F020F86060204600F01CF8A06020469E
:10DAF00000F018F80022E06004216068FFF798FF4A
:10DB0000A06801220921FFF793FFE0680222122199
:10DB1000FFF78EFF0123A361D2E700BFE01C0200E4
:10DB200079DA0100F8B50746FFF7ACFF1E4B1E6817
:10DB3000B36913B93046FFF7BDFF4836D6E9013463
:10DB4000013B03D533680BB33668F7E7B4F90C50E3
:10DB5000D5B9164BE36004F158006566EAF720FA80
:10DB6000FFF796FFC4E90155C4E904552560A56196
:10DB70000822294604F15C0001F01BFFC4E90D55A1
:10DB8000C4E912552046F8BD6834D9E70421384667
:10DB900002F0C6FA044630600028D5D1FFF778FFBE
:10DBA0000C233B60EEE700BFE01C02000100FFFF1A
:10DBB0008B89F7B59D0706460C4607D504F1470348
:10DBC000236023610123636103B0F0BD01AB6A46AA
:10DBD00002F0DBFA009F054639463046FEF7AEFC00
:10DBE00048B9B4F90C309A05EED423F0030343F09E
:10DBF0000203A381E2E70D4BB362A389206043F0E7
:10DC00008003A381019BC4E904075BB1B4F90E1042
:10DC1000304600F041F828B1A38923F0030343F014
:10DC20000103A381A3891D43A581CDE779DA010012
:10DC300038B5074D04460846114600222A601A46A8
:10DC400000F0A3FE431C02D12B6803B1236038BD52
:10DC50008458002038B5064D0023044608462B6042
:10DC600000F097FE431C02D12B6803B1236038BD3E
:10DC70008458002038B5074D002304460846114655
:10DC80002B6000F090FE431C02D12B6803B123608F
:10DC900038BD00BF8458002038B5064D0023044627
:10DCA00008462B6000F07AFE431C02D12B6803B1BA
:10DCB000236038BD8458002038B5074D0446084617
:10DCC000114600222A601A4600F066FE431C02D16B
:10DCD0002B6803B1236038BD8458002038B5074D48
:10DCE00004460846114600222A601A4600F049FE02
:10DCF000431C02D12B6803B1236038BD8458002037
:10DD0000704700F019BD10B50278083A012A0B4699
:10DD10000CD8447841681D2C28BF1D241846224683
:10DD200001F039FE03460020185510BD0120FCE724
:10DD300093880BB1E6F73CB87047836800EBC101EC
:10DD4000B3F5004F2CBF51F8220031F81200704794
:10DD500000EBC1018068B0F5004F2CBF41F82230C4
:10DD600021F81230704708B50122FFF7E6FFD040D6
:10DD700008BD8368B3F5004F00EBC10108D34B68C1
:10DD80001AB143F001034B60704723F00103FAE737
:10DD90004B881AB143F001034B80704723F0010315
:10DDA000FAE753000122FFF7D3BF8368B3F5004FB2
:10DDB00034BF04230823C91A081AC0087047B0F5F5
:10DDC000004F34BF042308230731C818C008704728
:10DDD00008B50A460121FFF7F2FF0132121AB2FA22
:10DDE00082F0C0F11F0008BD2DE9F0411746032263
:10DDF00088460446FFF7A1FF8045054607F1060661
:10DE00001AD1E3680122BA4023EA020304EB860632
:10DE1000E3600023736041462046FFF7A4FFA36838
:10DE2000B3F5004F236934BF04220822A3EBC003DB
:10DE300013442361BDE8F081414602222046FFF7EA
:10DE40007CFF04EB860607462B460146756020469C
:10DE50000322FFF77DFF3B46022229462046FFF7BB
:10DE600077FFD8E770B50D4686680446FFF77BFF5D
:10DE7000B6F5004F014601D3012809D03046FFF71F
:10DE8000A7FF294602462046BDE87040FFF7ACBF19
:10DE900070BD2DE9F047054680688846FFF798FF7A
:10DEA00005EB800A0646DAF81C90B9F1000F1BD08A
:10DEB0000327DAF81C4028462146FFF754FF404567
:10DEC00007D3324621462846FFF78EFF2046BDE89D
:10DED000F087032221462846FFF72FFF013FCAF8AB
:10DEE0001C0001D08145E4D1EB6801364FF0FF34CE
:10DEF000B4401C40EAD094FAA4F2B2FA82F205EBE4
:10DF00008203DC69DEE72DE9F041144605460E4642
:10DF1000FFF729FFA4EB0608371B074442463146AA
:10DF20002846FFF73EFF3A4621462846FFF739FFCD
:10DF30004346002221462846FFF70AFF214628468D
:10DF4000FFF711FF3B46211800222846BDE8F041AB
:10DF5000FFF7FEBE2DE9F041164604460F46FFF7D7
:10DF600002FF314605462046FFF7FDFE05442A46DE
:10DF700039462046FFF715FF31462046FFF7F3FEEE
:10DF80002B46311800222046BDE8F041FFF7E0BEE5
:10DF9000F8B50D4686680446FFF7E5FEB6F5004F76
:10DFA000014601D3012826D03046FFF711FF04EBCC
:10DFB0008001CE6906BBE368012282401343E3601F
:10DFC0000222CD612B4629462046FFF7C1FE0322DF
:10DFD00029462046FFF7BCFE29462046FFF7C3FE30
:10DFE000A368B3F5004F236934BF0422082203EB72
:10DFF000C0039B1A2361F8BD022231462046FFF779
:10E000009CFE2946034607462046FFF7A1FE032251
:10E01000334629462046FFF79BFE39462B462046CD
:10E02000FFF796FE02223146D3E7F8B50C460546C7
:10E03000FFF799FE2618012231462846FFF77DFE9C
:10E04000C3070CD431462846FFF70CFF214628466B
:10E05000FFF789FE214622182846FFF77BFF0022A2
:10E0600021462846FFF769FE271A0122394628462D
:10E07000FFF763FE10EA020613D139462846FFF780
:10E08000F1FE214632462846FFF757FE2246211A66
:10E090002846FFF75FFF214632462846FFF74DFE30
:10E0A000241A21462846BDE8F840FFF771BFF8B5AD
:10E0B000046811B900273846F8BDA068B0EBD10F4D
:10E0C000F8D9FFF77CFE014606462046FFF7E1FE41
:10E0D00005460028EED001462046FFF744FEB04238
:10E0E00009D92E44294620463246FFF70CFF314617
:10E0F0002046FFF74DFF012229462046FFF739FE53
:10E10000A3682946B3F5004F34BF04260826FFF75D
:10E110002AFE636906EBC507C6EBC0061E44A36969
:10E1200066612744B3422CBFA361A661C3E72DE912
:10E13000F04706460D46174698462BB398F8004020
:10E1400093F80190DB78A40004EB430498F80230C4
:10E150001C4444444FF0000ACA4509D3D8F80420AF
:10E1600008F1080339463046AC46BDE8F047604741
:10E1700014F8013B48F823402046E2F7C9FC01307F
:10E1800004440AF1010AE7E76FF01500BDE8F087E3
:10E1900070B5002502462846144614F8013B0BB919
:10E1A000184609E098B18D4207D1702B04D0A3F135
:10E1B00040023A2A0BD8002070BDA3F140063A2E47
:10E1C00005D853780135941C002BE9D00020252B6D
:10E1D00008BF80F001002246DEE70020704730B51E
:10E1E0000C688B6814B14A689A4202DC01338B6078
:10E1F00030BD013A9A4214BF05460025E5548B68AC
:10E20000F4E700F020BA0FB407B504A951F8040BE5
:10E21000019100F018FA03B05DF804EB04B0704708
:10E220000CB407B504AB53F8042B0193E6F72AFFAF
:10E2300003B05DF804EB02B07047044608B5084629
:10E2400011461A46A047FDF7A7FAE9F7F9F9D0E910
:10E25000002130B54FF03333A2FB0324D51843EB34
:10E260000405A1FB0313521844EB0304521944F1B3
:10E270000002891843F10003C0E9001330BD10B556
:10E280000A68002A03460FDD013A0A601A684468EA
:10E290000A20A2FB001200FB0422100F22F07042A1
:10E2A000C3E90012303010BD3020FCE72DE9F04109
:10E2B0000746884615461E461446B44205D30EB19D
:10E2C000601B08E02378002BFAD014F8010B4146BC
:10E2D000B8470028F1DABDE8F081002383F3118804
:10E2E000BFF36F8F0423184602DF70470FB407B5E2
:10E2F00004A951F8040B0191FFF783FF03B05DF807
:10E3000004EB04B0704710B50369024613F008002F
:10E3100009D11368D4689C4297BF526AE31AD31A92
:10E3200001200B6010BD00231846FAE713B501A9C0
:10E330000446FFF7E8FF20B1019BE268013B13446C
:10E340000193606A019BC01A013802B010BD10B57C
:10E35000044650182269636AD20702D5013B18406F
:10E3600010BD984228BFC01AFAE710B504460A4605
:10E37000C168FFF7ECFF2369E06023F00803236125
:10E3800010BD38B50D46026A8B00016843F00203E8
:10E3900042F82130044601682A46FFF7D8FFE368B7
:10E3A00061682060984202BF236943F0080323613B
:10E3B0002A462046FFF7CBFF606038BD2DE9F74FB6
:10E3C000C768066A9B4616F8273003F00303022B42
:10E3D00004468846914606EB870A4FF0000309D0B1
:10E3E0001360CBF800302369990710D4002003B0E4
:10E3F000BDE8F08F56F8271013608908CBF800307D
:10E40000F1D0FFF7B2FFE368A3600120EFE7E36913
:10E410005046984716F82730DA070546E6D513F038
:10E4200002031DD0B8F1000F03D041462046FFF78C
:10E43000A8FF61682A462046FFF789FFD4E9023128
:10E440009942606004D12A462046FFF780FFA06011
:10E45000A3682360E360236943F008032361D4E7E2
:10E46000014620460193FFF780FFE268A260B8F101
:10E47000000F04D02168226A019B42F8213005EB8D
:10E480000802CBF8002021682046FFF760FF2369CF
:10E49000206043F00803236116F827306FF3000370
:10E4A00006F82730C9F800A0AFE770B50446154656
:10E4B000FFF74DFF2368834205D12369216023F0D4
:10E4C0000803236170BD226AAB0043F0020342F8E7
:10E4D0002130204661682A46FFF739FF6060F1E786
:10E4E00038B503695B07044606D5856AFFF71EFF4A
:10E4F00085422CBFA562A06238BD036800220BB91B
:10E50000184670478B4210D10B6842B942680360CD
:10E51000914200D1436000230B60012070471360DB
:10E520004368994208BF4260F5E71A461B68E6E770
:10E53000838B13F0070305D10368002B0CBF002069
:10E5400003207047022B05D1C08BB0FA80F0400940
:10E5500080007047012B05D10368002B0CBF002001
:10E56000052070470020704710B50C4600B111B966
:10E570006FF0150010BD081D00F02FF80028F9D12C
:10E58000A368032BF6D9F3E72DE9F0410D460746C2
:10E590001946281D90461E46E7F712FC044638B17E
:10E5A0003346424629463846A446BDE8F041604716
:10E5B000BDE8F08138B50C46054658B151B10B683D
:10E5C00043B14B6833B12022002101F0F2F92C61F4
:10E5D000002038BD6FF01500FBE7034640B14268EC
:10E5E00002F00302022A06D0032A04D0012A05D031
:10E5F0006FF0150070471A68002AF9D00020986063
:10E600007047704703785B075FBF03684288C3F3B6
:10E610004A2303EB12105DBF173020F0070080087B
:10E62000002070470020704700F03BBE0346BFF358
:10E630005B8F53E8000F421C43E800210029F8D10A
:10E64000BFF35B8F70471FB50023CDE90201CDE911
:10E6500000331A4619461846E7F7F6FF05B05DF88D
:10E6600004FB0120E7F7D2BC0020704770B5D2E967
:10E6700001369B1B8B420C4615460AD313680A468B
:10E680000146981901F087F9AB682344AB60204636
:10E6900070BD6FF01B00FBE770B50E4615461946BE
:10E6A000044618B9BDE87040E7F7B0BC33B1C2F317
:10E6B0004A231030120D184401F06DF9C4E90056D8
:10E6C0002046BDE87040E7F7E3BE2DE9F3415F1C4B
:10E6D0004FEA8708064608F1170020F00700800877
:10E6E0000C461546E7F71EFD0023ADF805308DF802
:10E6F00007308DF8047068B10346019A43F8102F73
:10E70000A8F104012A46294452F8045B43F8045F47
:10E710008A42F9D1A20102F4E07242EA482222F0D0
:10E720007F4222F47002002322F03F02314602B001
:10E73000BDE8F041FFF7B0BF07B50123019201AA80
:10E74000FFF7C3FF03B05DF804FB07B5CDE9002375
:10E7500002236A46FFF7B9FF03B05DF804FB1FB55B
:10E76000CDE90123069B039301AA0323FFF7ADFF25
:10E7700005B05DF804FBF8B506460D4614461F4685
:10E7800004B9F8BD214628463A46B047241A054444
:10E79000F6E710B5426881680446D2E900230068B4
:10E7A000FFF7E9FF636800221A6010BD13B500246B
:10E7B0000094E2F705FB02B010BD0A2838B5044604
:10E7C0000D4602D10D20E7F7DBFF29462046E7F78B
:10E7D000D7FF002038BD2DE9F043054687B0084635
:10E7E0000E8891F80090D1F808800C461746E7F79C
:10E7F0009BFF011EC6F38216C9F3C2091EDB484601
:10E80000E7F758FE03462146608851F8102B019621
:10E81000C2F34A22002A01EB0204C0F30B1008BF26
:10E8200000210022CDE90407CDE9021400924146FF
:10E830002846E7F7D5FF07B0BDE8F0830023E2E7FD
:10E8400043681B685B6800209961704743681B68D8
:10E850001868E8F757B970B543681D686B68986920
:10E860000C46E7F7AFFB214603460F222868BDE8B8
:10E870007040184743691BB11B790B70002070472B
:10E880006FF05700704743693BB1DB682BB15B69A0
:10E890001879B0FA80F0400970470120704770B5D0
:10E8A000044642690D46FFF7EEFF10B903231371CA
:10E8B00070BD03212046A847002802DA10F1860F18
:10E8C000F6D120462B460121BDE87040184730B5EF
:10E8D0009FB005680C466822014601A801F05BF86C
:10E8E000002301A92846CDE91C331B94E8F7A0FAC0
:10E8F0001FB030BD08B5E8F779FBBDE80840E8F780
:10E9000079BB0A460121FFF717BF00210120E8F774
:10E910008FBA61B662B680F31188BFF36F8F70470C
:10E9200072B6002383F31188BFF36F8FBFF34F8F4D
:10E9300030BF62B6BFF36F8F704772B6002383F3A8
:10E940001188BFF36F8FBFF34F8F20BF80F3118803
:10E95000BFF36F8F62B67047202809D9B0F1004F1E
:10E9600008D80138B0FA80F0C0F11F0040007047AD
:10E97000082070473E207047002070474FF0FF305E
:10E98000704708461146E9F7CBBA08461146E9F741
:10E99000DBBA4FF0FF307047002070470228CCBF31
:10E9A0000020012070474FF400534B600020704757
:10E9B0007047C16A8968E9F7D1BB10B503681C7854
:10E9C0000121E9F78DFE204610BD02688068101A0B
:10E9D00070478388C2888168D21A03685B1AD01A8C
:10E9E000704738B50D4614461146E9F7B5FE224684
:10E9F0002946BDE8384000F0CEBF012310B50621FE
:10EA0000044600F8013BF2F79FFF18B9A37963F0C1
:10EA10003F03A37110BD0B6803608B8883808B79E3
:10EA20008371037823F00203037070470078C0F30A
:10EA300040007047FFF789BE10B50346BFF35B8FF8
:10EA400053E8000F40EA010243E80024002CF7D10C
:10EA5000BFF35B8F10BD0023E7F760BD38B50446F8
:10EA60000D46E9F7E3FF5F3005D129462046BDE8B2
:10EA70003840E9F7B7BF38BDBFF35B8F50E8003FC0
:10EA80000B4040E80032002AF8D1BFF35B8F70479B
:10EA900008B500200021EAF721FB18B1BDE80840C5
:10EAA000EAF716BB08BD033138B5C9B205460E20DA
:10EAB000EAF740FF032104460C30E9F74DFE01233D
:10EAC0000370A0F80150204638BD70B505460E46CB
:10EAD0000F200421EAF72EFF042104460C30E9F749
:10EAE0003BFE0122067042704580204670BD08B58D
:10EAF000072200F040FFB0FA80F0400908BDFFF7A0
:10EB00001BBE00280CBF08460020704707B580B91F
:10EB100006216846F2F718FF40B99DF805306846AF
:10EB200003F03F038DF80530EAF744FF03B05DF8CA
:10EB300004FB6FF01500F9E70120704738B502219A
:10EB4000054642F24600EAF7F1F8044660B10221B8
:10EB50000C30E9F701FE058021460022BDE838406F
:10EB600042F24600EAF726BB6FF0680038BDBFF3FB
:10EB70005B8F0068BFF35B8F704708B54B0900EBF4
:10EB80008300FFF7F4FF01F01F01084100F00100CE
:10EB900008BD0B6803608B8883808B798371704715
:10EBA00010B50346BFF35B8F53E8000F00EA010284
:10EBB00043E80024002CF7D1BFF35B8F10BD01F0B8
:10EBC0001F0301229A404B0900EB8300D143FFF75A
:10EBD000E7BFFFF7B1BD0023BFF35B8F50E8002F05
:10EBE00040E800310029F9D1BFF35B8F70474A0933
:10EBF000012301F01F018B4000EB8200BFF35B8F0C
:10EC000050E8002F1A4340E800210029F8D1BFF353
:10EC10005B8F704701461520EBF758BA0146052077
:10EC2000EBF754BA08B50B46014668B163B1184614
:10EC3000FFF7AFFFCB79C3718B7B83724B89038165
:10EC40000B898381002008BD6FF01500FBE7BFF33F
:10EC50005B8F0068BFF35B8F084100F001007047D5
:10EC6000F8B5069F0469C9B2EFF31186202585F334
:10EC70001288BFF36F8F0C2569430C44A56C05F017
:10EC8000070CBCF1010F0BD1A76486F31188BFF309
:10EC90006F8FC4E9102343685B5898470020F8BD84
:10ECA00005F0C005AF4286F31188BFF36F8F0CBF2C
:10ECB0006FF077004FF0FF30F1E713B58024009438
:10ECC000FFF7CEFF02B010BD0069CBB200EB4310DE
:10ECD000002110470020F8F7E3BE0020F8F752BFEC
:10ECE0001046FBF791B88022F7F7CEB800207047A6
:10ECF00038B50C461546EAF7BFF928B12946204633
:10ED0000BDE83840EAF794BD6FF00A0038BD70B531
:10ED1000044600F0AFFB237B05460BB1F2F742FF40
:10ED200000266068F9F712FCA3685B1BA3606368A8
:10ED30002B446360237B01363BB9A368002BF0D1E1
:10ED4000A068003818BF012070BD3046E4F774F8A1
:10ED50000028F2D0F4E738B505460C4600F084FBF5
:10ED6000002D07DBA84205D9401B84428CBF002040
:10ED7000012038BD0020FCE770B50D462846194635
:10ED800016461C46FFF7E7FF28B921462846BDE88E
:10ED90007040F7F75DBC24B122462946304600F0AA
:10EDA000FAFD002070BD43685B68D3F810350B6036
:10EDB0000020704743685B6802EA010021EA020113
:10EDC000C3F80805C3F80C150020704743685B685A
:10EDD0000020C3F80815704743685B680020C3F83B
:10EDE0000C15704743685A68D2F8043521EA0300CD
:10EDF0000B40C2F80805C2F80C350020704737B543
:10EE00000446002201210320E8F7F2FC6368DD6973
:10EE100001AA0021284600F044F800280DDB019BE0
:10EE20002A6819791868F8F799F8002805DB204650
:10EE300003B0BDE83040F7F7CFBF03B030BD13B526
:10EE400001AA044600F02DF8002805DB019B22688A
:10EE500019791868F8F782F802B010BD70B5044649
:10EE60004568066989B1012918D1E8690021FFF7D1
:10EE7000E6FF051E07DB2046F7F7AEFF316811B14C
:10EE80002046F7F7BFFF284670BD2846F9F7DAFDA0
:10EE9000E8690121BDE87040FFF7D1BF6FF085053B
:10EEA000F1E730B543681360057A446804EBC504A4
:10EEB000A34202D36FF0010030BD5C798C4201D0D7
:10EEC0000833F0E70020F7E743681B68D3F88004B5
:10EED000C3F88004704742681368D3F8100150B13A
:10EEE000126A002012780A70C3F81001D3F81021BA
:10EEF00001221A6070474FF0FF307047002A0FDD83
:10EF000042681368D3F8100158B10020C3F810010B
:10EF1000126AD3F8100112780A7001201860704745
:10EF20000020704710B5436819680369EFF3118238
:10EF3000202080F31288BFF36F8F18680024847339
:10EF40001B680120D8734FF48003C1F8043382F3A7
:10EF50001188BFF36F8F10BD03691A680121917387
:10EF60001B680022DA737047026911680346C87B88
:10EF700040B15B681B68D3F8580118B100234B619E
:10EF800013689889704743681B68D3F810010038EC
:10EF900018BF0120704743681B681022C3F8042380
:10EFA000704743681B681022C3F808237047436802
:10EFB0001B684FF40072C3F80423704743681B6852
:10EFC0004FF40072C3F80823704738B543681D68D2
:10EFD000D5F804335B02044605D4D5F8040310F0D9
:10EFE000100006D138BDFFF7BFFF0028F5D0012083
:10EFF000F8E72046FFF7C7FF003818BF0120F1E708
:10F00000012070470369186801601B685A607047E7
:10F0100073B543680E460DF107011C681546FFF7EE
:10F0200029FC9DF807306BB9C4F84465C4F848550D
:10F03000C4F82031D4F82021C4F85831D4F858311C
:10F040000123A36002B070BD02680346D2F85801E4
:10F0500040B95B68DB0706D4D2F82001003818BF3E
:10F060000120704701207047F8B5066933689C8914
:10F07000BFF35B8F9442A8BF1446054614330122A8
:10F0800053E8000F002803D143E80027002FF7D1F1
:10F09000BFF35B8F0CBF134600231ED1336822469B
:10F0A000986800F078FCEFF31187202383F312882F
:10F0B000BFF36F8F6868FFF7C7FF336838B95861CF
:10F0C000044687F31188BFF36F8F2046F8BD996817
:10F0D00022462846FFF79CFFF3E71C46F5E710B4ED
:10F0E000436802691B68D3F80413C90517D5D3F820
:10F0F0002011A1B1EFF31181202484F31288BFF312
:10F100006F8FD3F8204134B10024C3F82041D3F8E5
:10F1100020410124DC6081F31188BFF36F8F1468F4
:10F12000D3F858115CB169B1002161611468A47B06
:10F1300044B14FF48000C3F80803136899735DF875
:10F14000044B7047D3F8241121B10021C3F82411D6
:10F15000D3F8243112681368002BF0D051685DF8A1
:10F16000044B184713B501AA0446FFF79AFE00287E
:10F1700005DB019B226819791868F7F7EFFE02B0EA
:10F1800010BD01292DE9F84305460C4620D14368FE
:10F190000021D868FFF7E6FF6A682869136808212C
:10F1A000C3F80015117A81B9126AC3F83425C3F87F
:10F1B0003845C3F81011D3F810211C60026822B141
:10F1C000127C12B11022C3F804230020BDE8F8839A
:10F1D000002963D1D0F80480D8F80040D4F84C312D
:10F1E00023B30269116851B1D4F80433C3F3001397
:10F1F0000B7413681B7C13B11023C4F8083301236C
:10F200006360D4F84431002BFBD00023C4F84C31A8
:10F21000D4F84C21C4F84431D4F84421C4F8103156
:10F22000D4F81021C4F82431D4F824316A68D2E922
:10F23000006313F0010917D14FF48073C6F8083347
:10F240004FF47A776868FFF7FFFE20B9012000F0DD
:10F2500048F8013FF6D1D6F858312BB9C6F820311D
:10F26000D6F820310123F3604FF47A75D6F858317F
:10F2700023B9012000F035F8013DF7D1B9F1000FB5
:10F2800003D14FF48073C6F804330023C4F800356B
:10F29000D8F80C000121FFF765FF96E76FF08500B5
:10F2A00094E708B5F7F7F4FF08BD4FF0FF3070475B
:10F2B00008B5034640681B6993F824208A4207D9A1
:10F2C00093F825303BB1C9B2F9F73EFE002008BDE6
:10F2D0006FF01500FBE76FF00A00F8E700207047B9
:10F2E000004700F07BB9C00000F1804000F5F83025
:10F2F000C0F81015C0F814257047F9F795B94309FF
:10F300000AD0012B0BD140F2FF3300F01F0023FA8B
:10F3100000F000F0010070474FF0FF33F5E70020E8
:10F3200070472DE9F341019001A8DDE908580C462A
:10F3300017461E46F8F77EFC019B391E18BF0121B7
:10F3400000EB8300231E18BF0123002E43EA410374
:10F3500014BF0C210021002D43EA010314BF4FF418
:10F36000E0610021B8F1000F43EA0103D0F8002763
:10F3700014BF4FF4403100210B4322EA030304B1D0
:10F3800024780FB13F787F001C430EB13678B60069
:10F390003C438DB1297809023443B8F1000F03D002
:10F3A00098F800804FEA0848214341EA0801C0F874
:10F3B000001702B0BDE8F0812946EDE71FB50DF159
:10F3C0000F03019300238DF80F1000931A4619467E
:10F3D000FFF7A7FF05B05DF804FB08B50146F8F795
:10F3E000A3FC10B10846F8F7B9FC00F0010008BD15
:10F3F00038B5054608460C46F8F7B0FCB0B10846EB
:10F40000F8F792FC90B90846F8F782FC2A680123C5
:10F410008340C2F808332A6803B202EB8303D3F8AF
:10F42000102522F00302C3F8102538BD2046002124
:10F43000BDE83840FFF7C2BFF8F72EBDFFF7D8BFD1
:10F44000034608464FF080510A6949694A4393428E
:10F4500008D340B1A3F11023B3F5427F2CBF0020A5
:10F4600001207047012070474FF080531A69586996
:10F47000504370474FF08053186970474FF08053E6
:10F480005869704730B5D0F804312BB10023C0F86B
:10F490000431D0F80431012391F82F2022B3002247
:10F4A000C0F82421D0F82441C0F81C21D0F81C4118
:10F4B000C0F80821D0F80821002B79D0002281F86B
:10F4C0002D2091F82F20002A37D14D6B8C6AA54250
:10F4D0001FBF0523C0F80025C0F80035134683F090
:10F4E000010381F82F3028E0D0F8244114B1C0F88E
:10F4F00024210EE0D0F81C216AB3C0F81C41D0F8DA
:10F500001C214A6B01324A63D0F8245145B1C0F83E
:10F510002441D0F824210122426181F82F20CBE739
:10F520008C6AA24204D24C6AA25CC0F81C25C3E7D4
:10F5300091F82C201AB10123C361002030BD0A6A62
:10F5400012F0400F4FF0010203D0C26181F82D206C
:10F55000F3E74261B0E7D0F80841002CACD0C0F826
:10F560000821D0F80841D0F82441002CBFD14A6BC3
:10F570008C6AA242A0D24C6AD0F81855A5544A6BA6
:10F580008C6A0132651EAA424A6308D10A6A54068F
:10F5900002D40222C0F80022012202628CE7A242B9
:10F5A000FAD10A6A520687D5022381F82D30C4E7C2
:10F5B0000120C3E707B5019001A8F9F707FD019AFB
:10F5C00001239340C0F8083503B05DF804FBF9F758
:10F5D00099BD08B5FFF7FBFF002008BD08B1E9F7AA
:10F5E000E5B8704740B1C368587810F001001EBFFD
:10F5F0001878B0FA80F040097047EFF311832023A8
:10F6000083F31288BFF36F8FFEE710B5D0E90034A3
:10F6100033B90020E268537843F00103537010BD02
:10F62000204698470028F4D00028B8BF4042E3683D
:10F63000FF28A8BFFF201870ECE700F0BAB900F06F
:10F64000AAB9704710B400F10C04C0E903445DF896
:10F65000044BE5F727B890F90E308B4201D0FBF749
:10F66000F1BC0020704703460020C3E90200C3E953
:10F670000033704710B5044630B10268930703D0D9
:10F68000446809B100F070F9204610BD0023C0E9BC
:10F690000033836000F10C03C0E9033300F114036D
:10F6A000C0E90533704707B50123009300230A46DC
:10F6B0001946FAF765FA03B05DF804FB07B50023B5
:10F6C0000A4600931946FAF75BFA03B05DF804FBAB
:10F6D00000680021FFF7CEBF5AB18A4209D300F17A
:10F6E0001003C0E90212C0E90000C0E904330020A1
:10F6F00070476FF015007047026801238B4022EAC3
:10F700000303036022FA01F000F00100704728B102
:10F710000022114600F58070FCF7B2B8704710B5B2
:10F72000FAF7FCFD041E08DDEFF31180202383F3BC
:10F730001288BFF36F8FFBF7AFFD204610BDEFF3CC
:10F740000580003818BF0120704771307047FBF703
:10F7500051BDD0E9003213605A600023C0E9003384
:10F76000704738B504460D46FBF74CF8637B43F011
:10F7700002036373E5B1A5602B689D4209D16B68F4
:10F78000C4E900531C606C6012E06A689A42F6D0CB
:10F790001B68002BF3D094F90E2093F90E108A42C7
:10F7A000F3D09142F1DD5A68C4E9003214605C6024
:10F7B00038BD01211838FBF7BFBA10B50446FBF776
:10F7C00073FA04F11800BDE81040FCF7F3BA38B53D
:10F7D00004680546AC424FF0000000D138BD002C53
:10F7E000FCD02046FFF7E9FF2046FBF7C7F92C685D
:10F7F0000120A542F1E708B5FCF7D8FB08BDFCF7EE
:10F80000D5BBB3F1FF3F08BFB2F1FF3F70B504466F
:10F810001D46164613D01A4315D06FF00102921BF5
:10F820004FF0FF3363EB0501002904DAFCF7BEFB60
:10F83000821941EB0501C4E90021204670BD4FF05B
:10F84000FF321146F7E70022FBE7B3F1FF3F08BFA5
:10F85000B2F1FF3FF8B5074616461C4610D054EAF1
:10F86000020311D0FCF7A2FBB0420A46A1410346B5
:10F870000AD2F31A64EB0204C7E900343846F8BD33
:10F880004FF0FF331C46F7E70023FBE70023C0E9F6
:10F89000081200F11802C0E90622C0E90033036330
:10F8A0004363704710B50446FCF784FAA8B9636A4D
:10F8B0000BB12046984704F11800FBF723FB60B119
:10F8C000FBF75CF9EFF31180202383F31288BFF379
:10F8D0006F8FBDE81040FBF7DFBC10BD2DE9F04194
:10F8E000846805460E46ECB16378012B25D114F8E7
:10F8F000533C9A0714D5A4F160073846FFF75DFF23
:10F90000082E0CBF6FF003030023E36414F8533C8C
:10F91000DB0605D154F8483C13B93846FBF72EF9FD
:10F9200000232370EB68C3F386321643002066F38E
:10F930009433A860EB60BDE8F081022BF0D123780E
:10F94000002BEDD054F8048CB8F1000FE8D004F18E
:10F950001400FCF72FFAA4F114070023E3623946E0
:10F960004046FAF7DBFCDBE720B1011F50F8040C3E
:10F97000F9F72EBF704710B501390244904201D10A
:10F98000002005E0037811F8014FA34201D0181BB5
:10F9900010BD0130F2E70A44914200F1FF3300D17B
:10F9A000704710B511F8014B03F8014F9142F9D19E
:10F9B00010BD02440346934200D1704703F8011B77
:10F9C000F9E738B502FB01F52946FCF7B7FD044617
:10F9D00018B12A460021FFF7ECFF204638BD2DE97B
:10F9E000F04F85B057EC106BDDE90E9B002F0C46F5
:10F9F00090461946B8BF32463B462BF0200ABBBFA3
:10FA000007F100431F4600232D23B8BF1646BAF165
:10FA1000460F0B7005D0BAF1450F00D10134022119
:10FA200000E0032103AB019302AB009347EC106BA2
:10FA30004B462246E3F724FABBF1670F054619D17E
:10FA400018F0010F0ED005EB040800220023304609
:10FA50003946E0F7C9FF08B1CDF80C803022039B8E
:10FA6000434521D3039B109A5B1B2846136005B0C6
:10FA7000BDE8F08FBBF1470FE2D0BAF1460F00EBC3
:10FA80000408E2D10378302B0AD10022002330464B
:10FA90003946E0F7A9FF18B9C4F10104C9F80040DC
:10FAA000D9F800309844D0E7591C03911A70D6E772
:10FAB000F7B50029BABF49422D232B23092902702B
:10FAC000437029DD0DF107031D460A271A46B1FBD5
:10FAD000F7F607FB1614303402F8014C0C46632C81
:10FAE00003F1FF333146F1DC3031941E03F8011C81
:10FAF000411C2346AB420AD30DF109039B1AAC42C9
:10FB000088BF002302330344181A03B0F0BD13F872
:10FB1000016B01F8016FEDE7302330318370C17064
:10FB2000031DF1E72DE9F047164698468A680B69F0
:10FB3000DDF820909342B8BF1346336091F843201C
:10FB400007460C460AB1013333602368990642BF69
:10FB5000336802333360256815F0060506D104F1D9
:10FB6000190AE36832689B1AAB4226DC94F84330EA
:10FB70002268003B18BF012392062BD404F14302F4
:10FB800041463846C84701301ED02368226903F039
:10FB90000603042B02BFE5683368ED1AA3680CBFA7
:10FBA00025EAE57500259342C4BF9B1AED1800268F
:10FBB0001A34B5421AD1002008E0012352464146CA
:10FBC0003846C847013003D14FF0FF30BDE8F08719
:10FBD0000135C6E7E1185A1C302081F84300224461
:10FBE00094F8451082F843100233C7E701232246F8
:10FBF00041463846C8470130E6D00136D9E70346CA
:10FC000011F8012B03F8012B002AF9D1704710B528
:10FC10006AB10139841810F8012B11F8013F9A429A
:10FC200003D1A04201D0002AF5D1D01A10BD104650
:10FC3000FCE710B50139034632B111F8014F03F862
:10FC4000014B013A002CF7D11A440021934200D114
:10FC500010BD03F8011BF9E710B5024601448A42C2
:10FC6000134603D01C780132002CF8D1181A10BDAD
:10FC70002DE9F74F03690C69A34207467EDB013C7F
:10FC800001F11408A30000F11405009305EB8403AF
:10FC9000019358F8243055F8242001339A4208EB98
:10FCA0008409B2FBF3F62ED34FF0000AC446AE46E9
:10FCB000D3465CF8043B98B206FB00A0020C1B0C78
:10FCC00006FB0323DEF8002080B292B2121A5A44D7
:10FCD000DEF800004FEA134A9BB2C3EB224303EB6A
:10FCE000104392B242EA0342E1454EF8042B4FEA38
:10FCF000234BDED2009BEB582BB9019B043B9D426A
:10FD00001A462FD33C61384600F089F8002825DBDD
:10FD10002946002058F8042BD1F800C01FFA82FEB3
:10FD20001FFA8CF3A3EB0E030344120CC2EB234225
:10FD300002EB1C429BB243EA0243C14541F8043B3B
:10FD40004FEA2240E6D255F8242005EB840322B97D
:10FD5000043B9D421A460BD33C610136304603B04A
:10FD6000BDE8F08F1268043B002ACBD1013CC6E706
:10FD70001268043B002AEFD1013CEAE70020EEE7DD
:10FD8000B0F5803F034636BF030400201020B3F1D6
:10FD9000807F3CBF1B020830B3F1805F3CBF1B017A
:10FDA0000430B3F1804F03D3002B0ADB01307047DE
:10FDB0009B0001D5023070475B0001D503307047CE
:10FDC000202070470368024613F007000BD0D907C4
:10FDD00021D4980749BF5B089B08012013605CBFD2
:10FDE00013600220704799B209B91B0C1020D9B2D8
:10FDF00009B908301B0A190704BF1B090430990709
:10FE000004BF9B080230D90703D45B0800F101004E
:10FE100003D01360704700207047202070470A69A4
:10FE200003460069801A30B50ED11433143103EB48
:10FE3000820401EB820154F8045D51F8042D9542CF
:10FE400003D005D24FF0FF3030BDA342F3D3FBE720
:10FE50000120F9E72DE9F0478E681F46BE420B6886
:10FE600082460C4690462DD8B1F90C2012F4906FC2
:10FE700026D06569096905EB4505A3EB010905EB8A
:10FE8000D5757B1C4B446D109D4238BF1D465305F4
:10FE900027D52946FCF752FB064660B321694A463E
:10FEA000FFF779FDA38923F4906343F08003A381D6
:10FEB000266165614E44A5EB09052660A5603E46B6
:10FEC000BE4200D93E4620683246414600F02FF837
:10FED000A3689B1BA3602368334423600020BDE814
:10FEE000F0872A4600F03DF806460028E0D1216957
:10FEF0005046FCF7D9FA0C23CAF80030A38943F026
:10FF00004003A3814FF0FF30E9E782B001B901A9B6
:10FF100042B14BB113780B601278101E18BF01204C
:10FF200002B070471046FBE76FF00100F8E7884227
:10FF300010B501EB020402D98442234607D8431EC0
:10FF4000A14208D011F8012B03F8012FF8E7024471
:10FF500001468A4200D110BD13F8014D02F8014D4F
:10FF6000F7E7F8B5074615460C4621B9BDE8F84055
:10FF70001146FCF7E3BA22B9FCF796FA00242046B2
:10FF8000F8BD00F028F9A842F9D229463846FCF716
:10FF9000D5FA06460028F1D021462A46FFF7FBFC99
:10FFA00021463846FCF780FA3446E8E79368013B7F
:10FFB000002B10B4936008DA9469A34201DB0A298C
:10FFC00003D15DF8044BFDF739BC1368581C106071
:10FFD000197008465DF8044B7047F8B506460F46A1
:10FFE0001446D518AC4201D1002007E014F8011BDB
:10FFF0003A463046FFF7DAFF431CF3D1F8BD03461B
:020000040002F8
:10000000084641B1FF2A04D98A221A604FF0FF3016
:1000100070470A7001207047B1F90C202DE9F041BA
:10002000170705460C4656D44B68002B02DC0B6CB8
:10003000002B3DDDE66A002E3AD0002312F48052F8
:100040002F68216A2B6025D0626DA389580705D5DA
:100050006368D21A636B0BB1236CD21A216AE66A09
:1000600000232846B047411C24D000236360236945
:100070002360A389DA0400D56065616B2F60B9B194
:1000800004F14403994202D02846FCF70DFA0023FC
:1000900063630DE001232846B047461C0246D4D1D5
:1000A0002B68002BD1D01D2B01D0162B2BD12F600C
:1000B00000202FE02A68B4F90C3042B11D2A01D08B
:1000C000162A22D10023636023692360D5E762608A
:1000D00022692260CEE70F69002FE9D093070E68EE
:1000E00008BF4B690F6018BF0023A6EB07088B60A1
:1000F000B8F1000FDCDD216AA66A43463A4628467D
:10010000B047002808DCB4F90C3043F04003A38169
:100110004FF0FF30BDE8F0810744A8EB0008E7E7A7
:1001200070B568234D1E5D430E4605F17401FCF762
:1001300005FA044640B10021C0E900160C30A06069
:1001400005F16802FFF735FC204670BD2DE9F84344
:100150000646884600F148040027D4E90195B9F124
:10016000010905D52468002CF7D13846BDE8F8838D
:10017000AB89012B07D9B5F90E30013303D02946DD
:100180003046C04707436835E9E770B50C46B1F91A
:100190000E10002996B015461E460DDAA38913F0FD
:1001A000800F4FF0000114BF40234FF48063002004
:1001B00031602B6016B070BD6A46FDF75BFD00280C
:1001C000ECDB019901F47041A1F50053594259410A
:1001D0004FF48063EBE751F8043C181F002BBCBFC1
:1001E0000B58C018704710B50C46B1F90E10FDF74A
:1001F00075FD0028ABBF636DA3891B1823F48053E2
:10020000ACBF6365A38110BD2DE9F0411F468B890A
:10021000DB0505460C46164605D5B1F90E1002233E
:100220000022FDF749FDA389B4F90E1023F4805391
:10023000A38132463B462846BDE8F041FDF7F8BCB5
:1002400010B50C46B1F90E10FDF736FD431CA3891D
:1002500015BF606523F4805343F48053A38118BF16
:10026000A38110BDB1F90E10FDF7F4BCB408FE7FF8
:10027000010000009587000000000000295F0100D8
:1002800014030200D3F501000000000045960100B0
:10029000000000000969010044030200096901002F
:1002A0002C030200EDEC010074030200296501003B
:1002B0005C030200C97001008C030200DD760100BE
:1002C000A4030200C162010000000000FD740100EF
:1002D00000000000C187000000000000195E00005F
:1002E00000000000D17E000000000000DDF20100EF
:1002F00000000000859F010000000000FFED0100EC
:10030000EC03020075660100D40302000000000047
:10031000BC030200FA470200E01A0200F81A0200C9
:10032000BE0A0020B456002000000000254A02004A
:10033000401B0200701B0200C60A002084570020E8
:1003400000000000334A0200581B0200701B02002C
:10035000C80A0020905700200000000075480200E5
:1003600000000000141B0200C00A002010570020EB
:100370000000000085480200000000001C1B020075
:10038000C20A00200000000000000000DE4A020057
:10039000F81B0200581C0200CC0A00204008002074
:1003A00030080020FC4A02009C1C0200A41C020031
:1003B000CE0A0020A857002000000000580C0200C0
:1003C00000000000800C0200BC0A0020B83D0020A4
:1003D00000000000EE48020000000000241B0200A4
:1003E000C40A00200000000000000000454A02008E
:1003F000941B0200E01B0200CA0A0020F80700203C
:10040000E8070020BD7B0100E1F2010000000000D0
:100410000BE901008C030200DFF00100658C010094
:10042000E1F20100000000000BE901000000000003
:100430000BE9010079830100E1F2010000000000F6
:100440000BE90100000000000BE9010000000000C2
:100450000BE90100000000000BE9010000000000B2
:10046000D11B0100000000000BE901001057002023
:10047000C5650100000000000BE90100000000005C
:100480000BE90100958F0100E1F20100000000007E
:10049000D5720100000000000BE90100000000001F
:1004A0000BE90100000000000BE901000000000062
:1004B0000BE90100000000000BE901000000000052
:1004C0000BE9010000000000011C01000000000019
:1004D0000BE90100000000000BE901000000000032
:1004E0000BE90100000000000BE901000000000022
:1004F0000BE90100000000000BE901000000000012
:100500000BE90100000000000BE901000000000001
:100510000BE90100000000000BE9010000000000F1
:100520000BE90100000000000BE9010000000000E1
:100530000BE90100000000000BE9010000000000D1
:100540000BE90100000000000BE9010000000000C1
:100550000BE90100000000000BE9010000000000B1
:100560000BE90100000000000BE9010000000000A1
:100570000BE90100000000000BE901000000000091
:100580000BE90100AF3A0200030000000014020072
:1005900003000000CC0E0200030000006C0C0200FF
:1005A00003000000EC13020003000000D93A02002F
:1005B000030000009347020003000000AE40020069
:1005C0000300000015420200030000000B47020078
:1005D000030000003C280200030000001548020050
:1005E000030000004D2E0200030000000849020035
:1005F00003000000772A020003000000414A0200C5
:1006000003000000524A0200030000003F2B0200DA
:1006100003000000DA2B020003000000142E020089
:100620000300000069350200030000006D3902007C
:1006300003000000E439020003000000335202000E
:1006400003000000322E020003000000F339020014
:1006500003000000442E020003000000F224020008
:1006600004000000EC4A0200030000000E4B0200F0
:100670000300000058080200A82600209B2D02005D
:10068000010000009C08020040060020032E02002A
:040690000100000065
:1006A000B33F0200B83F0200BC3F0200C03F02005F
:1006B000C43F0200C83F0200CC3F0200D03F02000E
:1006C000D43F0200D83F0200DC3F0200E03F0200BE
:1006D000E43F0200E83F0200EC3F0200000103FF9C
:1006E00004FF0200DE5302000001000000010008C8
:1006F00012000000000000000000000000000000E8
:100700000338FDD8704700000080E03779C34143CB
:10071000176E05B5B5B89346F5F93FE9034F384D67
:10072000321D30F94877825A3CBF737FDD4F157513
:10073000000000000000F03F000000000000244026
:1007400000000000000059400000000000408F4001
:10075000000000000088C34000000000006AF8406C
:100760000000000080842E4100000000D012634190
:100770000000000084D797410000000065CDCD4106
:10078000000000205FA00242000000E876483742E7
:10079000000000A2941A6D42000040E59C30A24285
:1007A0000000901EC4BCD64200003426F56B0C43FA
:1007B0000080E03779C3414300A0D88557347643A1
:1007C00000C84E676DC1AB43003D9160E458E14302
:1007D000408CB5781DAF154450EFE2D6E41A4B4477
:1007E00092D54D06CFF08044F64AE1C7022DB544BC
:1007F000B49DD9794378EA44D2240200DD24020072
:10080000E3240200DE220200E9240200600D002041
:100810000004000063E6010005E60100020000009C
:10082000D7E7010000000000000000000000000009
:10083000000000007B2D0200832D0200000000005C
:1008400000000000000000008B2D02008F2D020030
:10085000932D0200972D0200AD6B0000A16B0000EC
:10086000D16B0000896B000000000000956B000058
:10087000000000002D6C0000B0260020855A0020EA
:10088000100000008C080200C0260020056D00004A
:10089000E0260020955A00200100000057E80100E2
:1008A0004DE80100B16C0000296D0000000000005F
:1008B00041E8010000000000C0040020000000002A
:1008C00000000B0602000000CC080200000000003F
:1008D0006237020024000202000000206A37020092
:1008E00020000B11F180000000000000B1E90100C0
:1008F000E4080200FC08020031010000582E01202B
:10090000E40802000C0902003D000000843B0120C5
:10091000E40802001C09020002010000903C0120D2
:10092000F03F02000E400200294002003940020060
:10093000464002004F400200564002005D40020067
:10094000644002006C400200464002007440020015
:10095000864002009B4002000E030000BD9800008C
:100960000F04000089980000FF010000418B000087
:100970003E010000218B0000100100009189000061
:1009800002010000D5A7000011000000B9A200007C
:100990000D01000035A300000E0F000015A6000099
:1009A0000F07000071A5000010020000A5A70000BD
:1009B000150C000015EC0100050C00001DEC0100F9
:1009C000E4080200CC09020003010000B03D012050
:1009D000574553545F544F504449522F7A657068BD
:1009E00079722F7375627379732F626C7565746F8A
:1009F0006F74682F636F6E74726F6C6C65722F7496
:100A000069636B65722F7469636B65722E63000096
:100A1000415353455254494F4E204641494C205B67
:100A200025735D20402025733A25640A00000000EC
:100A3000574553545F544F504449522F7A6570685C
:100A400079722F7375627379732F626C7565746F29
:100A50006F74682F636F6E74726F6C6C65722F6C3D
:100A60006C5F73772F756C6C2E630000216572725A
:100A7000000000006C696E6B0000000072780000DE
:100A8000756C6C5F7265665F67657428756C6C5F0A
:100A900068647229000000003000000072656C6517
:100AA000617365203D3D20646F6E65002172657441
:100AB00076616C0064656C7461203C3D2030207C64
:100AC0007C206D656D5F6C696E6B5F72782E7175E1
:100AD0006F74615F706475203C20282833202B20C0
:100AE0002831202A2031202A203229202B20312988
:100AF000202B2030290000006C6F6F700000000078
:100B000072782D3E6864722E7479706520213D20C4
:100B10004E4F44455F52585F545950455F4E4F4EBB
:100B20004500000072785F667265652D3E686472EC
:100B30002E7479706520213D204E4F44455F5258F8
:100B40005F545950455F4E4F4E45000073746174B9
:100B50007573203D3D203078343400002172657477
:100B600000000000574553545F544F504449522FE2
:100B70007A65706879722F7375627379732F626CFE
:100B80007565746F6F74682F636F6E74726F6C6CC1
:100B900065722F6C6C5F73772F6C6C6C5F636F6D1D
:100BA0006D6F6E2E6300000021657272207C7C20C8
:100BB000657272203D3D202D313139005745535427
:100BC0005F544F504449522F7A65706879722F7381
:100BD00075627379732F626C7565746F6F74682FAB
:100BE000636F6E74726F6C6C65722F6863692F68C7
:100BF00063695F6472697665722E63004C4C20698C
:100C00006E697469616C697A6174696F6E2066617E
:100C1000696C65643A20256400000000425420524B
:100C200058207072690000004254205258000000A1
:100C3000456D70747920484349207061636B657419
:100C400000000000556E6B6E6F776E2048434920A0
:100C5000747970652025750062745F6863695F63ED
:100C60006F6E74726F6C6C657200000062745F630B
:100C7000746C725F6863695F6472697665720000A4
:100C800085D60000FDD400004DD7000057455354D1
:100C90005F544F504449522F7A65706879722F73B0
:100CA00075627379732F626C7565746F6F74682FDA
:100CB000636F6E74726F6C6C65722F6863692F68F6
:100CC00063692E6300000000286164765F6D6F64C5
:100CD00065203C20282873697A655F7429202828BC
:100CE00028696E74292073697A656F662863686164
:100CF000725B31202D2032202A202128215F5F6263
:100D000075696C74696E5F74797065735F636F6D1C
:100D100070617469626C655F70285F5F747970657B
:100D20006F665F5F286475705F66696C7465725B7F
:100D3000305D2E6164765F6D6F6465292C205F5F86
:100D4000747970656F665F5F2826286475705F66CA
:100D5000696C7465725B305D2E6164765F6D6F6483
:100D600065295B305D2929295D29202D2031292025
:100D70002B202873697A656F66286475705F6669D1
:100D80006C7465725B305D2E6164765F6D6F646557
:100D900029202F2073697A656F6628286475705F33
:100DA00066696C7465725B305D2E6164765F6D6F31
:100DB0006465295B305D2929292929000961647648
:100DC0005F6D6F646520696E646578206F75742D42
:100DD0006F662D626F756E640A0000002A65767476
:100DE0005F62756600000000131510FF1A1B1200E9
:100DF00020202020486561646572206C656E6774F0
:100E0000682025752F25752C20494E56414C4944A4
:100E10002E0000006576745F627566005A65706822
:100E20007972204F532076332E372E393900000047
:100E30004E6F2048434920436F6D6D616E6420689A
:100E40006561646572000000496E76616C696420BA
:100E500048434920434D44207061636B6574206CA6
:100E6000656E6774680000006164762D3E74797069
:100E700065203D3D205044555F4144565F545950D4
:100E8000455F4449524543545F494E4400000000C9
:100E90002828282875696E747074725F74296E6FC3
:100EA0006465292025205F5F616C69676E6F662825
:100EB000737472756374206E6F64655F72785F73AC
:100EC000796E632929203D3D2030290062745F63DB
:100ED000746C725F68636900574553545F544F5098
:100EE0004449522F7A65706879722F7375627379ED
:100EF000732F626C7565746F6F74682F636F6E7497
:100F0000726F6C6C65722F6C6C5F73772F756C6C85
:100F10005F7363616E2E63007265660068616E6464
:100F20006C65203C2031000028726574203D3D2016
:100F30003029207C7C2028726574203D3D20322998
:100F400000000000216864722D3E64697361626C68
:100F500065645F6362000000657272203D3D203071
:100F6000207C7C20657272203D3D202D3132300086
:100F700009706172616D313A20257520706172616E
:100F80006D323A2025750A0021706172656E7420F9
:100F90007C7C2028706172656E7420213D20617513
:100FA000785F7363616E5F6C6C6C29007363616E54
:100FB00000000000574553545F544F504449522F8E
:100FC0007A65706879722F7375627379732F626CAA
:100FD0007565746F6F74682F636F6E74726F6C6C6D
:100FE00065722F6C6C5F73772F756C6C5F736361C8
:100FF0006E5F6175782E630073796E635F6C6C6CE5
:101000000000000073796E632D3E69735F73746F27
:1010100070207C7C2073796E635F6C6C6C2D3E6CF1
:101020006C6C5F61757800006C6C6C0021756C6C89
:101030005F7265665F67657428266175782D3E75F9
:101040006C6C2900726566203C203255000000005F
:10105000216C6C6C2D3E6C6C6C5F617578000000CF
:101060006C6C6C5F617578006C6C6C203D3D206130
:1010700075782D3E706172656E74000073796E63D1
:101080005F6C6C6C203D3D206175782D3E70617207
:10109000656E74002173796E635F6C6C6C2D3E6CB1
:1010A0006C6C5F6175780000617578202626206180
:1010B00075782D3E72785F6C61737400216C6C6C76
:1010C0002D3E6C6C6C5F617578207C7C20286C6C8C
:1010D0006C2D3E6C6C6C5F617578203D3D206C6CB6
:1010E0006C5F61757829000073796E635F6C6C6C5E
:1010F00020262620282173796E635F6C6C6C2D3E50
:101100006C6C6C5F617578207C7C2073796E635F9A
:101110006C6C6C2D3E6C6C6C5F617578203D3D2075
:101120006C6C6C5F6175782900000000287469633D
:101130006B65725F737461747573203D3D20302957
:10114000207C7C20287469636B65725F73746174A2
:101150007573203D3D20322900000000287469632A
:101160006B65725F737461747573203D3D20302927
:10117000207C7C20287469636B65725F7374617472
:101180007573203D3D203229207C7C2028287469FD
:10119000636B65725F737461747573203D3D2031BC
:1011A0002920262620302900756C6C5F73796E63C8
:1011B0005F69735F76616C69645F676574287379D2
:1011C0006E632900756C6C5F7363616E5F69735F3A
:1011D00076616C69645F676574287363616E29006A
:1011E0006C6C6C7363616E00574553545F544F5081
:1011F0004449522F7A65706879722F7375627379DA
:10120000732F626C7565746F6F74682F636F6E7483
:10121000726F6C6C65722F6C6C5F73772F756C6C72
:101220005F73796E632E6300737461747573203D10
:101230003D203000737461747573203D3D20302073
:101240007C7C20706172616D203D3D20756C6C5F0F
:1012500064697361626C655F6D61726B5F67657411
:1012600028290000706172616D203D3D20756C6C15
:101270005F64697361626C655F6D61726B5F676506
:10128000742829002173796E632D3E6E6F64655F4B
:1012900072785F73796E635F6573746162000000DA
:1012A000216C6C6C5F73796E632D3E6E6F64655F4D
:1012B0006374655F696E636F6D706C657465000063
:1012C00073796E635F68616E646C65203C3D2028B5
:1012D0003078666629000000216175782D3E7061C6
:1012E00072656E7400000000287469636B65725F3C
:1012F000737461747573203D3D203029207C7C20FF
:10130000287469636B65725F737461747573203DD3
:101310003D203229207C7C202828766F6964202A91
:101320002973796E63203D3D20756C6C5F64697331
:1013300061626C655F6D61726B5F676574282929F6
:101340000000000073796E6300000000574553549D
:101350005F544F504449522F7A65706879722F73E9
:1013600075627379732F626C7565746F6F74682F13
:10137000636F6E74726F6C6C65722F6C6C5F7377D9
:101380002F756C6C5F64662E6300000065727220BE
:101390003D3D2030207C7C20657272203D3D202D1B
:1013A0003200000064656C7461203C3D2030207C7C
:1013B0007C206D656D5F6C696E6B5F69715F7265D6
:1013C000706F72745F71756F74615F706475203CCB
:1013D0002028282835202A2031202A203229202B95
:1013E000203055202B2030552929000062745F637E
:1013F000746C725F756C6C5F66696C74657200000A
:1014000062745F63746C725F63727970746F0000F2
:10141000574553545F544F504449522F7A65706872
:1014200079722F7375627379732F626C7565746F3F
:101430006F74682F636F6E74726F6C6C65722F6659
:101440006C6173682F736F635F666C6173685F6E46
:1014500072665F7469636B65722E63000946616929
:101460006C656420746F2073746F70207072657087
:10147000617265207469636B65722E0A0A00000050
:1014800028726574203D3D2030207C7C207265747C
:10149000203D3D2032290000094661696C656420C9
:1014A000746F207265717565737420746865207738
:1014B0006F726B207469636B657220746F20737434
:1014C0006F702E0A0A000000094661696C6564208D
:1014D000746F2073746F70207469636B65722E0A69
:1014E0000A0000006C6C5F726164696F5F73746105
:1014F00074655F69735F69646C652829000000008A
:1015000009526164696F206973206F6E206475727F
:10151000696E6720666C617368206F7065726174B4
:10152000696F6E2E0A0A0000287374617475732047
:101530003D3D2030207C7C20737461747573203DA8
:101540003D20312900000000094661696C65642076
:10155000746F2073746F7020776F726B207469637F
:101560006B65722C207469636B6572206A6F6220F0
:10157000627573792E0A0A00574553545F544F50D1
:101580004449522F7A65706879722F737562737946
:10159000732F626C7565746F6F74682F636F6E74F0
:1015A000726F6C6C65722F6C6C5F73772F6E6F72DD
:1015B0006469632F6C6C6C2F6C6C6C2E6300000084
:1015C000707265656D70745F726571203D3D20704D
:1015D0007265656D70745F61636B00007072656544
:1015E0006D70745F73746172745F72657120213DF8
:1015F00020707265656D70745F73746172745F6181
:10160000636B0000707265656D70745F73746F70EA
:101610005F72657120213D20707265656D70745F29
:1016200073746F705F61636B0000000070726565BA
:101630006D70745F72657120213D20707265656DFB
:1016400070745F61636B0000707265656D70745FCC
:1016500061636B20213D20707265656D70745F72EF
:1016600065710000707265656D70746F72203D3D2C
:101670002072656164795F6E65787400726561647B
:10168000792D3E707265706172655F706172616D17
:101690002E706172616D203D3D20706172616D0040
:1016A0006974657200000000657272203D3D202D56
:1016B00031343000574553545F544F504449522FF2
:1016C0007A65706879722F696E636C7564652F7ABC
:1016D00065706879722F647269766572732F656EB2
:1016E00074726F70792E68006170692D3E67657441
:1016F0005F656E74726F707920213D202828766FA7
:101700006964202A293029000943616C6C62616395
:101710006B20706F696E7465722073686F756C648E
:10172000206E6F74206265204E554C4C0A000000FC
:1017300021706172616D000021706172616D207CA9
:101740007C206E65787400006576656E742E637516
:1017500072722E61626F72745F6362006576646F8D
:101760006E650000657272203E3D20300000000072
:101770006E65787400000000217265616479207CD8
:101780007C202672656164792D3E7072657061728D
:10179000655F706172616D203D3D207072657061A2
:1017A00072655F706172616D00000000F401FA0003
:1017B000960064004B0032001E001400574553543D
:1017C0005F544F504449522F7A65706879722F7375
:1017D00075627379732F626C7565746F6F74682F9F
:1017E000636F6E74726F6C6C65722F6C6C5F737765
:1017F0002F6E6F726469632F6C6C6C2F6C6C6C5FF6
:101800007363616E2E6300006E6F64655F727800B3
:10181000657874726100000021726164696F5F69AC
:10182000735F726561647928290000006E6F6465DA
:101830005F72783200000000574553545F544F5098
:101840004449522F7A65706879722F737562737983
:10185000732F626C7565746F6F74682F636F6E742D
:10186000726F6C6C65722F6C6C5F73772F6E6F721A
:101870006469632F6C6C6C2F6C6C6C5F7363616E4E
:101880005F6175782E6300006E65787420213D20BD
:10189000637572720000000073746172745F757317
:1018A000203D3D20286175785F73746172745F75A7
:1018B00073202B20315529007064752D3E7479708A
:1018C00065203D3D205044555F4144565F5459507A
:1018D000455F4558545F494E4400000057455354F6
:1018E0005F544F504449522F7A65706879722F7354
:1018F00075627379732F626C7565746F6F74682F7E
:10190000636F6E74726F6C6C65722F6C6C5F737743
:101910002F6E6F726469632F6C6C6C2F6C6C6C5FD4
:1019200073796E632E63000069715F7265706F7208
:1019300074000000216C6C6C2D3E6E6F64655F63FB
:1019400074655F696E636F6D706C6574650000002F
:10195000574553545F544F504449522F7A6570682D
:1019600079722F7375627379732F626C7565746FFA
:101970006F74682F636F6E74726F6C6C65722F6C0E
:101980006C5F73772F6E6F726469632F68616C2F61
:101990006E7266352F636E74722E63005F726566B9
:1019A000636F756E74000000574553545F544F5079
:1019B0004449522F7A65706879722F737562737912
:1019C000732F626C7565746F6F74682F636F6E74BC
:1019D000726F6C6C65722F6C6C5F73772F6E6F72A9
:1019E0006469632F68616C2F6E7266352F6D617943
:1019F000666C792E63000000574553545F544F5076
:101A00004449522F7A65706879722F7375627379C1
:101A1000732F626C7565746F6F74682F636F6E746B
:101A2000726F6C6C65722F6C6C5F73772F6E6F7258
:101A30006469632F68616C2F6E7266352F746963F9
:101A40006B65722E63000000757365725F696420B8
:101A50003C2073697A656F662863616C6C65725FA0
:101A600069645F6C7574290063616C6C65725F6991
:101A70006420213D203000000103040557455354E4
:101A80005F544F504449522F6D6F64756C65732FCE
:101A900068616C2F6E6F726469632F6E7266782F47
:101AA00068616C2F6E72665F6770696F2E680000E8
:101AB0006E72665F6770696F5F70696E5F70726586
:101AC00073656E745F636865636B282A705F706905
:101AD0006E290000155E0100015F0100000000009A
:101AE00099600100BD5F010009480200D5EC0100CA
:101AF000DBEC01000F480200815F0100E7EC010010
:101B0000BBEC010000000000515E0100000000007D
:101B100000000000A9640100D5630100F1EC0100A0
:101B20000000000079ED0100C967010005670100B0
:101B300049660100396601000400000000FF000052
:101B4000FF0300000003005000000000010000003F
:101B50000060004000000000FFFFFFFF0000005099
:101B600000000000000000000060004000000000D5
:101B7000916A0100A7ED0100B5ED0100CDED010076
:101B8000D9ED0100E5ED0100AD69010069680100D2
:101B900000000000003000400000000000000000D5
:101BA000000000000000980100000101A56C010088
:101BB000B41B020000300040C01B02000200000005
:101BC000D81B020002000000D01B0200020100002E
:101BD0001A80000C1B80000B1A00000C1B00000B6D
:101BE000056E010000000000DD6C01000000000037
:101BF000000000004D6E01000020004001000000C8
:101C0000000000001C1C02000000D60100000000C3
:101C100000000000375C0020365C002000200040FF
:101C2000281C020002000000481C02000400000002
:101C3000381C02000401000006800000088000013A
:101C40000580000207800003060000000500000276
:101C50000806000107060003D7EE0100B17101007C
:101C6000C9EE010069F00100FDEE010025EF010061
:101C700059EF010069EF010097EF0100A3EF0100A8
:101C800069EF010087EF0100AFEF0100BDEF010038
:101C9000CBEF010001F0010005F001000000014060
:101CA0000000000089760100ABF201000D76010012
:101CB000B1F20100915102009F510200B3510200A4
:101CC000C2510200CE5102007402020074020200EE
:101CD000CC020200DC020200140302001403020022
:101CE000F008002005000000190000007D00000041
:101CF00000000000000000000000000000000000E4
:101D000000000000000000000000000000000000D3
:101D100000000000000000000000000000000000C3
:101D200000000000000000000000000000000000B3
:101D300000000000000000000000000000000000A3
:101D40000000000000000000000000000000000093
:101D50004372656174696E672053796E6320666FA4
:101D600072207461677320696E206C69737400431C
:101D70004D414B455F534F555243455F4449522FA8
:101D80007372632F6D61696E2E6300657272203D00
:101D90003D2030207C7C20657272203D3D202D311D
:101DA00036207C7C20657272203D3D202D31320032
:101DB000415353455254494F4E204641494C205BB4
:101DC00025735D20402025733A25640A0009466189
:101DD000696C656420656E61626C652073796E6301
:101DE0003A2025640A005065722073796E63696E2B
:101DF0006720616C726561647920656E61626C65F3
:101E00006421004D61782073796E6365642074618C
:101E10006773207265616368656421007075626C28
:101E200069630072616E646F6D007075626C6963E6
:101E30002D69640072616E646F6D2D6964002530D8
:101E400032583A253032583A253032583A25303215
:101E5000583A253032583A253032582028257329EF
:101E60000053796E6320696E6465783A2025642C8E
:101E700020546F74616C2064617461207061636BC5
:101E80006574733A2025642C204E756D206572723E
:101E90006F72207061636B6574733A20256420282B
:101EA00025642525290A004E6F204572726F722025
:101EB00064657465637465642C207265626F6F7409
:101EC000696E6700094572726F722064657465639C
:101ED0007465642C206A7573742061737365727401
:101EE00020736F206C6F67732063616E20626520C2
:101EF00073747564696564206561736965720A004D
:101F0000657272203D3D203000094D757374206666
:101F1000696E64207468652073796E6320686572E9
:101F2000652C206F746865727769736520736F6DB7
:101F3000657468696E672077726F6E670A00476F15
:101F400074206374655F726563765F636220667296
:101F50006F6D206E6F6E6520717565756564207498
:101F6000616721005F5F5F5F5F5F5F4D495353496A
:101F70004E4720495120444154412025642F383296
:101F80002064657669636520696E6465783A20250A
:101F9000642C20736C6F745F6475726174696F6E0A
:101FA000733A2025640A004552520A0073796E6321
:101FB0005F646576696365735B6465766963655FB5
:101FC000696E6465785D2E69735F73796E636564AD
:101FD0002026262073796E635F6465766963657376
:101FE0005B6465766963655F696E6465785D2E69BB
:101FF000735F7573656400094354452066726F6DA5
:1020000020746167207768696368206973206E6F48
:10201000742073796E636564210A0073796E635F5F
:10202000646576696365735B746167496E6465783E
:102030005D2E73796E635F696E646578203D3D2027
:1020400062745F6C655F7065725F6164765F7379FF
:102050006E635F6765745F696E6465782873796E17
:1020600063290009726563765F63622077726F6E21
:10207000672073796E6320696E6465780A004D6924
:102080007373206D6174636820696E2073796E6369
:1020900020696E6465782C2065787065637465646A
:1020A0003A2025642C2062757420776173202564A2
:1020B0000044617461206D697373206D617463689D
:1020C0003A2025642C2073796E635F696E646578AD
:1020D0003A2025642C204D41432041646472203A0B
:1020E0002025732042555420646174612069733A3D
:1020F0002025730009476F74207065722E2061647B
:10210000762E20646174612066726F6D2074616741
:10211000206E6F74206B6E6F776E20696E20425454
:1021200020737461636B2C20696E6465783A202596
:10213000640A0025733A205363616E20697320722C
:10214000756E6E696E672E2E2E0A00752D626C6F8D
:102150007820416F4120314D004661696C656420F3
:10216000616464696E6720746F2062745F6C655F80
:102170007065725F6164765F6C6973745F616464DB
:10218000206572723D2025640025733A2041646405
:1021900065642074616720746F20706572206164CB
:1021A00076206C6973740025733A202825642920F1
:1021B0005045525F4144565F53594E435B25755D10
:1021C0003A205B4445564943455D3A2025732073C8
:1021D000796E63207465726D696E617465642072D6
:1021E0006561736F6E3A2025640A00476F7420732F
:1021F000796E635F7465726D2066726F6D206E6FAD
:102200006E652071756575656420746167210009CC
:10221000476F742073796E635F7465726D206672A8
:102220006F6D206E6F6E65207175657565642074C5
:102230006167210A0025733A204465766963652049
:102240007761732073796E6365643A2000746572F8
:102250006D5F636220666F72204E4F4E452073792A
:102260006E636564207461672120696E666F2D3E20
:10227000726561736F6E3A2025640025733A2052AF
:10228000656D6F7665207461672066726F6D207072
:10229000657220616476206C6973740062745F6C8F
:1022A000655F7065725F6164765F6C6973745F729D
:1022B000656D6F7665206661696C6564202865725E
:1022C00072202564290A0044657669636520756E6D
:1022D0006B6E6F776E2073746174653A2000556E73
:1022E0006B6E6F776E0025733A2028256429205085
:1022F00045525F4144565F53594E435B25755D3AE5
:10230000205B4445564943455D3A20257320737947
:102310006E6365642C20496E74657276616C203042
:10232000782530347820282575206D73292C20508D
:1023300048592025730A00476F742073796E632013
:1023400066726F6D206E6F6E652071756575656460
:1023500020746167210025733A2052656D6F7665A0
:1023600064207461672066726F6D207065722061F1
:102370006476206C697374000945787065637465D0
:10238000642074616720746F20626520696E206329
:102390006F6E74726F6C6C6572206164765F6C69CD
:1023A00073742E20497320746865726520612072F1
:1023B0006163653F0A00416C6C2074616773207330
:1023C000796E6365642C206966206E6F2065727279
:1023D0006F7273207265737461727420696E203538
:1023E00073005374617274696E6720436F6E6E651B
:1023F0006374696F6E6C657373204C6F6361746F87
:10240000722044656D6F0A00426C7565746F6F745D
:102410006820696E697469616C697A6174696F6E4C
:102420002E2E2E00737563636573730A0053636108
:102430006E2063616C6C6261636B732072656769A7
:10244000737465722E2E2E00737563636573732E1D
:102450000A00506572696F64696320416476657231
:10246000746973696E672063616C6C6261636B731E
:102470002072656769737465722E2E2E0053746125
:102480007274207363616E6E696E672E2E2E005714
:10249000616974696E6720666F7220706572696F1A
:1024A000646963206164766572746973696E672E0E
:1024B0002E2E0A00544147533A0025642C007379AC
:1024C0006E632E2E2E2C002D2C0025732C202564BF
:1024D0000A004E6F207061636B657473004C452079
:1024E000314D004C4520324D004C4520436F646512
:1024F0006400755F64665F7363616E007363616E31
:102500005F726563760073796E635F636200746502
:10251000726D5F636200574553545F544F50444996
:10252000522F7A65706879722F6C69622F686561C5
:10253000702F686561702E63006368756E6B5F75E0
:1025400073656428682C2063290009756E657870AE
:102550006563746564206865617020737461746577
:102560002028646F75626C652D667265653F292051
:10257000666F72206D656D6F7279206174202570B1
:102580000A006C6566745F6368756E6B28682C2042
:1025900072696768745F6368756E6B28682C206366
:1025A0002929203D3D20630009636F7272757074A4
:1025B0006564206865617020626F756E64732028A1
:1025C000627566666572206F766572666C6F773FBE
:1025D0002920666F72206D656D6F7279206174209D
:1025E00025700A0028616C69676E20262028616CBE
:1025F00069676E202D20312929203D3D20300009BA
:10260000616C69676E206D7573742062652061204E
:10261000706F776572206F6620320A006279746588
:1026200073203E20686561705F666F6F7465725FCE
:102630006279746573286279746573290009686525
:1026400061702073697A6520697320746F6F2073DD
:102650006D616C6C0A00686561705F737A203E2062
:102660006368756E6B737A2873697A656F66287311
:102670007472756374207A5F6865617029290063DC
:1026800068756E6B305F73697A65202B206D696E9B
:102690005F6368756E6B5F73697A65286829203C93
:1026A0003D20686561705F737A00574553545F54ED
:1026B0004F504449522F7A65706879722F6C696265
:1026C0002F6F732F63627072696E74665F706163DF
:1026D0006B616765642E630009537472696E6720CD
:1026E0007769746820746F6F206D616E79206172F4
:1026F00067756D656E74730A00097374725F707428
:10270000725F706F735B5D20746F6F20736D616CAF
:102710006C0A0009756E6578706563746564207372
:10272000697A652025750A0009746F6F206D616EE6
:102730007920666F726D617420617267730A006937
:102740006E5F7061636B6167656420213D2028289E
:10275000766F6964202A2930290028756E736967AD
:102760006E6564292063686172202A207573656430
:1027700020666F722025257020617267756D656E09
:10278000742E2049742773207265636F6D6D656EBA
:1027900064656420746F20636173742069742074AD
:1027A0006F20766F6964202A2062656361757365A6
:1027B000206974206D6179206361757365206D698E
:1027C000736265686176696F7220696E20636572F5
:1027D0007461696E20636F6E666967757261746992
:1027E0006F6E732E20537472696E673A22257322BE
:1027F00020617267756D656E743A2564007363704D
:10280000795F636E74203C2073697A656F66286314
:1028100070795F7374725F706F7329006B65657098
:102820005F636E74203C2073697A656F66286B6500
:1028300065705F7374725F706F732900636270728A
:10284000696E74665F7061636B61676500286E69AD
:102850006C2900574553545F544F504449522F7AC6
:1028600065706879722F6C69622F6F732F6D70734A
:10287000635F706275662E6300574553545F544F13
:10288000504449522F7A65706879722F696E636C73
:102890007564652F7A65706879722F7370696E6CD4
:1028A0006F636B2E68007A5F7370696E5F6C6F6325
:1028B0006B5F76616C6964286C290009496E7661EA
:1028C0006C6964207370696E6C6F636B2025700A8D
:1028D000007A5F7370696E5F756E6C6F636B5F76A5
:1028E000616C6964286C2900094E6F74206D792031
:1028F0007370696E6C6F636B2025700A00466169A6
:102900006C656420746F207265626F6F743A207317
:1029100070696E6E696E6720656E646C6573736C4A
:10292000792E2E2E0A00574553545F544F50444978
:10293000522F7A65706879722F6C69622F7574698D
:102940006C732F6F6E6F66662E63007374617465AF
:10295000203D3D20305500217379735F736C69739E
:10296000745F69735F656D70747928266D67722D69
:102970003E636C69656E747329007472616E73696D
:102980007420213D202828766F6964202A29302967
:10299000007374617465203D3D202831554C203C06
:1029A0003C2028312929006D67722D3E72656673BF
:1029B000203D3D2030007374617465203D3D20282A
:1029C00031554C203C3C2028302929006D67722D60
:1029D0003E72656673203E20300028737461746512
:1029E000203D3D20282831554C203C3C20283229D0
:1029F00029207C202831554C203C3C202831292995
:102A00002929207C7C20287374617465203D3D2039
:102A1000282831554C203C3C2028322929207C2074
:102A200030552929207C7C20287374617465203DF1
:102A30003D20282831554C203C3C20283229292093
:102A40007C202831554C203C3C202830292929293C
:102A500000574553545F544F504449522F7A657084
:102A60006879722F6C69622F7574696C732F6E6F41
:102A7000746966792E630066735F6E7673006C6F9F
:102A80006767696E6700574553545F544F50444918
:102A9000522F7A65706879722F7375627379732F0C
:102AA0006C6F6767696E672F6C6F675F636F7265C6
:102AB0002E63006C6F675F6261636B656E645F635A
:102AC0006F756E745F6765742829203C2028283351
:102AD00032202F20335529202D202831202B203043
:102AE0002929006261636B656E64203C3D205F6C48
:102AF0006F675F6261636B656E645F6C6973745F5F
:102B0000656E640009756E65787065637465642030
:102B10006C69737420656E64206C6F636174696F97
:102B20006E0A006C6F675F6261636B656E645F6302
:102B30006F756E745F6765742829203E2030006CC5
:102B40006F6700574553545F544F504449522F7A92
:102B500065706879722F7375627379732F6C6F6704
:102B600067696E672F6C6F675F6D676D742E6300AA
:102B70006C696E6B203C3D205F6C6F675F6C696EAB
:102B80006B5F6C6973745F656E6400574553545F87
:102B9000544F504449522F7A65706879722F696E8C
:102BA000636C7564652F7A65706879722F6C6F67D6
:102BB00067696E672F6C6F675F6261636B656E64D8
:102BC0002E68006261636B656E6420213D202828B9
:102BD000766F6964202A293029006C6F675F6D6702
:102BE0006D74004D6573736167652028222573221B
:102BF000292064726F70706564206265636175730B
:102C00006520697420657863656564732073697AEB
:102C100065206C696D69746174696F6E2028257513
:102C20002900574553545F544F504449522F7A65F9
:102C3000706879722F7375627379732F6C6F676721
:102C4000696E672F6C6F675F6D73672E6300706CC2
:102C5000656E203E3D2030004D65737361676520D1
:102C600064726F707065642062656361757365205E
:102C7000697420657863656564732073697A65207B
:102C80006C696D69746174696F6E202825752900FF
:102C90000D0A00574553545F544F504449522F7A00
:102CA00065706879722F7375627379732F6C6F67B3
:102CB00067696E672F6C6F675F6F75747075742EC0
:102CC00063006F75745F6374782D3E636F6E74720A
:102CD0006F6C5F626C6F636B2D3E6F6666736574BD
:102CE000203C3D206F75745F6374782D3E73697A64
:102CF00065001B5B306D006C6576656C203C3D208B
:102D0000345500257320005B2530386C755D20003C
:102D10005B253032753A253032753A253032752EC2
:102D2000253033752C253033755D200025732F0039
:102D30003C25733E200025733A2000657272203EC8
:102D40003D203000253032782000202020007C00FB
:102D5000256300206D657373616765732064726F0E
:102D600070706564202D2D2D0D0A1B5B306D001BCE
:102D70005B313B33316D2D2D2D20001B5B313B33FF
:102D8000316D001B5B313B33336D00657272007730
:102D9000726E00696E6600646267006C6F675F62E6
:102DA00061636B656E645F72747400574553545F62
:102DB000544F504449522F7A65706879722F737559
:102DC000627379732F6C6F6767696E672F626163D7
:102DD0006B656E64732F6C6F675F6261636B656EAA
:102DE000645F756172742E63006465766963655F04
:102DF00069735F726561647928756172745F646577
:102E00007629006C6F675F6261636B656E645F75E6
:102E1000617274006C6F675F7561727400616374D6
:102E20006976650073757370656E646564006F66BE
:102E30006600706D5F64657669636500000101037B
:102E4000010003017461736B5F77647400666C61E9
:102E50007368002A2A2A20426F6F74696E67206E99
:102E6000524620436F6E6E6563742053444B207648
:102E7000322E392E302D37373837623236343938E2
:102E80003430202A2A2A0A002A2A2A205573696EF9
:102E900067205A6570687972204F532076332E3739
:102EA0002E39392D31663866336463323931343224
:102EB000202A2A2A0A0072302F61313A20203078E5
:102EC00025303878202072312F61323A2020307836
:102ED00025303878202072322F61333A2020307824
:102EE000253038780072332F61343A20203078252D
:102EF000303878207231322F69703A2020307825AE
:102F0000303878207231342F6C723A202030782596
:102F10003038780020787073723A2020307825306D
:102F2000387800735B2532645D3A20203078253094
:102F300038782020735B2532645D3A202030782574
:102F40003038782020735B2532645D3A2020307859
:102F5000253038782020735B2532645D3A2020309C
:102F600078253038780066707363723A20203078A4
:102F7000253038780072342F76313A202030782589
:102F8000303878202072352F76323A20203078255C
:102F9000303878202072362F76333A20203078254A
:102FA0003038780072372F76343A20203078253048
:102FB0003878202072382F76353A20203078253026
:102FC0003878202072392F76363A20203078253014
:102FD0003878007231302F76373A20307825303803
:102FE0007820207231312F76383A203078253038E9
:102FF00078202020207073703A20203078253038D7
:1030000078004558435F52455455524E3A20307827
:10301000253078004661756C74696E6720696E733F
:103020007472756374696F6E206164647265737322
:1030300020287231352F7063293A203078253038B6
:103040007800556E68616E646C6564204952516EFB
:103050003A202564002A2A2A2A2A2042555320464B
:1030600041554C54202A2A2A2A2A002020537461D0
:10307000636B696E67206572726F72002020556EF7
:10308000737461636B696E67206572726F72002082
:103090002050726563697365206461746120627594
:1030A00073206572726F72002020424641522041A7
:1030B0006464726573733A20307825780020204963
:1030C0006D707265636973652064617461206275F7
:1030D00073206572726F72002020496E737472756E
:1030E0006374696F6E20627573206572726F72000F
:1030F0002020466C6F6174696E672D706F696E7405
:10310000206C617A792073746174652070726573C4
:103110006572766174696F6E206572726F72002AD3
:103120002A2A2A2A205553414745204641554C54C6
:10313000202A2A2A2A2A0020204469766973696F86
:103140006E206279207A65726F002020556E616C66
:1031500069676E6564206D656D6F72792061636368
:103160006573730020204E6F20636F70726F63650C
:1031700073736F7220696E737472756374696F6EA6
:1031800073002020496C6C6567616C206C6F616412
:10319000206F66204558435F52455455524E206972
:1031A0006E746F205043002020496C6C6567616C21
:1031B00020757365206F66207468652045505352F2
:1031C000002020417474656D707420746F206578E0
:1031D000656375746520756E646566696E656420E7
:1031E000696E737472756374696F6E002A2A2A2A75
:1031F0002A204D5055204641554C54202A2A2A2A2F
:103200002A002020537461636B696E6720657272B7
:103210006F722028636F6E746578742061726561C7
:10322000206D69676874206265206E6F7420766116
:103230006C696429002020446174612041636365E6
:1032400073732056696F6C6174696F6E0020204D36
:103250004D46415220416464726573733A20307860
:103260002578002020496E737472756374696F6EDF
:10327000204163636573732056696F6C6174696F75
:103280006E00574553545F544F504449522F7A654E
:10329000706879722F617263682F61726D2F636F2E
:1032A00072652F636F727465785F6D2F6661756CE0
:1032B000742E6300212828285343425F5479706597
:1032C000202A2920282830784530303045303030C9
:1032D000554C29202B20307830443030554C292053
:1032E000292D3E434653522026202831554C203C60
:1032F0003C20283055202B203455292929000953FA
:103300007461636B696E67206572726F72206E6F95
:1033100074206120737461636B206661696C0A0AB2
:1033200000526573657276656420457863657074D4
:10333000696F6E20280053707572696F757320690C
:103340006E74657272757074202849525120005352
:103350005053454C20696E20746872656164206D1D
:103360006F646520646F6573206E6F7420696E648E
:103370006963617465205053500065736620213D78
:10338000202828766F6964202A29302900094553AE
:103390004620636F756C64206E6F742062652072C6
:1033A00065747269657665642073756363657373AC
:1033B00066756C6C792E205368616C6C206E657636
:1033C0006572206F636375722E0A002A2A2A2A2AE0
:1033D0002048415244204641554C54202A2A2A2A4A
:1033E0002A002020427573206661756C74206F6E10
:1033F00020766563746F72207461626C65207265FB
:1034000061640020204465627567206576656E748E
:103410000020204661756C7420657363616C617473
:10342000696F6E20287365652062656C6F7729006F
:10343000415243485F45584345505420776974686A
:1034400020726561736F6E2025780A0009466175E8
:103450006C7420657363616C6174696F6E20776949
:1034600074686F75742046535220696E666F0A0047
:1034700009486172644661756C7420776974686F7D
:103480007574204846535220696E666F20536861F8
:103490006C6C206E65766572206F636375720A00CE
:1034A0002A2A2A2A2A204465627567206D6F6E6970
:1034B000746F7220657863657074696F6E202A2A54
:1034C0002A2A2A002A2A2A2A2A2025732025642922
:1034D000202A2A2A2A2A00574553545F544F504421
:1034E00049522F7A65706879722F617263682F6113
:1034F000726D2F636F72652F636F727465785F6D85
:103500002F6972715F6D616E6167652E6300707205
:10351000696F203C3D20282831554C203C3C202818
:10352000332929202D2031290009696E76616C69C3
:1035300064207072696F7269747920256420666FE7
:103540007220256420697271212076616C75657323
:10355000206D757374206265206C657373207468C8
:10356000616E20256C750A0A006D707500466169F0
:103570006C656420746F20616C6C6F63617465208E
:103580006E6577204D505520726567696F6E2025F6
:10359000750A00506172746974696F6E2025753AFE
:1035A0002073616E69747920636865636B2066615E
:1035B000696C65642E00574553545F544F5044491D
:1035C000522F7A65706879722F617263682F617209
:1035D0006D2F636F72652F6D70752F61726D5F6DEA
:1035E00070752E630009436F6E6669677572696E48
:1035F0006720257520737461746963204D505520D0
:10360000726567696F6E73206661696C65640A0A2A
:103610000009436F6E6669677572696E672025756C
:103620002064796E616D6963204D50552072656725
:10363000696F6E73206661696C65640A0A000952DD
:1036400065717565737420746F20636F6E6669674A
:103650007572653A20257520726567696F6E7320F3
:1036600028737570706F727465643A202575290A25
:103670000A002128726567696F6E5B6964785D2E48
:1036800064745F617474722026202831554C203C8C
:103690003C202830292929000952414D5F4E4F43D3
:1036A0004143484520776974682044545F4D454D37
:1036B0005F434143484541424C45206174747269FF
:1036C000627574650A0A00094661696C6564207454
:1036D0006F20616C6C6F63617465204D5055207272
:1036E0006567696F6E732066726F6D2044540A0AB5
:1036F000002828284D50555F54797065202A2920CC
:10370000282830784530303045303030554C29202D
:103710002B20307830443930554C2920292D3E5407
:103720005950452026202830784646554C203C3CB0
:103730002038552929203E3E203855203D3D20384F
:103740000009496E76616C6964206E756D62657200
:10375000206F66204D505520726567696F6E730A41
:103760000A00464C4153485F30005352414D5F3090
:1037700000574553545F544F504449522F7A657057
:103780006879722F6C69622F6C6962632F6E65773E
:103790006C69622F6C6962632D686F6F6B732E6347
:1037A000002828282873697A655F742928313238FF
:1037B0002929203C3C20313029202D20282828751B
:1037C000696E747074725F74292028265F656E6458
:1037D0002929202D203078323030303030303029D7
:1037E00029203E3D203230343800096D656D6F72FE
:1037F0007920737061636520617661696C61626CC8
:103800006520666F72206E65776C696220686561FD
:1038100070206973206C657373207468616E207406
:103820006865206D696E696D756D20726571756969
:103830007265642073697A6520737065636966696F
:10384000656420627920434F4E4649475F4E455795
:103850004C49425F4C4942435F4D494E5F5245518E
:1038600055495245445F484541505F53495A450ABE
:10387000002A6C6F636B20213D202828766F6964D5
:10388000202A29302900096E6F6E2D7265637572CA
:1038900073697665206C6F636B20616C6C6F63611C
:1038A00074696F6E206661696C65640A00097265EF
:1038B00063757273697665206C6F636B20616C6CE5
:1038C0006F636174696F6E206661696C65640A007C
:1038D00061626F727428290A00574553545F544F30
:1038E000504449522F7A65706879722F6C69622F43
:1038F0006E65745F6275662F6275662E6300627511
:10390000662D3E666C616773203D3D203055006238
:1039100075662D3E6672616773203D3D20282876CE
:103920006F6964202A29302900706F6F6C007265FE
:10393000715F73697A65203C3D2073697A6500097F
:103940000A00706172656E7400706172656E742D2C
:103950003E667261677300706172656E742D3E66BB
:1039600072616773203D3D2066726167006E657409
:103970005F62756600574553545F544F5044495237
:103980002F7A65706879722F6C69622F6E65745F2B
:103990006275662F6275665F73696D706C652E6304
:1039A000006275662D3E6C656E203D3D20305500F1
:1039B0006275662D3E6C656E203E3D206C656E0026
:1039C0006E65745F6275665F73696D706C655F7458
:1039D00061696C726F6F6D2862756629203E3D20AB
:1039E0006C656E006E65745F6275665F73696D709D
:1039F0006C6500736F630000000000000000FFFFB3
:103A0000FFFFFFFF0000000000003031323334358B
:103A10003637383961626364656600574553545FD1
:103A2000544F504449522F7A65706879722F7375DC
:103A3000627379732F626C7565746F6F74682F6829
:103A40006F73742F6275662E630074797065203D04
:103A50003D2042545F4255465F455654207C7C20B1
:103A600074797065203D3D2042545F4255465F4168
:103A7000434C5F494E207C7C2074797065203D3D2D
:103A80002042545F4255465F49534F5F494E0009FB
:103A9000496E76616C696420627566666572207431
:103AA000797065207265717565737465640A00626A
:103AB000745F627566006D616C666F726D6564201F
:103AC0006164766572746973696E6720646174619C
:103AD000202575202F2025750062745F6461746154
:103AE000004861726477617265206572726F722C32
:103AF00020686172647761726520636F64653A2043
:103B0000256400436F756C64206E6F74207375625A
:103B10006D69742072785F776F726B3A202564004C
:103B2000556E68616E646C6564206576656E7420A0
:103B3000307825303278206C656E2025753A202546
:103B40007300546F6F20736D616C6C202825752095
:103B5000627974657329206576656E7420307825E6
:103B600030327800496E76616C69642048434920A0
:103B70006576656E742073697A652028257529003D
:103B8000574553545F544F504449522F7A657068DB
:103B900079722F7375627379732F626C7565746FA8
:103BA0006F74682F686F73742F6863695F636F72D7
:103BB000652E630062745F6863695F6576745F6732
:103BC00065745F666C616773286864722D3E657604
:103BD00074292026202831554C203C3C20283129AE
:103BE0002900556E6B6E6F776E2062756620747952
:103BF000706520257500556E68616E646C65642083
:103C000076656E646F722D73706563696669632093
:103C10006576656E7420307825303278206C656E5C
:103C20002025753A202573004E6F20636F6D6D61FE
:103C30006E642073656E7420666F7220636D6420FD
:103C4000636F6D706C657465203078253034780052
:103C50004F70436F64652030782530347820636F6F
:103C60006D706C6574656420696E73746561642041
:103C70006F662065787065637465642030782530E0
:103C80003478002162756600756E6B6E6F776E001A
:103C90006576745F666C6167732026202831554C09
:103CA000203C3C202830292900496E76616C6964EB
:103CB000206275662074797065202575005B305D23
:103CC000004964656E7469747925733A2025730020
:103CD0004964656E746974795B25645D3A20257367
:103CE000004843493A2076657273696F6E202573E8
:103CF00020283078253032782920726576697369FA
:103D00006F6E203078253034782C206D616E7566AA
:103D10006163747572657220307825303478004C98
:103D20004D503A2076657273696F6E202573202896
:103D300030782530327829207375627665722030AC
:103D4000782530347800556E61626C6520746F2080
:103D500073656E6420746F206472697665722028C2
:103D60006572722025642900556E636C6561726509
:103D7000642070656E64696E672073656E745F633E
:103D80006D6400737563636573730009636F6D6DB4
:103D9000616E64206F70636F646520307825303405
:103DA000782074696D656F75740A0009436F6E74CD
:103DB000726F6C6C657220756E726573706F6E7366
:103DC0006976652C20636F6D6D616E64206F706322
:103DD0006F6465203078253034782074696D656FA4
:103DE00075742077697468206572722025640A00F2
:103DF0006F70636F64652030782530347820737479
:103E00006174757320307825303278202573004E28
:103E10006F6E2D4C452063617061626C6520636F2D
:103E20006E74726F6C6C6572206465746563746522
:103E300064210056656E646F72204843492065789E
:103E400074656E73696F6E73206E6F742061766136
:103E5000696C61626C6500485720506C6174666FD4
:103E6000726D3A2025732028307825303478290067
:103E700048572056617269616E743A202573202874
:103E800030782530347829004669726D7761726523
:103E90003A2025732028307825303278292056653D
:103EA0007273696F6E2025752E2575204275696CB9
:103EB00064202575004661696C656420746F20720A
:103EC00065616420737570706F72746564207665C7
:103ED0006E646F7220636F6D6D616E647300466116
:103EE000696C656420746F207265616420737570FD
:103EF000706F727465642076656E646F722066659B
:103F0000617475726573004843492064726976650F
:103F100072206973206E6F7420726561647900414C
:103F20006F4120427567004661696C656420746F5B
:103F30002073657420646576696365206E616D65C4
:103F40002028256429004254205258205751004807
:103F5000434920647269766572206F70656E2066D1
:103F600061696C6564202825642900556E65787048
:103F7000656374656420484F53545F4E554D5F43ED
:103F80004F4D504C455445445F5041434B4554536D
:103F90002C2073746174757320307825303278204A
:103FA00025730091FBFBF3F4FBFBFBFBEA0102042E
:103FB000010204312E306200312E3100312E3200E8
:103FC000322E3000322E3100332E3000342E3000AD
:103FD000342E3100342E3200352E3000352E310093
:103FE000352E3200352E3300352E3400362E30007B
:103FF0005374616E6461726420426C7565746F6F96
:10400000746820636F6E74726F6C6C6572005665B5
:104010006E646F7220737065636966696320636F95
:104020006E74726F6C6C6572004669726D77617246
:1040300065206C6F616465720052657363756520FD
:10404000696D616765007265736572766564006E9F
:104050005246353178006E5246353278006E5246FF
:10406000353378006E524635344878006E52463506
:10407000344C7800496E74656C20436F72706F72B7
:104080006174696F6E004E6F726469632053656D71
:1040900069636F6E647563746F72004E585020537D
:1040A000656D69636F6E647563746F7273006274BB
:1040B0005F6863695F636F726500574553545F546F
:1040C0004F504449522F7A65706879722F73756228
:1040D0007379732F626C7565746F6F74682F686F76
:1040E00073742F6863695F636F6D6D6F6E2E63000D
:1040F000636D6420646973616C6C6F776564004FF5
:104100006E6C792072616E646F6D20737461746976
:1041100063206964656E7469747920616464726592
:10412000737320737570706F7274656400496E7676
:10413000616C696420696E70757420706172616D64
:104140006574657273004661696C656420746F20E4
:1041500072656164207075626C6963206164647269
:1041600065737300526561642053746174696320E0
:1041700041646472657373657320636F6D6D616E06
:1041800064206E6F7420617661696C61626C650099
:104190004661696C656420746F2072656164207388
:1041A000746174696320616464726573736573001C
:1041B0004E6F207374617469632061646472657307
:1041C0007365732073746F72656420696E20636F0A
:1041D0006E74726F6C6C657200556E61626C6520F6
:1041E000746F20736574206964656E7469747920D6
:1041F0006164647265737300556E61626C652074EE
:104200006F207365742072616E646F6D20616464E9
:10421000726573730062745F6964005072657061E7
:1042200072652043544520636F6E6E2049512072A1
:1042300065706F7274206661696C65642025640026
:10424000556E68616E646C656420565320636F6EB2
:104250006E656374696F6E6C65737320495120726B
:1042600065706F727400436F756C64206E6F74209C
:1042700073746F7020746865206578706C69636909
:1042800074207363616E6E65722028256429005561
:104290006E657870656374656420656E64206F6612
:1042A0002062756666657200416476207265706F83
:1042B000727420636F727275707465642028776100
:1042C0006E7473202575206F7574206F66202575B8
:1042D0002900526563656976656420616E20696EA8
:1042E000636F6D706C657465206164766572746966
:1042F00073696E67207265706F7274207768696C7D
:1043000065207265617373656D626C696E672061AB
:1043100064766572746973696E67207265706F7216
:1043200074732066726F6D206120646966666572C1
:10433000656E7420616476657274697365722E208F
:10434000546865206164766572746973696E67206C
:104350007265706F7274206973206469736361722F
:1043600064656420616E642066757475726520737F
:1043700063616E20726573756C7473206D61792052
:10438000626520696E636F6D706C6574652E20497F
:104390006E7465726C656176696E67206F66206603
:1043A0007261676D656E74656420616476657274B0
:1043B0006973696E67207265706F727473206672BC
:1043C0006F6D20646966666572656E7420616476DF
:1043D0006572746973657273206973206E6F7420DF
:1043E00079657420737570706F727465642E0057F0
:1043F0004553545F544F504449522F7A6570687941
:10440000722F7375627379732F626C7565746F6F39
:1044100074682F686F73742F7363616E2E630072FC
:1044200065617373656D626C696E675F6164766503
:104430007274697365722E7374617465203D3D20DA
:10444000465241475F4144565F494E4143544956A5
:10445000450069735F7265706F72745F636F6D7032
:104460006C65746500556E6B6E6F776E2068616E5B
:10447000646C652030782530345820666F72207067
:104480006572696F646963206164766572746973CB
:10449000696E67207265706F72740052656365693A
:1044A00076656420504120616476207265706F7279
:1044B00074207768656E207265636569766520642F
:1044C000697361626C656400436F756C64206E6F24
:1044D0007420757064617465207363616E20282593
:1044E000642900556E657870656374656420706535
:1044F00072206164762073796E632063616E6365F8
:104500006C6C6564206576656E7400556E657870B8
:1045100065637465642070657220616476207379C8
:104520006E632065737461626C697368656420658D
:1045300076656E7400556E6B6E6F776E2068616E77
:10454000646C6520307825303458666F7220706551
:1045500072696F646963206164762073796E632089
:104560006C6F737400696E646578203E3D20302066
:10457000262620282873697A655F74292028282830
:10458000696E74292073697A656F66286368617241
:104590005B31202D2032202A202128215F5F627587
:1045A000696C74696E5F74797065735F636F6D7049
:1045B000617469626C655F70285F5F747970656FA4
:1045C000665F5F287065725F6164765F73796E63A2
:1045D0005F706F6F6C292C205F5F747970656F66F8
:1045E0005F5F2826287065725F6164765F73796EFD
:1045F000635F706F6F6C295B305D2929295D29200D
:104600002D203129202B202873697A656F66287048
:1046100065725F6164765F73796E635F706F6F6CF4
:1046200029202F2073697A656F6628287065725F6C
:104630006164765F73796E635F706F6F6C295B3056
:104640005D29292929203E20696E64657800094981
:104650006E76616C6964207065725F6164765F7309
:10466000796E6320706F696E7465720A00457272AC
:104670006F72207768696C65207570646174696E0B
:104680006720746865207363616E6E6572202825EB
:104690006429004661696C656420746F20616464FC
:1046A0002064657669636520746F20706572696F38
:1046B0006469632061647665727469736572206CE5
:1046C000697374004661696C656420746F2072655B
:1046D0006D6F7665206465766963652066726F6DBF
:1046E00020706572696F64696320616476657274B5
:1046F00069736572206C697374000305020005011B
:10470000050505050404030502000A62745F73636E
:10471000616E00556E6B6E6F776E2068616E646CB3
:10472000652030782530345820666F7220697120FA
:1047300073616D706C6573207265706F7274005276
:104740006563656976656420504120435445207255
:1047500065706F7274207768656E204354452072CF
:104760006563656976652064697361626C65640080
:104770004661696C656420746F20726561642061B4
:104780006E74656E6E6120696E666F726D617469BC
:104790006F6E0062745F646600574553545F544FF8
:1047A000504449522F7A65706879722F6472697625
:1047B0006572732F636C6F636B5F636F6E74726F80
:1047C0006C2F636C6F636B5F636F6E74726F6C5F83
:1047D0006E72662E630074797065203C20434C4FE6
:1047E000434B5F434F4E54524F4C5F4E52465F54C3
:1047F0005950455F434F554E5400636C6F636B4097
:104800003430303030303030006866636C6B006CB0
:1048100066636C6B00636C6F636B5F636F6E747267
:104820006F6C00574553545F544F504449522F7A90
:1048300065706879722F647269766572732F656E20
:1048400074726F70792F656E74726F70795F6E72AB
:1048500066352E630026656E74726F70795F6E72B6
:1048600066355F64617461203D3D206465762D3E50
:10487000646174610072616E646F6D403430303019
:104880006430303000656E74726F70795F62745F8F
:1048900068636900696E76616C6964206164647242
:1048A0006573733A2030782530386C783A257A75FC
:1048B00000756E616C69676E656420616464726521
:1048C00073733A2030782530386C783A257A750041
:1048D0006E6F7420776F72642D616C69676E6564AA
:1048E0003A2030782530386C783A257A7500666C35
:1048F0006173682D636F6E74726F6C6C6572403497
:104900003030316530303000666C6173685F6E72D4
:104910006600574553545F544F504449522F7A65AF
:10492000706879722F696E636C7564652F7A657033
:104930006879722F647269766572732F6770696F18
:104940002F6770696F5F7574696C732E680063619F
:104950006C6C6261636B00094E6F2063616C6C620A
:1049600061636B210A0063616C6C6261636B2D3E55
:1049700068616E646C657200094E6F2063616C6CD7
:104980006261636B2068616E646C6572210A005716
:104990004553545F544F504449522F6D6F64756CAA
:1049A00065732F68616C2F6E6F726469632F6E720E
:1049B00066782F68616C2F6E72665F6770696F2E04
:1049C00068006E72665F6770696F5F70696E5F70B6
:1049D000726573656E745F636865636B282A705FC8
:1049E00070696E2900574553545F544F50444952E3
:1049F0002F7A65706879722F647269766572732F89
:104A00006770696F2F6770696F5F6E7266782E636B
:104A100000657272203D3D204E5246585F5355430B
:104A200043455353006770696F4035303030303341
:104A30003030006770696F403530303030303030A2
:104A400000693263006932634034303030333030D3
:104A500030006932635F6E7266785F747769004612
:104A600061696C656420746F20696E697469616C3A
:104A7000697A65206465766963653A2025730075F7
:104A80006E737570706F72746564207370656564A1
:104A90000031302D626974204932432041646472D0
:104AA0002064657669636573206E6F74207375701A
:104AB000706F727465640000010203040506074606
:104AC00061696C656420746F20616C6C6F636174E4
:104AD0006520505049204368616E6E656C007561B9
:104AE000727440343030303230303000756172745E
:104AF0005F6E7266785F756172746500776174636A
:104B000068646F6740343030313030303000776463
:104B1000745F6E72667800574553545F544F50442B
:104B200049522F6D6F64756C65732F68616C2F6EC1
:104B30006F726469632F6E7266782F64726976652E
:104B400072732F7372632F6E7266785F636C6F631C
:104B50006B2E6300574553545F544F504449522FB6
:104B60006D6F64756C65732F68616C2F6E6F726406
:104B700069632F6E7266782F68616C2F6E72665F44
:104B8000636C6F636B2E68006D5F636C6F636B5F4C
:104B900063622E6D6F64756C655F696E69746961BF
:104BA0006C697A656400574553545F544F504449CB
:104BB000522F6D6F64756C65732F68616C2F6E6F0B
:104BC000726469632F6E7266782F68616C2F6E72E3
:104BD000665F6770696F74652E6800696E646578DA
:104BE000203C203800574553545F544F504449529D
:104BF0002F6D6F64756C65732F68616C2F6E6F72AB
:104C00006469632F6E7266782F6472697665727359
:104C10002F7372632F6E7266785F6770696F746549
:104C20002E63006E7266795F6770696F5F70696E80
:104C30005F70726573656E745F636865636B28701F
:104C4000696E290070696E5F69735F696E70757453
:104C500028705F696E7374616E63652C2070696E75
:104C6000290070696E5F6861735F74726967676558
:104C70007228705F696E7374616E63652C20706951
:104C80006E2900705F6368616E6E656C00696E749A
:104C90005F656E61626C650000202A2A2A2A2A2A32
:104CA0002A2A2A2A2A2A2A2A0001574553545F54BD
:104CB0004F504449522F6D6F64756C65732F686156
:104CC0006C2F6E6F726469632F6E7266782F6472D8
:104CD00069766572732F7372632F6E7266785F6E7A
:104CE000766D632E630062797465735F636F756EB2
:104CF00074203C3D202834202D20627974655F7338
:104D000068696674290069735F76616C69645F61C4
:104D100064647265737328616464722C20302900A6
:104D200069735F76616C69645F61646472657373F3
:104D300028616464722C203129006E7266785F6984
:104D4000735F776F72645F616C69676E6564282852
:104D5000766F696420636F6E7374202A29616464BE
:104D6000722900574553545F544F504449522F6D98
:104D70006F64756C65732F68616C2F6E6F726469F8
:104D8000632F6E7266782F647269766572732F7303
:104D900072632F6E7266785F7477692E6300705F3E
:104DA000636F6E66696700705F636F6E6669672D1B
:104DB0003E73636C20213D20705F636F6E66696790
:104DC0002D3E73646100705F63622D3E7374617485
:104DD00065203D3D204E5246585F4452565F535425
:104DE0004154455F494E495449414C495A45440054
:104DF000705F63622D3E737461746520213D204EA7
:104E00005246585F4452565F53544154455F554E85
:104E1000494E495449414C495A454400705F6362C8
:104E20002D3E7374617465203D3D204E5246585F9F
:104E30004452565F53544154455F504F5745524575
:104E4000445F4F4E00705F786665725F64657363A0
:104E50002D3E705F7072696D6172795F6275662058
:104E6000213D202828766F6964202A293029207C5A
:104E70007C20705F786665725F646573632D3E7039
:104E800072696D6172795F6C656E677468203D3D13
:104E9000203000705F786665725F646573632D3ED5
:104EA000705F7365636F6E646172795F62756620AF
:104EB000213D202828766F6964202A293029207C0A
:104EC0007C20705F786665725F646573632D3E73E6
:104ED00065636F6E646172795F6C656E677468207C
:104EE0003D3D203000212828705F63622D3E6861BF
:104EF0006E646C6572203D3D202828766F696420C1
:104F00002A293029292026262028705F7866657294
:104F10005F646573632D3E74797065203D3D204E5E
:104F20005246585F5457495F584645525F5458524D
:104F300058292900212828705F63622D3E68616E20
:104F4000646C6572203D3D202828766F6964202AB4
:104F5000293029292026262028705F786665725F0F
:104F6000646573632D3E74797065203D3D204E521B
:104F700046585F5457495F584645525F54585458F5
:104F8000292900705F63622D3E68616E646C6572F2
:104F900000574553545F544F504449522F6D6F642E
:104FA000756C65732F68616C2F6E6F726469632F07
:104FB0006E7266782F647269766572732F7372638E
:104FC0002F6E7266785F7764742E63007469636B0A
:104FD00073203C3D202830786666666666666666A5
:104FE000554C2900705F63622D3E616C6C6F635F8E
:104FF000696E64657820213D203000705F636861D0
:105000006E6E656C5F6964006D5F63625B705F69A3
:105010006E7374616E63652D3E6472765F696E7344
:10502000745F6964785D2E7374617465203D3D2002
:105030004E5246585F4452565F53544154455F5058
:105040004F57455245445F4F4E005465726D696E2F
:10505000616C00000000000000545452205245478B
:1050600047455300574553545F544F504449522FBE
:105070007A65706879722F6B65726E656C2F6465E6
:10508000766963652E6300646576203C3D205F642D
:1050900065766963655F6C6973745F656E6400480B
:1050A000616C74696E672073797374656D00556EF9
:1050B0006B6E6F776E206572726F72003E3E3E209F
:1050C0005A455048595220464154414C204552526D
:1050D0004F522025643A202573206F6E204350558F
:1050E000202564004661756C7420647572696E6772
:1050F00020696E746572727570742068616E646C7C
:10510000696E670A0043757272656E742074687206
:105110006561643A2025702028257329005745537E
:10512000545F544F504449522F7A65706879722FFA
:105130006B65726E656C2F666174616C2E630072B4
:105140006561736F6E20213D204B5F4552525F4B6E
:1051500045524E454C5F50414E49430009417474DD
:10516000656D7074656420746F207265636F766519
:10517000722066726F6D2061206B65726E656C20A7
:1051800070616E696320636F6E646974696F6E0A23
:105190000043505520657863657074696F6E0055E3
:1051A0006E68616E646C656420696E746572727598
:1051B000707400537461636B206F766572666C6FF8
:1051C00077004B65726E656C206F6F7073004B6576
:1051D000726E656C2070616E696300574553545F51
:1051E000544F504449522F7A65706879722F6B651D
:1051F000726E656C2F696E69742E630074687265D7
:1052000061645F64617461203C3D205F5F73746121
:105210007469635F7468726561645F646174615F1F
:105220006C6973745F656E640069646C65006D61C0
:10523000696E006F7300574553545F544F50444993
:10524000522F7A65706879722F6B65726E656C2F5C
:105250006B686561702E630068656170203C3D205D
:105260005F6B5F686561705F6C6973745F656E64C6
:105270000021617263685F69735F696E5F69737251
:105280002829207C7C20282874696D656F75742915
:105290002E7469636B73203D3D202828286B5F7452
:1052A000696D656F75745F7429207B307D29292EA7
:1052B0007469636B732900574553545F544F5044CE
:1052C00049522F7A65706879722F6B65726E656CC2
:1052D0002F69646C652E63005F6B65726E656C2E62
:1052E000637075735B305D2E63757272656E742DBD
:1052F0003E626173652E7072696F203E3D20300002
:10530000574553545F544F504449522F7A65706843
:1053100079722F6B65726E656C2F6D757465782E62
:10532000630021617263685F69735F696E5F6973AF
:1053300072282900096D7574657865732063616E44
:105340006E6F74206265207573656420696E736981
:10535000646520495352730A006D757465782D3E5B
:105360006C6F636B5F636F756E74203E2030550009
:10537000574553545F544F504449522F7A657068D3
:1053800079722F6B65726E656C2F73656D2E63007D
:105390002828617263685F69735F696E5F69737201
:1053A0002829203D3D203029207C7C202828746934
:1053B0006D656F7574292E7469636B73203D3D2094
:1053C0002828286B5F74696D656F75745F74292078
:1053D0007B307D29292E7469636B732929007379C9
:1053E00073776F726B7100574553545F544F50443D
:1053F00049522F7A65706879722F6B65726E656C91
:105400002F776F726B2E6300776F726B2D3E717505
:1054100065756520213D202828766F6964202A293A
:10542000302900776F726B2D3E68616E646C657217
:1054300020213D202828766F6964202A2930290000
:10544000717565756500737461636B0021666C61CD
:10545000675F74657374282671756575652D3E6682
:105460006C6167732C204B5F574F524B5F51554512
:1054700055455F535441525445445F4249542900B5
:1054800064776F726B20213D202828766F69642035
:105490002A29302900574553545F544F50444952EC
:1054A0002F7A65706879722F6B65726E656C2F74D8
:1054B00068726561642E6300282828287072696FFD
:1054C0002929203D3D203135202626207A5F697329
:1054D0005F69646C655F7468726561645F656E7452
:1054E00072792828656E747279292929207C7C209C
:1054F0002828283135202D203129203E3D202828FC
:105500002D31362929292026262028287072696FF6
:105510002929203E3D2028282D31362929202626DC
:105520002028287072696F2929203C3D20283135B8
:10553000202D20312929290009696E76616C696462
:10554000207072696F7269747920282564293B2064
:10555000616C6C6F7765642072616E67653A2025B7
:105560006420746F2025640A0009546872656164C0
:1055700073206D6179206E6F74206265206372659F
:105580006174656420696E20495352730A0057455F
:1055900053545F544F504449522F7A657068797262
:1055A0002F6B65726E656C2F696E636C7564652F09
:1055B0006B7468726561642E68005F6B65726E65FE
:1055C0006C2E637075735B305D2E63757272656EE1
:1055D0007420213D202828766F6964202A293029EB
:1055E00000574553545F544F504449522F7A6570C9
:1055F0006879722F6B65726E656C2F736368656472
:105600002E6300217A5F69735F69646C655F7468FB
:10561000726561645F6F626A65637428746872653D
:10562000616429007468726561642D3E626173650E
:105630002E70656E6465645F6F6E00217465726DB7
:10564000696E617465000961626F72746564205FE0
:1056500063757272656E74206261636B2066726F2F
:105660006D20646561640A0073697A656F66285FFE
:1056700073636865645F7370696E6C6F636B292018
:105680003D3D2030207C7C206C6F636B20213D20D1
:10569000265F73636865645F7370696E6C6F636BBC
:1056A00000574553545F544F504449522F7A657008
:1056B0006879722F6B65726E656C2F696E636C759D
:1056C00064652F6B73636865642E68005F6B657239
:1056D0006E656C2E637075735B305D2E63757272D0
:1056E000656E742D3E626173652E73636865645FD9
:1056F0006C6F636B656420213D203155005F6B65E5
:10570000726E656C2E637075735B305D2E6375729F
:1057100072656E742D3E626173652E736368656495
:105720005F6C6F636B656420213D20305500217AEA
:105730005F69735F7468726561645F7374617465D7
:105740005F736574285F6B65726E656C2E63707530
:10575000735B305D2E63757272656E742C20282821
:1057600031554C203C3C2028342929292900096145
:10577000626F7274696E6720657373656E746961B8
:105780006C207468726561642025700A0057455367
:10579000545F544F504449522F7A65706879722F84
:1057A0006B65726E656C2F74696D65736C69636986
:1057B0006E672E6300282874696D656F75742920E3
:1057C000262620282875696E747074725F742920EB
:1057D00028736C6963655F74696D656F757473298F
:1057E00029203C3D20282875696E747074725F749E
:1057F00029202874696D656F757429292026262053
:10580000282875696E747074725F74292028746911
:105810006D656F75742929203C20282875696E7480
:105820007074725F742920282628736C6963655F21
:1058300074696D656F757473295B282873697A655F
:105840005F742920282828696E74292073697A6575
:105850006F6628636861725B31202D2032202A2018
:105860002128215F5F6275696C74696E5F7479705D
:1058700065735F636F6D70617469626C655F7028DA
:105880005F5F747970656F665F5F28736C696365CD
:105890005F74696D656F757473292C205F5F74790F
:1058A00070656F665F5F282628736C6963655F7437
:1058B000696D656F757473295B305D2929295D29D0
:1058C000202D203129202B202873697A656F6628C6
:1058D000736C6963655F74696D656F757473292096
:1058E0002F2073697A656F662828736C6963655F1A
:1058F00074696D656F757473295B305D2929292979
:105900005D29292026262028282875696E74707440
:10591000725F7429202874696D656F757429292058
:105920002D20282875696E747074725F7429202880
:10593000736C6963655F74696D656F75747329292C
:105940002920252073697A656F662828736C69633E
:10595000655F74696D656F757473295B305D2920AF
:105960003D3D20302900574553545F544F50444922
:10597000522F7A65706879722F6B65726E656C2F25
:1059800074696D656F75742E6300217379735F643C
:105990006E6F64655F69735F6C696E6B6564282602
:1059A000746F2D3E6E6F64652900574553545F54E4
:1059B0004F504449522F7A65706879722F6B657227
:1059C0006E656C2F706F6C6C2E63006576656E74FF
:1059D0002D3E73656D20213D202828766F69642057
:1059E0002A2930290009696E76616C696420736523
:1059F0006D6170686F72650A0A006576656E742D58
:105A00003E717565756520213D202828766F696493
:105A1000202A2930290009696E76616C6964207139
:105A2000756575650A0A006576656E742D3E736945
:105A3000676E616C20213D202828766F6964202ADA
:105A40002930290009696E76616C696420706F6C79
:105A50006C207369676E616C0A0A006576656E7406
:105A60002D3E6D73677120213D202828766F696473
:105A7000202A2930290009696E76616C6964206DDD
:105A80006573736167652071756575650A0A00093C
:105A9000696E76616C6964206576656E74207479D0
:105AA00070650A0A00574553545F544F5044495299
:105AB0002F7A65706879722F6B65726E656C2F6DC9
:105AC000656D706F6F6C2E6300616C69676E203D51
:105AD0003D2030207C7C20282875696E747074729B
:105AE0005F74296D656D20262028616C69676E20C2
:105AF0002D20312929203D3D203000096D69736139
:105B00006C69676E6564206D656D6F727920617474
:105B10002025702028616C69676E203D20257A75EC
:105B2000290A0000202020202020202020282828AA
:105B30002828202020202020202020202020202055
:105B4000202020208810101010101010101010109D
:105B500010101010040404040404040404041010BD
:105B6000101010101041414141414101010101015A
:105B70000101010101010101010101010101011006
:105B8000101010101042424242424202020202022F
:105B900002020202020202020202020202020210D7
:105BA00010101020000000000000000000000000A5
:105BB00000000000000000000000000000000000E5
:105BC00000000000000000000000000000000000D5
:105BD00000000000000000000000000000000000C5
:105BE00000000000000000000000000000000000B5
:105BF00000000000000000000000000000000000A5
:105C00000000000000000000000000000000000094
:105C10000000000000000000000000000000000084
:105C200000000000494E46004E414E006E616E007D
:105C300030313233343536373839414243444546C2
:105C40000030313233343536373839616263646558
:105C50006600496E66696E697479004E614E005245
:105C600045454E54206D616C6C6F632073756363A2
:105C70006565646564002F5F5F772F5F74656D7085
:105C80002F776F726B73706163652F6275696C64D7
:105C90002F2E6275696C642F61726D2D7A65706844
:105CA00079722D656162692F7372632F6E65776CEF
:105CB00069622D6E616E6F2F6E65776C69622F6CF5
:105CC0006962632F7374646C69622F64746F612EF0
:105CD000630042616C6C6F63207375636365656418
:105CE0006564002F5F5F772F5F74656D702F776F2E
:105CF000726B73706163652F6275696C642F2E62BD
:105D000075696C642F61726D2D7A65706879722D7A
:105D1000656162692F7372632F6E65776C69622D9E
:105D20006E616E6F2F6E65776C69622F6C6962634E
:105D30002F7374646C69622F6D707265632E6300DB
:105D4000232D302B2000686C4C0065666745464764
:105D5000002C2066756E6374696F6E3A2000617363
:105D600073657274696F6E202225732220666169E3
:105D70006C65643A2066696C6520222573222C20AC
:105D80006C696E65202564257325730A00504F5396
:045D9000495800006E
:105D9C0000000000D93B00000000000000010000E2
:105DAC0000000000000000000000000000000000E7
:105DBC0000000000000000000000000000000000D7
:105DCC0000000000000000000000000000000000C7
:105DDC0000000000000000000000000000000000B7
:105DEC0000000000000000000000000000000000A7
:105DFC000000000000000000000000000000000097
:105E0C000000000000000000000000000000000086
:105E1C000000000000000000000000000000000076
:105E2C000000000000000000000000000000000066
:105E3C000000000000000000000000000D980000B1
:105E4C000000000000000000000000000000000046
:105E5C000000000000000000000000000000000036
:105E6C000000000000000000000000000000000026
:105E7C000000000000000000000000000000000016
:105E8C000000000000000000000000000000000006
:105E9C0000000000000000000000000000000000F6
:105EAC000000000000000000BC0302000000000025
:105EBC0000000000000000000000000000000000D6
:105ECC0000000000000000000000000000000000C6
:105EDC001F00000000000000FFFFFFFFFF1F00007D
:105EEC00453F00000000000000000000CD41000014
:105EFC005140000031DD01000000000000000000F6
:105F0C00E93C000000000000DBE1010025E6010097
:105F1C00840802000000000079E901007DE901001D
:105F2C000000000091EA01000000000000000000E9
:105F3C00000000007D8A000000000000000000004E
:105F4C003F5B00200000E5003F5B002000000000EC
:105F5C006C29002000000000ADD4000000000000FF
:105F6C00742900200000000061C700000000000040
:105F7C007C2900200000000021220100000000000C
:105F8C0084290020000000002122010000000000F4
:105F9C008C29002000000000F1C40000000000006B
:105FAC0058400020000000002122010000000000E9
:105FBC0060400020000000001DFA000000000000FE
:105FCC006840002000000000CD2E01000000000001
:105FDC0080400020000000000000000000000000D5
:105FEC008840002000000000D538010000000000AF
:105FFC00A040002000000000000000000000000095
:10600C00E8400020000000007907010000000000BB
:10601C00F0400020000000005909010000000000C1
:10602C00F84000200000000000000000000000000C
:10603C001855002000000000551F01000000000052
:10604C005455002000000000212201000000000037
:10605C009856002000000000B9B8000000000000B5
:10606C009056002000000000B9B8000000000000AD
:10607C008856002000000000E9B500000000000078
:10608C008056002000000000B9B80000000000009D
:10609C007856002000000000E9B500000000000068
:1060AC007056002000000000B9B800000A0B290C43
:1060BC0007FFFFFFFF000000800000000000000051
:1060CC005DEE01000000000000000000FC07002055
:1060DC00FC07002001000000010000000C0800205B
:1060EC000C080020140800201408002000000000F8
:1060FC0001000000240800202408002000000000FB
:10610C00000100000000000083F10100000000000D
:10611C0050080020000000000000000000000000FB
:10612C000000000000000000385C0020200000008F
:10613C000000000000000000000000000000000053
:10614C000000000000000000000000000000000043
:10615C000000000000000000000000000000000033
:10616C000000000000000000000000000000000023
:10617C000000000000000000000000000000000013
:10618C000000000000000000000000000000000003
:10619C0000000000000000000000000008000000EB
:1061AC00FF000000000000000300000000000000E1
:1061BC003FC00F00E4080020E4080020F008002095
:1061CC0000000000301D0200101D0200F01C020037
:1061DC0000000000000000000000000000000000B3
:1061EC0000000000000000000000000000000000A3
:1061FC000000000000000000000000000000000093
:10620C000000000000000000000000000000000082
:10621C000000000000000000000000000000000072
:10622C00430000000000000000000000000000001F
:10623C000000000000000000000000000000000052
:10624C0043000000000000000000000000000000FF
:10625C000000000000000000000000000000000032
:10626C0043000000000000000000000000000000DF
:10627C000000000000000000000000000000000012
:10628C0043000000000000000000000000000000BF
:10629C0000000000000000000000000000000000F2
:1062AC00430000000000000000000000000000009F
:1062BC0000000000000000000000000000000000D2
:1062CC00430000000000000000000000000000007F
:1062DC0000000000000000000000000000000000B2
:1062EC00430000000000000000000000000000005F
:1062FC000000000000000000000000000000000092
:10630C00FFFF01000BFF010000000000235B0200F7
:10631C008D2402004139020041390200413902004A
:10632C004139020041390200413902004139020071
:10633C004139020041390200FFFFFFFFFFFFFFFF61
:10634C00FFFFFFFFFFFF00000100415343494900DD
:10635C000000000000000000000000000000000031
:10636C0000000000000000000000415343494900B8
:10637C000000000000000000000000000000000011
:10638C000000000000000000000000000000000001
:10639C0000000000000000000000000000000000F1
:1063AC0000000000000000000000000000000000E1
:1063BC0000000000000000000000000000000000D1
:1063CC0000000000000000000000000000000000C1
:1063DC0000000000000000000000000000000000B1
:1063EC0000000000000000000000000000960020EB
:1063FC0058980000000000000000000000000000A1
:10640C00300B0020300B00200000000000000000CA
:10641C000E000000440B0020440B00200000000084
:10642C00000000000E000000580B0020580B00204C
:10643C0000000000000000000E0000006C0B0020AB
:10644C006C0B002000000000000000000E0000009B
:10645C00800B0020800B00200000000001000000D9
:10646C00900B0020900B00200000000000000000AA
:10647C0000000000A40B0020A40B0020AC0B00209B
:10648C00AC0B002000000000030003000100000022
:10649C0000000000000902003C3C0120000000004C
:1064AC000000000000000000D80B0020D80B0020DA
:1064BC00E00B0020E00B00200000000002000200B6
:1064CC000100000000000000C0090200B83F0120DC
:1064DC000000000000000000000000000C0C002078
:1064EC000C0C0020140C0020140C002000000000E8
:1064FC000A000A000600000000000000F00802007C
:10650C00443A0120000000000000000000000000E0
:10651C00400C0020400C0020480C0020480C0020AF
:10652C00000000000100010001000000000000005C
:0C653C0010090200943D012015E015E05C
:00000001FF
